Row,Col,Genotype,Rep,Year,TY,SF,MWF,FFR
1,43,CQ,Sept,2013,220.2,156.7,2.2,28.84
1,45,MQ,Sept,2013,318.6,273.4,2,14.19
1,46,CNJ02.1.1,Sept,2013,395.7,361.2,2.3,8.54
1,47,CNJ02.1.2,Sept,2013,269.3,246.1,2.3,8.35
1,48,CNJ02.1.3,Sept,2013,449.6,345.6,2.1,23.04
1,49,CNJ02.1.4,Sept,2013,292,226.3,2.2,22.5
1,50,CNJ02.1.5,Sept,2013,333.9,314.6,2.3,5.51
1,51,CNJ02.1.6,Sept,2013,289.6,258.1,2.2,10.88
1,52,CNJ02.1.7,Sept,2013,262.2,233.9,2.2,10.72
1,53,CNJ02.1.8,Sept,2013,547.9,503.6,2.3,8.07
1,54,CNJ02.1.9,Sept,2013,445.3,418,2,5.91
2,1,CNJ02.1.10,Sept,2013,237.8,173.2,1.4,26.37
2,2,CNJ02.1.11,Sept,2013,159.3,103.2,1.6,34.9
2,3,CNJ02.1.12,Sept,2013,259.4,247.8,1.2,4.09
2,4,CNJ02.1.13,Sept,2013,88.6,36.5,1.3,58.01
2,5,CNJ02.1.14,Sept,2013,106.6,59,1.3,44
2,6,CNJ02.1.15,Sept,2013,264.9,223.8,1.4,15.44
2,7,CNJ02.1.16,Sept,2013,317.5,204.3,1.2,35.24
2,8,CNJ02.1.17,Sept,2013,236.5,221.1,2.2,5.58
2,9,CNJ02.1.18,Sept,2013,353,330.1,1.8,6.09
2,10,CNJ02.1.19,Sept,2013,232.4,190.5,1.3,17.99
2,11,CNJ02.1.20,Sept,2013,433.5,408.5,1.7,5.42
2,12,CNJ02.1.21,Sept,2013,308.2,214.5,1.6,29.75
2,13,CNJ02.1.22,Sept,2013,155.3,125.9,1.5,17.45
2,14,CNJ02.1.23,Sept,2013,299.9,217.4,2.2,27.01
2,15,CNJ02.1.24,Sept,2013,381.3,364,2.1,4.33
2,16,CNJ02.1.25,Sept,2013,163.9,144.7,2.2,11.29
2,17,CNJ02.1.26,Sept,2013,330.6,316.9,1.8,3.93
2,18,CNJ02.1.27,Sept,2013,340,290.5,2.3,13.79
2,19,CNJ02.1.28,Sept,2013,274,203.8,1.8,25
2,20,CNJ02.1.29,Sept,2013,336.3,297,1.7,11.48
2,21,CNJ02.1.30,Sept,2013,268.7,230.1,1.8,14.29
2,22,CNJ02.1.31,Sept,2013,285.8,223.5,2,21.59
2,23,CNJ02.1.32,Sept,2013,361.4,337,2,6.47
2,24,CNJ02.1.33,Sept,2013,447.2,423.3,1.9,5.05
2,25,CNJ02.1.34,Sept,2013,146.4,141.2,2,3.14
2,26,CNJ02.1.35,Sept,2013,59.34,19.64,2.1,66.23
2,27,CNJ02.1.36,Sept,2013,272,229.5,2,15.22
2,28,CNJ02.1.37,Sept,2013,247.3,217.7,2.6,10.84
2,29,CNJ02.1.38,Sept,2013,175.6,156.6,2.5,10.08
2,30,CNJ02.1.39,Sept,2013,155,71.6,2,53.55
2,31,CNJ02.1.40,Sept,2013,104.3,99.6,1.8,4.31
2,32,CNJ02.1.41,Sept,2013,271.3,246.9,2.1,8.96
2,33,CNJ02.1.42,Sept,2013,477.3,430.2,2,9.3
2,34,CNJ02.1.43,Sept,2013,418.5,336.4,2,19.52
2,35,CNJ02.1.44,Sept,2013,249.4,179.1,1.9,28.03
2,36,CNJ02.1.45,Sept,2013,602.5,449.6,2.1,16.13
2,37,CNJ02.1.46,Sept,2013,473.5,413.6,2,12.5
2,38,CNJ02.1.47,Sept,2013,319.5,291.4,1.6,8.48
2,39,CNJ02.1.48,Sept,2013,614.6,551.3,2.2,9.78
2,40,CNJ02.1.49,Sept,2013,319.7,211.9,1.7,32.97
2,41,CNJ02.1.50,Sept,2013,272.5,178.6,1.9,33.72
2,42,CNJ02.1.51,Sept,2013,650.9,590.8,2.1,8.96
2,43,CNJ02.1.52,Sept,2013,273.5,245.2,1.9,10.24
2,44,CNJ02.1.53,Sept,2013,447.6,421.1,2,5.41
2,45,CNJ02.1.54,Sept,2013,442.8,370.9,2,15.99
2,46,CNJ02.1.55,Sept,2013,220.2,183.3,2.3,15.17
2,47,CNJ02.1.56,Sept,2013,359.1,320.7,2.2,10.61
2,48,CNJ02.1.57,Sept,2013,455.3,375.4,2.6,17.33
2,49,CNJ02.1.58,Sept,2013,439.5,342.4,2.6,21.87
2,50,CNJ02.1.59,Sept,2013,442.1,378.9,1.8,14.25
2,51,CNJ02.1.60,Sept,2013,248.6,188.8,2.5,23.73
2,52,CNJ02.1.61,Sept,2013,354.6,252.7,2.2,28.26
2,53,CNJ02.1.62,Sept,2013,441.8,398.1,2,9.57
2,54,CNJ02.1.63,Sept,2013,181.4,144.6,2,20.07
3,1,CNJ02.1.64,Sept,2013,135.9,99.2,1.1,26.64
3,2,CNJ02.1.65,Sept,2013,199.7,103.4,1.5,47.77
3,3,CNJ02.1.66,Sept,2013,165.3,112.4,1.4,31.58
3,4,CNJ02.1.67,Sept,2013,102.7,38.4,1.1,60.56
3,5,CNJ02.1.68,Sept,2013,313.5,252,1.8,19.07
3,6,CNJ02.1.69,Sept,2013,219.3,149.1,1.7,31.42
3,7,CNJ02.1.70,Sept,2013,329.3,316.2,1.6,3.89
3,8,CNJ02.1.71,Sept,2013,166.9,154,1.5,7.07
3,9,CNJ02.1.72,Sept,2013,435.7,392.3,2,9.5
3,10,CNJ02.1.73,Sept,2013,33.2,17.9,0.7,41.27
3,11,CNJ02.1.74,Sept,2013,155.5,136.4,1.2,12.03
3,12,CNJ02.1.75,Sept,2013,239.9,194.4,2,18.97
3,13,CNJ02.1.76,Sept,2013,199.5,124.3,1.4,37.19
3,14,CNJ02.1.77,Sept,2013,202.7,148.3,2.1,26.69
3,15,CNJ02.1.78,Sept,2013,247.6,199.6,1.6,19.39
3,16,CNJ02.1.79,Sept,2013,219.3,194.7,1.9,10.76
3,17,CNJ02.1.80,Sept,2013,315.4,283.1,2.3,10.18
3,18,CNJ02.1.81,Sept,2013,307.3,269.4,2.2,12.3
3,19,CNJ02.1.82,Sept,2013,278.3,254,2.3,8.48
3,20,CNJ02.1.83,Sept,2013,214.9,191.7,1.9,10.7
3,21,CNJ02.1.84,Sept,2013,392.2,329.8,1.7,15.63
3,22,CNJ02.1.85,Sept,2013,238,208,1.9,11.89
3,23,CNJ02.1.86,Sept,2013,149.9,93.1,1.9,35.02
3,24,CNJ02.1.87,Sept,2013,505.9,462.9,1.8,8.18
3,25,CNJ02.1.88,Sept,2013,340.5,331.7,2.3,2.5
3,26,CNJ02.1.89,Sept,2013,335.8,262.5,2.2,21.83
3,27,CNJ02.1.90,Sept,2013,219.1,172.2,2.2,21.13
3,28,CNJ02.1.91,Sept,2013,63.2,35.8,2.2,42.72
3,29,CNJ02.1.92,Sept,2013,440.4,381.6,2.5,13.31
3,30,CNJ02.1.93,Sept,2013,281,230.8,1.9,17.72
3,31,CNJ02.1.94,Sept,2013,357.4,306.1,2.4,13.91
3,32,CNJ02.1.95,Sept,2013,157.8,140.3,1.8,10.46
3,33,CNJ02.1.96,Sept,2013,299.2,274.8,2.1,8.09
3,34,CNJ02.1.97,Sept,2013,401.3,358.5,2.1,10.49
3,35,CNJ02.1.98,Sept,2013,200.8,110.5,1.8,44.92
3,36,CNJ02.1.99,Sept,2013,387,325.5,1.8,15.89
3,37,CNJ02.1.100,Sept,2013,320.7,271.6,1.9,15.19
3,38,CNJ02.1.101,Sept,2013,379.2,357.6,2.2,5.7
3,39,CNJ02.1.102,Sept,2013,442.9,397.7,2,9.93
3,40,CNJ02.1.103,Sept,2013,230.9,183.7,2.2,20.4
3,41,CNJ02.1.104,Sept,2013,236,150,2.4,35.85
3,42,CNJ02.1.105,Sept,2013,206.2,167.8,1.8,18.19
3,43,CNJ02.1.106,Sept,2013,487.7,383.7,2.2,21.22
3,44,CNJ02.1.107,Sept,2013,93,33.9,2,63.44
3,45,CNJ02.1.108,Sept,2013,176.8,117.1,2.1,33.65
3,46,CNJ02.1.109,Sept,2013,219.9,198.1,2.1,9.6
3,47,CNJ02.1.110,Sept,2013,355.5,320,2,9.73
3,48,CNJ02.1.111,Sept,2013,292,190.2,2,34.73
3,49,CNJ02.1.112,Sept,2013,205.1,115,2,43.54
3,50,CNJ02.1.113,Sept,2013,313,205.1,1.9,34.38
3,51,CNJ02.1.114,Sept,2013,229.3,163.5,2.2,28.61
3,52,CNJ02.1.115,Sept,2013,361.2,336.9,2.1,6.64
3,53,CNJ02.1.116,Sept,2013,319,265.7,2.2,16.55
3,54,CNJ02.1.117,Sept,2013,338,304.1,2.3,9.88
4,2,CNJ02.1.118,Sept,2013,270.9,226.5,1.4,15.91
4,3,CNJ02.1.119,Sept,2013,,,,
4,4,CNJ02.1.120,Sept,2013,58.9,21.5,1,60.27
4,5,CNJ02.1.121,Sept,2013,245,162.2,1.5,33.27
4,6,CNJ02.1.122,Sept,2013,55.9,31.8,1.1,42.93
4,7,CNJ02.1.123,Sept,2013,,,,
4,8,CNJ02.1.124,Sept,2013,225.8,203.3,1.5,9.7
4,9,CNJ02.1.125,Sept,2013,11,4.1,,62.73
4,10,CNJ02.1.126,Sept,2013,56.4,16.8,1.2,68.97
4,11,CNJ02.1.127,Sept,2013,267.4,209.5,1.5,21.43
4,12,CNJ02.1.128,Sept,2013,465,424.5,1.8,8.69
4,13,CNJ02.1.129,Sept,2013,284.5,190,1.7,33.11
4,14,CNJ02.1.130,Sept,2013,124,61,1.9,50.65
4,15,CNJ02.1.131,Sept,2013,107.4,58.7,1.5,45.34
4,16,CNJ02.1.132,Sept,2013,187.6,105.3,1.8,43.87
4,17,CNJ02.1.133,Sept,2013,758.8,217.1,2,71.03
4,18,CNJ02.1.134,Sept,2013,428.2,373.7,2.1,12.45
4,19,CNJ02.1.135,Sept,2013,243.4,191,1.8,21.08
4,20,CNJ02.1.136,Sept,2013,443.1,404.9,1.9,8.24
4,21,CNJ02.1.137,Sept,2013,210.2,163.2,2,22.31
4,22,CNJ02.1.138,Sept,2013,311.5,157,1.6,48.22
4,23,CNJ02.1.139,Sept,2013,154.7,126.3,1.5,18.29
4,24,CNJ02.1.140,Sept,2013,260.8,152.6,2,41.37
4,25,CNJ02.1.141,Sept,2013,88,47.7,1,45.8
4,26,CNJ02.1.142,Sept,2013,343.6,306.8,2.1,10.68
4,27,CNJ02.1.143,Sept,2013,267.7,234.4,2.2,11.77
4,28,CNJ02.1.144,Sept,2013,49.3,37.3,2.5,22.72
4,29,CNJ02.1.145,Sept,2013,241.2,195.6,1.9,18.78
4,30,CNJ02.1.146,Sept,2013,111.6,56,2,49.82
4,31,CNJ02.1.147,Sept,2013,398.5,323,1.9,17.67
4,32,CNJ02.1.148,Sept,2013,394.7,262.7,2,31.26
4,33,CNJ02.1.149,Sept,2013,230.1,154.9,2.5,32.33
4,34,CNJ02.1.150,Sept,2013,257.4,129.7,1.8,48.6
4,35,CNJ02.1.151,Sept,2013,134.1,121.2,1.8,9.17
4,36,CNJ02.1.152,Sept,2013,247,213.8,2.1,12.55
4,37,CNJ02.1.153,Sept,2013,206,135.7,1.7,33.5
4,38,CNJ02.1.154,Sept,2013,282.9,225.8,1.8,20.04
4,39,CNJ02.1.155,Sept,2013,439.3,372.4,1.7,15.16
4,40,CNJ02.1.156,Sept,2013,339.9,261.8,2.4,22.42
4,41,CNJ02.1.157,Sept,2013,124.2,103.4,1.8,16.75
1,43,CQ,Oct,2013,381,239.5,2.5,36.96
1,45,MQ,Oct,2013,280.6,230.9,1.8,17.71
1,46,CNJ02.1.1,Oct,2013,399.8,323.9,2.4,18.61
1,47,CNJ02.1.2,Oct,2013,187.7,129.6,2.2,30.9
1,48,CNJ02.1.3,Oct,2013,357.4,261.4,2.2,26.72
1,49,CNJ02.1.4,Oct,2013,291.3,204.5,2.6,29.8
1,50,CNJ02.1.5,Oct,2013,304.1,254.2,2.1,16.41
1,51,CNJ02.1.6,Oct,2013,321.9,221.3,1.9,31.22
1,52,CNJ02.1.7,Oct,2013,422.8,374.8,2.1,11.14
1,53,CNJ02.1.8,Oct,2013,446.8,338.2,2.2,24.08
1,54,CNJ02.1.9,Oct,2013,203.7,142.5,2.1,30
2,1,CNJ02.1.10,Oct,2013,69.2,21.8,1.1,67.77
2,2,CNJ02.1.11,Oct,2013,95.1,56.8,1.6,39.96
2,3,CNJ02.1.12,Oct,2013,117.8,88.1,1.2,25.13
2,4,CNJ02.1.13,Oct,2013,86.3,47.9,1.3,44.38
2,5,CNJ02.1.14,Oct,2013,126.4,95.4,1.7,23.5
2,6,CNJ02.1.15,Oct,2013,318.1,300.8,1.8,5.44
2,7,CNJ02.1.16,Oct,2013,136.3,70.4,1.7,48.2
2,8,CNJ02.1.17,Oct,2013,207.8,161.4,2.4,22.18
2,9,CNJ02.1.18,Oct,2013,178.3,155.3,1.7,12.84
2,10,CNJ02.1.19,Oct,2013,267.9,256.1,1.3,4.33
2,11,CNJ02.1.20,Oct,2013,190.4,163.8,2,13.92
2,12,CNJ02.1.21,Oct,2013,411.8,347.8,1.9,15.25
2,13,CNJ02.1.22,Oct,2013,88.1,49.7,1.6,43.59
2,14,CNJ02.1.23,Oct,2013,227.1,149.5,2.2,34.13
2,15,CNJ02.1.24,Oct,2013,272.9,256.3,1.9,6.08
2,16,CNJ02.1.25,Oct,2013,91.4,53.5,1.8,41.25
2,17,CNJ02.1.26,Oct,2013,335.2,309.2,2,7.55
2,18,CNJ02.1.27,Oct,2013,436.9,383.6,3,11.79
2,19,CNJ02.1.28,Oct,2013,135,67.2,2.3,50.22
2,20,CNJ02.1.29,Oct,2013,297.5,287.1,2,3.33
2,21,CNJ02.1.30,Oct,2013,207.5,195.3,1.7,5.88
2,22,CNJ02.1.31,Oct,2013,189.3,135.7,3.3,28.05
2,23,CNJ02.1.32,Oct,2013,335.2,310.1,1.9,7.49
2,24,CNJ02.1.33,Oct,2013,216.8,178.4,2.3,17.44
2,25,CNJ02.1.34,Oct,2013,398,345.4,2.6,12.91
2,26,CNJ02.1.35,Oct,2013,139.9,103.8,2.1,24.45
2,27,CNJ02.1.36,Oct,2013,291.3,222.4,2,23.03
2,28,CNJ02.1.37,Oct,2013,678,556.2,0,17.58
2,29,CNJ02.1.38,Oct,2013,369.6,334.5,2.4,9.42
2,30,CNJ02.1.39,Oct,2013,187.1,79.6,2,56.97
2,31,CNJ02.1.40,Oct,2013,161.5,144.1,2.1,10.71
2,32,CNJ02.1.41,Oct,2013,232.2,193.4,1.8,15.93
2,33,CNJ02.1.42,Oct,2013,195.2,180.9,1.9,7.22
2,34,CNJ02.1.43,Oct,2013,593.2,432.6,2,26.96
2,35,CNJ02.1.44,Oct,2013,385.8,276.2,2,28.38
2,36,CNJ02.1.45,Oct,2013,271.6,219.3,2,19.22
2,37,CNJ02.1.46,Oct,2013,274.5,168.1,2.1,38.69
2,38,CNJ02.1.47,Oct,2013,345.8,292.6,1.8,14.89
2,39,CNJ02.1.48,Oct,2013,332.5,206.6,2.3,37.68
2,40,CNJ02.1.49,Oct,2013,504.1,425.7,1.8,15.41
2,41,CNJ02.1.50,Oct,2013,322.1,157.1,1.9,50.98
2,42,CNJ02.1.51,Oct,2013,429.9,316.7,2.3,26.19
2,43,CNJ02.1.52,Oct,2013,190.7,129,2.1,32.3
2,44,CNJ02.1.53,Oct,2013,444.8,390.4,2,12.12
2,45,CNJ02.1.54,Oct,2013,306.2,258.6,1.9,15.41
2,46,CNJ02.1.55,Oct,2013,249.3,201.1,2.4,19.29
2,47,CNJ02.1.56,Oct,2013,389.2,315.2,2.5,18.88
2,48,CNJ02.1.57,Oct,2013,320.7,261,2.8,18.46
2,49,CNJ02.1.58,Oct,2013,273.4,147,2.6,46.2
2,50,CNJ02.1.59,Oct,2013,345.4,271.1,1.7,21.45
2,51,CNJ02.1.60,Oct,2013,249.7,168,2.5,32.52
2,52,CNJ02.1.61,Oct,2013,420.5,342.9,2.2,18.34
2,53,CNJ02.1.62,Oct,2013,340.2,293,1.9,13.82
2,54,CNJ02.1.63,Oct,2013,383.1,150.6,2.1,60.53
3,1,CNJ02.1.64,Oct,2013,158.2,87.4,1.2,44.18
3,2,CNJ02.1.65,Oct,2013,139.6,75.5,1.5,45.27
3,3,CNJ02.1.66,Oct,2013,235,167.8,1.7,28.21
3,4,CNJ02.1.67,Oct,2013,81.7,17.9,1.2,77.6
3,5,CNJ02.1.68,Oct,2013,161.3,105.7,1.8,33.91
3,6,CNJ02.1.69,Oct,2013,184.3,76.9,1.5,58.06
3,7,CNJ02.1.70,Oct,2013,188.1,164.4,1.7,10.85
3,8,CNJ02.1.71,Oct,2013,203.1,163.1,1.5,19.35
3,9,CNJ02.1.72,Oct,2013,376.5,252.6,2.1,32.8
3,10,CNJ02.1.73,Oct,2013,68.5,40.9,1.1,39.42
3,11,CNJ02.1.74,Oct,2013,152.9,124.1,1.6,18.77
3,12,CNJ02.1.75,Oct,2013,317.2,264.1,2.3,16.58
3,13,CNJ02.1.76,Oct,2013,151.8,81.8,1.9,45.85
3,14,CNJ02.1.77,Oct,2013,214.2,113.8,2.4,46.64
3,15,CNJ02.1.78,Oct,2013,206.8,101.2,1.9,49.81
3,16,CNJ02.1.79,Oct,2013,252.3,203.6,1.7,19.14
3,17,CNJ02.1.80,Oct,2013,245.4,191.8,2.1,21.84
3,18,CNJ02.1.81,Oct,2013,327.7,226.3,2.1,30.94
3,19,CNJ02.1.82,Oct,2013,175.8,84.7,2.1,51.59
3,20,CNJ02.1.83,Oct,2013,248.4,227.8,2.4,8.21
3,21,CNJ02.1.84,Oct,2013,315.5,219.8,1.7,30.05
3,22,CNJ02.1.85,Oct,2013,390.5,240.6,1.8,37.75
3,23,CNJ02.1.86,Oct,2013,333.8,254,2.1,23.82
3,24,CNJ02.1.87,Oct,2013,355.6,322.9,2.2,8.91
3,25,CNJ02.1.88,Oct,2013,257.5,122.6,1,51.69
3,26,CNJ02.1.89,Oct,2013,327.8,191.7,1.9,41.28
3,27,CNJ02.1.90,Oct,2013,154.2,102.8,1.9,32.94
3,28,CNJ02.1.91,Oct,2013,128.9,30.1,1.8,75.95
3,29,CNJ02.1.92,Oct,2013,549,481.1,2,11.97
3,30,CNJ02.1.93,Oct,2013,227.5,119.9,1.9,46.99
3,31,CNJ02.1.94,Oct,2013,344.3,154.8,1.2,54.66
3,32,CNJ02.1.95,Oct,2013,118.7,89.6,1.9,24.43
3,33,CNJ02.1.96,Oct,2013,299,236.6,1.7,20.67
3,34,CNJ02.1.97,Oct,2013,308,238.2,1.7,22.66
3,35,CNJ02.1.98,Oct,2013,203.7,148.8,2,26.46
3,36,CNJ02.1.99,Oct,2013,460.6,317.2,2.1,31.09
3,37,CNJ02.1.100,Oct,2013,229.9,162.8,2.2,28.49
3,38,CNJ02.1.101,Oct,2013,391.6,377.2,2.3,3.52
3,39,CNJ02.1.102,Oct,2013,479.8,433.2,2,9.63
3,40,CNJ02.1.103,Oct,2013,358.7,307.5,2,14.19
3,41,CNJ02.1.104,Oct,2013,272,140.5,2,48.16
3,42,CNJ02.1.105,Oct,2013,374.8,323.5,2.1,13.63
3,43,CNJ02.1.106,Oct,2013,241.9,107.7,2,54.98
3,44,CNJ02.1.107,Oct,2013,123.2,15.2,2.2,87.18
3,45,CNJ02.1.108,Oct,2013,216.2,35.1,2.3,83.58
3,46,CNJ02.1.109,Oct,2013,205.4,158.9,2.4,22.59
3,47,CNJ02.1.110,Oct,2013,439.9,325,2.2,25.89
3,48,CNJ02.1.111,Oct,2013,301.7,177.8,1.9,40.87
3,49,CNJ02.1.112,Oct,2013,153.4,71,1.4,53.06
3,50,CNJ02.1.113,Oct,2013,305.6,111.9,2.1,63.19
3,51,CNJ02.1.114,Oct,2013,229.3,178.2,2.4,22.15
3,52,CNJ02.1.115,Oct,2013,368.6,326.8,2.1,11.29
3,53,CNJ02.1.116,Oct,2013,201.4,102.3,2,48.71
3,54,CNJ02.1.117,Oct,2013,231.8,157.8,2.2,31.88
4,2,CNJ02.1.118,Oct,2013,93.9,34.9,1.6,61.87
4,3,CNJ02.1.119,Oct,2013,,,,
4,4,CNJ02.1.120,Oct,2013,,,,
4,5,CNJ02.1.121,Oct,2013,216.2,121.6,1.5,42.18
4,6,CNJ02.1.122,Oct,2013,116.1,102.2,1.6,11.97
4,7,CNJ02.1.123,Oct,2013,,,,
4,8,CNJ02.1.124,Oct,2013,192.2,130.1,1.8,32
4,9,CNJ02.1.125,Oct,2013,,,,
4,10,CNJ02.1.126,Oct,2013,44.3,13.4,1.3,68.4
4,11,CNJ02.1.127,Oct,2013,209.3,171.2,2,18.16
4,12,CNJ02.1.128,Oct,2013,283.3,231.2,2,16.55
4,13,CNJ02.1.129,Oct,2013,182.6,93.2,1.8,48.69
4,14,CNJ02.1.130,Oct,2013,171.7,80.9,1.7,52.82
4,15,CNJ02.1.131,Oct,2013,101.5,38,1.8,62.56
4,16,CNJ02.1.132,Oct,2013,127.5,29.8,1.9,76
4,17,CNJ02.1.133,Oct,2013,191,120.7,2.1,36.28
4,18,CNJ02.1.134,Oct,2013,418.7,387.7,1.7,7
4,19,CNJ02.1.135,Oct,2013,131.7,113.7,1.6,13.21
4,20,CNJ02.1.136,Oct,2013,374.1,352,2.1,5.91
4,21,CNJ02.1.137,Oct,2013,192,47.8,2.1,74.9
4,22,CNJ02.1.138,Oct,2013,168.1,69.3,1.6,58.77
4,23,CNJ02.1.139,Oct,2013,233.6,182,1.7,22.05
4,24,CNJ02.1.140,Oct,2013,145.9,57.3,1.8,60.73
4,25,CNJ02.1.141,Oct,2013,154.5,28.6,1.7,80.91
4,26,CNJ02.1.142,Oct,2013,126.4,94.7,2.1,25
4,27,CNJ02.1.143,Oct,2013,195.4,124.4,2,36.28
4,28,CNJ02.1.144,Oct,2013,235.9,203.7,2.3,13.52
4,29,CNJ02.1.145,Oct,2013,374.6,186,1.8,49.65
4,30,CNJ02.1.146,Oct,2013,88.7,38.7,1.8,56.37
4,31,CNJ02.1.147,Oct,2013,115.4,22.4,,80.24
4,32,CNJ02.1.148,Oct,2013,334.8,298.3,2,10.84
4,33,CNJ02.1.149,Oct,2013,383.8,159.7,2.6,58.1
4,34,CNJ02.1.150,Oct,2013,48.9,34.4,1.6,29.45
4,35,CNJ02.1.151,Oct,2013,281.3,224.7,2.1,19.94
4,36,CNJ02.1.152,Oct,2013,135.2,98.2,1.4,25.96
4,37,CNJ02.1.153,Oct,2013,201.9,111.6,1.8,44.43
4,38,CNJ02.1.154,Oct,2013,298.7,245.4,1.8,17.68
4,39,CNJ02.1.155,Oct,2013,140,85.3,1.6,38.93
4,40,CNJ02.1.156,Oct,2013,228.7,143.3,2,37.25
4,41,CNJ02.1.157,Oct,2013,147.5,90.7,1.7,37.49
1,43,CQ,Sept,2012,338.2,111.7,2.7,67
1,45,MQ,Sept,2012,345.5,295.6,1.9,13.9
1,46,CNJ02.1.1,Sept,2012,315.4,282.4,2.6,10.1
1,47,CNJ02.1.2,Sept,2012,266.4,233.1,2.6,12
1,48,CNJ02.1.3,Sept,2012,289.3,151.7,2.3,47
1,49,CNJ02.1.4,Sept,2012,214.9,110.1,2.3,48.4
1,50,CNJ02.1.5,Sept,2012,319.9,250.3,2.2,20.5
1,51,CNJ02.1.6,Sept,2012,198.6,121.6,2.1,37.7
1,52,CNJ02.1.7,Sept,2012,79.8,33.5,2.1,56.4
1,53,CNJ02.1.8,Sept,2012,235.8,73.5,2.2,67.6
1,54,CNJ02.1.9,Sept,2012,304.5,264.8,2.6,12.2
2,1,CNJ02.1.10,Sept,2012,106.4,96.1,1.7,9.7
2,2,CNJ02.1.11,Sept,2012,145.4,120.5,1.7,17.1
2,3,CNJ02.1.12,Sept,2012,202.2,174.2,1.7,4.8
2,4,CNJ02.1.13,Sept,2012,255.2,203.4,1.7,15.9
2,5,CNJ02.1.14,Sept,2012,93.4,62.9,1.6,31.9
2,6,CNJ02.1.15,Sept,2012,126.4,118,1.5,4.4
2,7,CNJ02.1.16,Sept,2012,232.4,181.9,2.2,15.9
2,8,CNJ02.1.17,Sept,2012,53.3,47.9,2.3,8.8
2,9,CNJ02.1.18,Sept,2012,375.6,360.9,2,1
2,10,CNJ02.1.19,Sept,2012,179.9,166.3,1.4,5.6
2,11,CNJ02.1.20,Sept,2012,186.4,169.2,1.8,8
2,12,CNJ02.1.21,Sept,2012,199,185.5,1.6,4.3
2,13,CNJ02.1.22,Sept,2012,95.8,94.2,1.7,1.7
2,14,CNJ02.1.23,Sept,2012,227.6,147.2,2.7,29.1
2,15,CNJ02.1.24,Sept,2012,400.2,366.4,2.2,8
2,16,CNJ02.1.25,Sept,2012,183.4,141.3,2.4,22
2,17,CNJ02.1.26,Sept,2012,205.3,184.3,1.7,7
2,18,CNJ02.1.27,Sept,2012,355.1,309.4,2.7,8.5
2,19,CNJ02.1.28,Sept,2012,176.8,145.6,1.8,15.1
2,20,CNJ02.1.29,Sept,2012,293.2,282.7,2.2,2.4
2,21,CNJ02.1.30,Sept,2012,187.5,178.6,1.9,4.7
2,22,CNJ02.1.31,Sept,2012,214.6,146.4,2.3,29.5
2,23,CNJ02.1.32,Sept,2012,231.5,209.2,2.3,8.5
2,24,CNJ02.1.33,Sept,2012,197.9,179.5,1.8,6.3
2,25,CNJ02.1.34,Sept,2012,146.4,136.6,1.6,5.9
2,26,CNJ02.1.35,Sept,2012,126.8,50,2.1,60.1
2,27,CNJ02.1.36,Sept,2012,117.3,101.6,2,12.5
2,28,CNJ02.1.37,Sept,2012,89.5,69.1,2.3,22.8
2,29,CNJ02.1.38,Sept,2012,224.3,187.3,3,15.3
2,30,CNJ02.1.39,Sept,2012,234.9,148.7,2.5,36.1
2,31,CNJ02.1.40,Sept,2012,100.9,87.9,2.4,12.9
2,32,CNJ02.1.41,Sept,2012,316.4,248,2.3,20.8
2,33,CNJ02.1.42,Sept,2012,163.8,135.4,2.2,16.5
2,34,CNJ02.1.43,Sept,2012,213.2,88.6,1.7,55.1
2,35,CNJ02.1.44,Sept,2012,192.7,78.6,2.3,58.7
2,36,CNJ02.1.45,Sept,2012,177.8,57.1,1.8,67.9
2,37,CNJ02.1.46,Sept,2012,289.8,203.5,2.3,28.8
2,38,CNJ02.1.47,Sept,2012,373,217.9,2.3,41.3
2,39,CNJ02.1.48,Sept,2012,113.2,95.6,2.7,15.5
2,40,CNJ02.1.49,Sept,2012,207.4,154.6,1.6,23.8
2,41,CNJ02.1.50,Sept,2012,212,34.8,1.7,83.6
2,42,CNJ02.1.51,Sept,2012,347,260.5,2.7,24.8
2,43,CNJ02.1.52,Sept,2012,246.6,149.9,1.8,38.8
2,44,CNJ02.1.53,Sept,2012,441.7,359.5,2.3,17.8
2,45,CNJ02.1.54,Sept,2012,180.3,166.3,1.8,7
2,46,CNJ02.1.55,Sept,2012,248.6,185.3,2.5,22.5
2,47,CNJ02.1.56,Sept,2012,246.1,220.3,2.6,9.8
2,48,CNJ02.1.57,Sept,2012,244.8,105.9,3.3,54.1
2,49,CNJ02.1.58,Sept,2012,321.6,211.8,2.6,33.5
2,50,CNJ02.1.59,Sept,2012,358.3,191.9,1.9,46
2,51,CNJ02.1.60,Sept,2012,166.2,69.1,2.2,58
2,52,CNJ02.1.61,Sept,2012,474,299.3,2.3,35.3
2,53,CNJ02.1.62,Sept,2012,141.6,104.5,1.9,26.2
2,54,CNJ02.1.63,Sept,2012,124.7,104.8,2.2,12.4
3,1,CNJ02.1.64,Sept,2012,107.9,90.1,1.4,14.7
3,2,CNJ02.1.65,Sept,2012,102.1,71.9,1.3,26.2
3,3,CNJ02.1.66,Sept,2012,183.7,141,1.7,15.6
3,4,CNJ02.1.67,Sept,2012,169.4,107.5,1.4,35.9
3,5,CNJ02.1.68,Sept,2012,257.8,235,2.3,4
3,6,CNJ02.1.69,Sept,2012,167,144.1,1.9,8.8
3,7,CNJ02.1.70,Sept,2012,161.8,149.8,1.9,6.1
3,8,CNJ02.1.71,Sept,2012,124.8,106.9,1.1,11.5
3,9,CNJ02.1.72,Sept,2012,307.2,288.9,2.5,4.9
3,10,CNJ02.1.73,Sept,2012,99.9,84.7,1.5,13.6
3,11,CNJ02.1.74,Sept,2012,126.3,105.9,1.5,16
3,12,CNJ02.1.75,Sept,2012,270.5,245.6,2.6,8.6
3,13,CNJ02.1.76,Sept,2012,166.6,122.3,2.1,24
3,14,CNJ02.1.77,Sept,2012,149.8,117.9,2.7,16.2
3,15,CNJ02.1.78,Sept,2012,153.9,107.2,2,24.8
3,16,CNJ02.1.79,Sept,2012,168.8,131.7,2,20.7
3,17,CNJ02.1.80,Sept,2012,225.3,204.4,2.4,6.9
3,18,CNJ02.1.81,Sept,2012,143.2,123.9,2.5,5.7
3,19,CNJ02.1.82,Sept,2012,172.7,146.8,2.6,13.7
3,20,CNJ02.1.83,Sept,2012,202,149,2,25.6
3,21,CNJ02.1.84,Sept,2012,298.7,253.4,1.9,13.2
3,22,CNJ02.1.85,Sept,2012,367.8,308.4,1.8,15.3
3,23,CNJ02.1.86,Sept,2012,161.4,123.1,2.2,23.5
3,24,CNJ02.1.87,Sept,2012,339,293.4,1.9,9.7
3,25,CNJ02.1.88,Sept,2012,94.4,94.4,2.3,0
3,26,CNJ02.1.89,Sept,2012,202.4,128.6,2.1,34.8
3,27,CNJ02.1.90,Sept,2012,161.1,102,2.1,36.4
3,28,CNJ02.1.91,Sept,2012,37.5,3,3,92
3,29,CNJ02.1.92,Sept,2012,187.4,137.4,2.1,25
3,30,CNJ02.1.93,Sept,2012,251.6,167.8,1.8,30.4
3,31,CNJ02.1.94,Sept,2012,254.6,104.2,2.4,56.6
3,32,CNJ02.1.95,Sept,2012,39.1,8.3,2.1,78.8
3,33,CNJ02.1.96,Sept,2012,139.2,104.4,2.1,23.6
3,34,CNJ02.1.97,Sept,2012,304.8,231.1,2,22.4
3,35,CNJ02.1.98,Sept,2012,217.9,82.1,1.8,62.3
3,36,CNJ02.1.99,Sept,2012,416.7,360.2,2.5,13.2
3,37,CNJ02.1.100,Sept,2012,317.3,158,2.1,47.4
3,38,CNJ02.1.101,Sept,2012,428.8,309.6,2.6,27.8
3,39,CNJ02.1.102,Sept,2012,346.9,321.8,2.2,6.9
3,40,CNJ02.1.103,Sept,2012,216.3,162.2,2,23.5
3,41,CNJ02.1.104,Sept,2012,142.1,50.9,2.3,63.1
3,42,CNJ02.1.105,Sept,2012,201.3,145,2.3,27.6
3,43,CNJ02.1.106,Sept,2012,214.1,61.5,2.5,68.6
3,44,CNJ02.1.107,Sept,2012,63.5,2,2,96.9
3,45,CNJ02.1.108,Sept,2012,42.8,6.5,2.2,84.6
3,46,CNJ02.1.109,Sept,2012,159.8,72.9,2.5,49.7
3,47,CNJ02.1.110,Sept,2012,270.1,221.8,2,15.8
3,48,CNJ02.1.111,Sept,2012,277.3,120.1,2.2,55.4
3,49,CNJ02.1.112,Sept,2012,385.2,221.5,2.6,41.5
3,50,CNJ02.1.113,Sept,2012,265.3,88.4,2.3,66.2
3,51,CNJ02.1.114,Sept,2012,138,66,2.5,52.1
3,52,CNJ02.1.115,Sept,2012,512,307.6,2.4,39.6
3,53,CNJ02.1.116,Sept,2012,509.9,344.8,2.2,32
3,54,CNJ02.1.117,Sept,2012,151,129.5,2.8,13.2
4,2,CNJ02.1.118,Sept,2012,339.7,293.9,2.4,12.7
4,3,CNJ02.1.119,Sept,2012,29.7,13.5,1.1,54.5
4,4,CNJ02.1.120,Sept,2012,127.9,82.6,1.4,34.2
4,5,CNJ02.1.121,Sept,2012,227,153.9,1.7,31.1
4,6,CNJ02.1.122,Sept,2012,134,109.2,1.6,18.1
4,7,CNJ02.1.123,Sept,2012,100,67.2,1.6,29.2
4,8,CNJ02.1.124,Sept,2012,101.5,87.9,1.6,12.6
4,9,CNJ02.1.125,Sept,2012,104.5,65.3,2,36.2
4,10,CNJ02.1.126,Sept,2012,69.1,37,1.7,44.4
4,11,CNJ02.1.127,Sept,2012,134,93.3,1.4,24.8
4,12,CNJ02.1.128,Sept,2012,189.8,170.7,2.5,8
4,13,CNJ02.1.129,Sept,2012,91.5,71.3,1.9,21.4
4,14,CNJ02.1.130,Sept,2012,113,102,2,7
4,15,CNJ02.1.131,Sept,2012,112.9,73.1,1.7,33.1
4,16,CNJ02.1.132,Sept,2012,151.5,61.1,1.9,56.7
4,17,CNJ02.1.133,Sept,2012,172.2,152.7,2.1,11.3
4,18,CNJ02.1.134,Sept,2012,491.7,443.8,1.9,9.2
4,19,CNJ02.1.135,Sept,2012,123.5,102,1.5,15.7
4,20,CNJ02.1.136,Sept,2012,437.6,379.7,2,13.1
4,21,CNJ02.1.137,Sept,2012,80.9,48.4,1.8,39.6
4,22,CNJ02.1.138,Sept,2012,157,81,1.8,47.6
4,23,CNJ02.1.139,Sept,2012,158.7,138.7,1.8,12.6
4,24,CNJ02.1.140,Sept,2012,163.1,94,1.8,41.6
4,25,CNJ02.1.141,Sept,2012,5.8,5.8,1.9,0
4,26,CNJ02.1.142,Sept,2012,249.9,224.9,2.5,6.9
4,27,CNJ02.1.143,Sept,2012,243.6,162.4,2,33
4,28,CNJ02.1.144,Sept,2012,79.2,38.9,1.9,50.1
4,29,CNJ02.1.145,Sept,2012,200.7,116.4,1.9,41.9
4,30,CNJ02.1.146,Sept,2012,281.5,165.6,1.8,38.7
4,31,CNJ02.1.147,Sept,2012,136.5,83.6,1.7,37.1
4,32,CNJ02.1.148,Sept,2012,279,93.7,2.2,66.3
4,33,CNJ02.1.149,Sept,2012,282.2,198.4,2.4,28.6
4,34,CNJ02.1.150,Sept,2012,183.2,46.9,2,74.1
4,35,CNJ02.1.151,Sept,2012,206.9,133.7,2,34.2
4,36,CNJ02.1.152,Sept,2012,451.5,318.9,2,29.1
4,37,CNJ02.1.153,Sept,2012,120,66.8,1.9,44.1
4,38,CNJ02.1.154,Sept,2012,269.4,192.3,1.9,27.4
4,39,CNJ02.1.155,Sept,2012,277.2,189.4,2,31.5
4,40,CNJ02.1.156,Sept,2012,135.4,38.4,2.5,71.3
4,41,CNJ02.1.157,Sept,2012,134.6,94.7,2.6,29.1
1,43,CQ,Oct,2012,412.1,223.8,3,45.6
1,45,MQ,Oct,2012,478.6,329.2,2.3,30.8
1,46,CNJ02.1.1,Oct,2012,140.5,102.4,2.2,26.8
1,47,CNJ02.1.2,Oct,2012,189.7,86.7,2.3,53.9
1,48,CNJ02.1.3,Oct,2012,491.6,330.5,2.6,32.5
1,49,CNJ02.1.4,Oct,2012,264.1,130.5,2.5,49.9
1,50,CNJ02.1.5,Oct,2012,216.6,116.2,2.2,46.2
1,51,CNJ02.1.6,Oct,2012,465.6,194.5,2.5,57.8
1,52,CNJ02.1.7,Oct,2012,91.2,62.1,2.2,31
1,53,CNJ02.1.8,Oct,2012,211.7,91.9,2.4,56.4
1,54,CNJ02.1.9,Oct,2012,158.1,76.7,2.6,51.5
2,1,CNJ02.1.10,Oct,2012,119,90.1,1.3,23.3
2,2,CNJ02.1.11,Oct,2012,213.1,127.5,1.8,38.3
2,3,CNJ02.1.12,Oct,2012,302.3,263.6,1.6,10.9
2,4,CNJ02.1.13,Oct,2012,127,81.2,1.3,32.1
2,5,CNJ02.1.14,Oct,2012,201.3,166.8,2.2,13.6
2,6,CNJ02.1.15,Oct,2012,217,199.6,1.9,6
2,7,CNJ02.1.16,Oct,2012,230.7,193.2,2.1,12
2,8,CNJ02.1.17,Oct,2012,183.5,126,2.2,28.3
2,9,CNJ02.1.18,Oct,2012,368.9,352.9,2.3,3.7
2,10,CNJ02.1.19,Oct,2012,202.4,189,1.6,5.5
2,11,CNJ02.1.20,Oct,2012,247.5,237.5,1.8,3.5
2,12,CNJ02.1.21,Oct,2012,205.6,201.4,1.8,1
2,13,CNJ02.1.22,Oct,2012,159.4,123.4,2,21.8
2,14,CNJ02.1.23,Oct,2012,291.6,177.8,2.9,36.6
2,15,CNJ02.1.24,Oct,2012,369.7,348.7,2.5,4.3
2,16,CNJ02.1.25,Oct,2012,170.4,93.4,2.3,44.8
2,17,CNJ02.1.26,Oct,2012,264.3,254.7,1.9,2.5
2,18,CNJ02.1.27,Oct,2012,318.2,279.7,2.6,10.7
2,19,CNJ02.1.28,Oct,2012,254.1,174.8,2,30.5
2,20,CNJ02.1.29,Oct,2012,355.7,260.5,2,25.3
2,21,CNJ02.1.30,Oct,2012,194.9,180,2,4.7
2,22,CNJ02.1.31,Oct,2012,245.2,180.3,2.8,25.2
2,23,CNJ02.1.32,Oct,2012,135.3,128.3,2.3,2.2
2,24,CNJ02.1.33,Oct,2012,138.4,101.2,2.3,26.9
2,25,CNJ02.1.34,Oct,2012,254.1,174.6,2.3,30
2,26,CNJ02.1.35,Oct,2012,86.6,60.5,2.2,30
2,27,CNJ02.1.36,Oct,2012,189.7,145.9,2.1,21
2,28,CNJ02.1.37,Oct,2012,207.7,108.9,2.4,45.5
2,29,CNJ02.1.38,Oct,2012,415,370.5,3,9.9
2,30,CNJ02.1.39,Oct,2012,166.2,49,2.9,70.2
2,31,CNJ02.1.40,Oct,2012,103.3,58.1,2,42.4
2,32,CNJ02.1.41,Oct,2012,204.9,115.2,1.8,42.5
2,33,CNJ02.1.42,Oct,2012,161.5,147.1,2.1,6.5
2,34,CNJ02.1.43,Oct,2012,421.6,86.9,2,79.2
2,35,CNJ02.1.44,Oct,2012,249.3,127.5,2,47.7
2,36,CNJ02.1.45,Oct,2012,241.9,97.4,1.9,58.8
2,37,CNJ02.1.46,Oct,2012,354.5,204.6,2.4,41.5
2,38,CNJ02.1.47,Oct,2012,416.5,288.7,2.2,30.3
2,39,CNJ02.1.48,Oct,2012,148.1,67.6,2.6,50.4
2,40,CNJ02.1.49,Oct,2012,316.4,208.1,2.1,32.7
2,41,CNJ02.1.50,Oct,2012,185.5,25.9,2.6,84.4
2,42,CNJ02.1.51,Oct,2012,329.7,237.5,2.8,26.9
2,43,CNJ02.1.52,Oct,2012,159,73.8,2.1,53.5
2,44,CNJ02.1.53,Oct,2012,351.6,189.7,2.4,45.8
2,45,CNJ02.1.54,Oct,2012,317.9,253,2.1,18.7
2,46,CNJ02.1.55,Oct,2012,305.8,223.5,2.6,26.4
2,47,CNJ02.1.56,Oct,2012,109.2,47.7,2.5,56
2,48,CNJ02.1.57,Oct,2012,252,101.7,2.5,59.6
2,49,CNJ02.1.58,Oct,2012,282,38.4,2.7,85.5
2,50,CNJ02.1.59,Oct,2012,466.8,320.9,2.3,30.6
2,51,CNJ02.1.60,Oct,2012,191.8,49.7,2.5,73.5
2,52,CNJ02.1.61,Oct,2012,263.5,210.4,2.2,19.1
2,53,CNJ02.1.62,Oct,2012,106.4,68.3,1.9,35.8
2,54,CNJ02.1.63,Oct,2012,471.5,423.6,2.9,10
3,1,CNJ02.1.64,Oct,2012,176.9,163.7,1.7,2.8
3,2,CNJ02.1.65,Oct,2012,119.5,52.9,1.2,53.4
3,3,CNJ02.1.66,Oct,2012,135.2,123.7,1.9,7.8
3,4,CNJ02.1.67,Oct,2012,128.7,84.5,1.4,33.6
3,5,CNJ02.1.68,Oct,2012,420.8,380.4,2.4,8.3
3,6,CNJ02.1.69,Oct,2012,150.5,117.5,1.7,21.4
3,7,CNJ02.1.70,Oct,2012,111.4,106.6,1.7,3.7
3,8,CNJ02.1.71,Oct,2012,321.7,296.1,1.5,6.2
3,9,CNJ02.1.72,Oct,2012,213,183.3,2.6,13.7
3,10,CNJ02.1.73,Oct,2012,25.1,18.6,2.1,21.5
3,11,CNJ02.1.74,Oct,2012,200.5,156.8,1.9,20.9
3,12,CNJ02.1.75,Oct,2012,128.5,116.9,1.9,8.8
3,13,CNJ02.1.76,Oct,2012,220.7,154.9,2.4,29
3,14,CNJ02.1.77,Oct,2012,127.6,88.6,2.5,28.5
3,15,CNJ02.1.78,Oct,2012,357.2,232.4,2.4,32
3,16,CNJ02.1.79,Oct,2012,206.2,177.4,2.4,13.6
3,17,CNJ02.1.80,Oct,2012,277.4,245.5,2.5,10.1
3,18,CNJ02.1.81,Oct,2012,165.8,123.2,2.5,24.3
3,19,CNJ02.1.82,Oct,2012,194.5,110.8,2.6,42.4
3,20,CNJ02.1.83,Oct,2012,179.9,140.8,2.5,21.7
3,21,CNJ02.1.84,Oct,2012,179.5,137.7,1.9,22.2
3,22,CNJ02.1.85,Oct,2012,212.2,166.8,2.1,20.4
3,23,CNJ02.1.86,Oct,2012,139.6,99.2,1.8,26.1
3,24,CNJ02.1.87,Oct,2012,262.7,240.2,2.1,7.3
3,25,CNJ02.1.88,Oct,2012,107.2,32.2,2.3,68.2
3,26,CNJ02.1.89,Oct,2012,199.1,124.4,2.2,34.5
3,27,CNJ02.1.90,Oct,2012,253.6,142.3,1.8,43.8
3,28,CNJ02.1.91,Oct,2012,45.9,15.1,2.2,66
3,29,CNJ02.1.92,Oct,2012,308.5,269.3,2.3,11.5
3,30,CNJ02.1.93,Oct,2012,235.9,31.9,1.9,86
3,31,CNJ02.1.94,Oct,2012,249.5,86.6,2.5,64.8
3,32,CNJ02.1.95,Oct,2012,130.2,39.6,2.1,68.3
3,33,CNJ02.1.96,Oct,2012,298.4,175,1.9,40.7
3,34,CNJ02.1.97,Oct,2012,215.5,168.6,1.9,21.4
3,35,CNJ02.1.98,Oct,2012,113.7,71.9,2.2,35.9
3,36,CNJ02.1.99,Oct,2012,466.2,264.4,2.6,43
3,37,CNJ02.1.100,Oct,2012,314.8,149.1,2.4,51.6
3,38,CNJ02.1.101,Oct,2012,563.3,454.3,2.6,19.3
3,39,CNJ02.1.102,Oct,2012,435.3,317.2,2.7,26.2
3,40,CNJ02.1.103,Oct,2012,400.4,195,2.5,50.9
3,41,CNJ02.1.104,Oct,2012,165.1,72.7,1.9,55.2
3,42,CNJ02.1.105,Oct,2012,417.5,238.1,2.5,41.6
3,43,CNJ02.1.106,Oct,2012,226.6,54.9,1.2,75.2
3,44,CNJ02.1.107,Oct,2012,92.2,7.4,2.5,92
3,45,CNJ02.1.108,Oct,2012,131,38.6,2.6,69.8
3,46,CNJ02.1.109,Oct,2012,115.9,58.1,2.5,49.7
3,47,CNJ02.1.110,Oct,2012,379.9,159,2.4,57.5
3,48,CNJ02.1.111,Oct,2012,307.3,97.7,2.7,67.3
3,49,CNJ02.1.112,Oct,2012,321.8,80.2,2.4,74.5
3,50,CNJ02.1.113,Oct,2012,274.2,55,2.5,79.9
3,51,CNJ02.1.114,Oct,2012,123.2,35.2,2.5,70
3,52,CNJ02.1.115,Oct,2012,329.1,243.4,2.5,25.1
3,53,CNJ02.1.116,Oct,2012,252.2,90.9,2.7,63
3,54,CNJ02.1.117,Oct,2012,145.7,107.8,3,25.7
4,2,CNJ02.1.118,Oct,2012,89,42.1,1.5,44.9
4,3,CNJ02.1.119,Oct,2012,26.1,9.1,1.8,64
4,4,CNJ02.1.120,Oct,2012,109.9,73.8,2.5,32.8
4,5,CNJ02.1.121,Oct,2012,317,282.9,2.1,10.6
4,6,CNJ02.1.122,Oct,2012,111.2,83.6,1.9,24.1
4,7,CNJ02.1.123,Oct,2012,54.1,31.1,1.2,40.5
4,8,CNJ02.1.124,Oct,2012,134.4,117.7,2.1,11.7
4,9,CNJ02.1.125,Oct,2012,52.3,7.3,1.5,84.5
4,10,CNJ02.1.126,Oct,2012,60,31.1,2.1,46.3
4,11,CNJ02.1.127,Oct,2012,288.8,203.8,2.1,26.7
4,12,CNJ02.1.128,Oct,2012,208.6,186.7,2.4,9.5
4,13,CNJ02.1.129,Oct,2012,158.3,107.8,1.9,31.6
4,14,CNJ02.1.130,Oct,2012,153.3,107.6,2,28.1
4,15,CNJ02.1.131,Oct,2012,36.4,5.5,1.1,83.2
4,16,CNJ02.1.132,Oct,2012,79.3,40.8,1.9,46.4
4,17,CNJ02.1.133,Oct,2012,204,164.1,2.3,15.5
4,18,CNJ02.1.134,Oct,2012,314.9,301,2,3.9
4,19,CNJ02.1.135,Oct,2012,103,79.2,1.8,22.1
4,20,CNJ02.1.136,Oct,2012,601.6,560.3,2.3,6.5
4,21,CNJ02.1.137,Oct,2012,220.5,175.6,2.5,19.5
4,22,CNJ02.1.138,Oct,2012,92.6,49.7,2.2,44.5
4,23,CNJ02.1.139,Oct,2012,283.7,241.7,2,14.7
4,24,CNJ02.1.140,Oct,2012,266.8,81.3,2.3,68.9
4,25,CNJ02.1.141,Oct,2012,49,0,,99
4,26,CNJ02.1.142,Oct,2012,133.6,119.2,2.3,5.5
4,27,CNJ02.1.143,Oct,2012,227.8,153.6,2.1,32
4,28,CNJ02.1.144,Oct,2012,241.2,209.2,2.4,10.9
4,29,CNJ02.1.145,Oct,2012,240.7,201.6,2,12.8
4,30,CNJ02.1.146,Oct,2012,257,94.3,2.4,63
4,31,CNJ02.1.147,Oct,2012,191.5,97.7,2.2,48.9
4,32,CNJ02.1.148,Oct,2012,459.5,273,2.4,39.9
4,33,CNJ02.1.149,Oct,2012,333.6,140,2.3,57.1
4,34,CNJ02.1.150,Oct,2012,249.3,20.6,1.6,89.9
4,35,CNJ02.1.151,Oct,2012,224.7,164,2.1,27
4,36,CNJ02.1.152,Oct,2012,267.2,187.6,1.8,29.3
4,37,CNJ02.1.153,Oct,2012,203.2,99.9,2.2,50.3
4,38,CNJ02.1.154,Oct,2012,229.2,174,1.8,22.6
4,39,CNJ02.1.155,Oct,2012,124.9,64.3,2,45.5
4,40,CNJ02.1.156,Oct,2012,237.3,89,2.4,62.5
4,41,CNJ02.1.157,Oct,2012,81.9,50.5,2.1,36.5
1,43,CQ,Sept,2011,595.9,457.1,2.4,23.1
1,45,MQ,Sept,2011,643.3,580.5,2.6,9.4
1,46,CNJ02.1.1,Sept,2011,507.4,268.6,2.3,46.6
1,47,CNJ02.1.2,Sept,2011,723.6,651.9,2.4,9.6
1,48,CNJ02.1.3,Sept,2011,667.8,406.6,2.2,38.2
1,49,CNJ02.1.4,Sept,2011,561.5,495.3,2.3,11.7
1,50,CNJ02.1.5,Sept,2011,540.6,485.2,2.4,9.5
1,51,CNJ02.1.6,Sept,2011,667,391.9,2,40.9
1,52,CNJ02.1.7,Sept,2011,497.2,400.5,2.5,19.4
1,53,CNJ02.1.8,Sept,2011,630.6,529.4,2,15.8
1,54,CNJ02.1.9,Sept,2011,695.4,601.5,2.6,13.5
2,1,CNJ02.1.10,Sept,2011,128.8,76.2,1.5,40.1
2,2,CNJ02.1.11,Sept,2011,307.7,115.7,1.9,61.9
2,3,CNJ02.1.12,Sept,2011,286.1,256.3,1.9,10.4
2,4,CNJ02.1.13,Sept,2011,216.4,123.5,1.9,42.8
2,5,CNJ02.1.14,Sept,2011,115.4,85.5,1.9,25.9
2,6,CNJ02.1.15,Sept,2011,387.1,336.5,1.9,12.6
2,7,CNJ02.1.16,Sept,2011,369.6,342,2.3,7.3
2,8,CNJ02.1.17,Sept,2011,209.8,165,2.9,20.6
2,9,CNJ02.1.18,Sept,2011,529.1,499.8,2.2,5.5
2,10,CNJ02.1.19,Sept,2011,362.6,318,1.7,12.2
2,11,CNJ02.1.20,Sept,2011,409.9,337.9,1.9,17.5
2,12,CNJ02.1.21,Sept,2011,430.1,348.7,1.9,18.9
2,13,CNJ02.1.22,Sept,2011,261,150.4,2,42.1
2,14,CNJ02.1.23,Sept,2011,526,333.9,2.7,36.3
2,15,CNJ02.1.24,Sept,2011,505.6,434,2.1,14
2,16,CNJ02.1.25,Sept,2011,232.7,137.7,2.6,40.8
2,17,CNJ02.1.26,Sept,2011,843.1,543.8,2.1,35.1
2,18,CNJ02.1.27,Sept,2011,549.9,505.6,3,8
2,19,CNJ02.1.28,Sept,2011,317.1,234.8,2.1,25.9
2,20,CNJ02.1.29,Sept,2011,633.5,531.8,2.3,16
2,21,CNJ02.1.30,Sept,2011,313.3,266.4,2.3,15
2,22,CNJ02.1.31,Sept,2011,517.4,333.9,2.6,35.4
2,23,CNJ02.1.32,Sept,2011,484.3,374.6,2.1,22.5
2,24,CNJ02.1.33,Sept,2011,634.1,388.6,2.4,38.7
2,25,CNJ02.1.34,Sept,2011,588.5,540.7,2.1,8.1
2,26,CNJ02.1.35,Sept,2011,132.7,76,2.6,42.7
2,27,CNJ02.1.36,Sept,2011,244.2,227,2.4,6.9
2,28,CNJ02.1.37,Sept,2011,481.6,296,2.2,38.5
2,29,CNJ02.1.38,Sept,2011,555.2,440.6,3.1,20.4
2,30,CNJ02.1.39,Sept,2011,760.9,594,2.6,21.9
2,31,CNJ02.1.40,Sept,2011,358.3,302.6,2.3,15.5
2,32,CNJ02.1.41,Sept,2011,539.8,405.1,2.1,24.7
2,33,CNJ02.1.42,Sept,2011,403,381.7,1.9,5.3
2,34,CNJ02.1.43,Sept,2011,569.9,520.5,2,8.2
2,35,CNJ02.1.44,Sept,2011,491.9,323,2.3,34.3
2,36,CNJ02.1.45,Sept,2011,500.4,408.2,2.2,18.4
2,37,CNJ02.1.46,Sept,2011,526.4,374.8,2,28.8
2,38,CNJ02.1.47,Sept,2011,597.7,461.1,2,22.8
2,39,CNJ02.1.48,Sept,2011,711,651.5,2.8,8.3
2,40,CNJ02.1.49,Sept,2011,502.5,424.2,2.1,15.5
2,41,CNJ02.1.50,Sept,2011,653.9,560.9,2.8,14
2,42,CNJ02.1.51,Sept,2011,569.1,532.1,2.5,6.5
2,43,CNJ02.1.52,Sept,2011,370,316.8,2,14.4
2,44,CNJ02.1.53,Sept,2011,988.9,847.3,2.2,14.3
2,45,CNJ02.1.54,Sept,2011,634.1,468.1,2.1,26.1
2,46,CNJ02.1.55,Sept,2011,826.5,698.5,2.6,15.5
2,47,CNJ02.1.56,Sept,2011,437.4,402.3,2.8,7.8
2,48,CNJ02.1.57,Sept,2011,636.7,464.3,3,27.1
2,49,CNJ02.1.58,Sept,2011,770.1,669.7,2.8,12.9
2,50,CNJ02.1.59,Sept,2011,686.7,631.8,2.1,8
2,51,CNJ02.1.60,Sept,2011,544.5,476.8,2.6,12.4
2,52,CNJ02.1.61,Sept,2011,671.9,561,2.7,16.4
2,53,CNJ02.1.62,Sept,2011,509.6,447.2,2.2,12.2
2,54,CNJ02.1.63,Sept,2011,394.5,363.5,2.1,7.5
3,1,CNJ02.1.64,Sept,2011,217.3,200.8,1.5,7.1
3,2,CNJ02.1.65,Sept,2011,311.4,170.4,1.9,44.4
3,3,CNJ02.1.66,Sept,2011,422.3,307.5,2.1,27.1
3,4,CNJ02.1.67,Sept,2011,371.6,187,1.6,49.6
3,5,CNJ02.1.68,Sept,2011,406.2,350.1,2.3,13.6
3,6,CNJ02.1.69,Sept,2011,395,264.5,2.2,33
3,7,CNJ02.1.70,Sept,2011,366,303,2.3,17.2
3,8,CNJ02.1.71,Sept,2011,297.4,234.8,3,21
3,9,CNJ02.1.72,Sept,2011,550.8,425.5,2.5,22.7
3,10,CNJ02.1.73,Sept,2011,84.2,49.6,1.5,38.5
3,11,CNJ02.1.74,Sept,2011,84.6,15.9,1.4,81.2
3,12,CNJ02.1.75,Sept,2011,286.3,210.8,1.8,26.1
3,13,CNJ02.1.76,Sept,2011,282.9,171.1,2.3,39.1
3,14,CNJ02.1.77,Sept,2011,234.8,130.3,2.8,44.4
3,15,CNJ02.1.78,Sept,2011,216.3,139.5,2.2,35.5
3,16,CNJ02.1.79,Sept,2011,295.5,268.8,2.2,9
3,17,CNJ02.1.80,Sept,2011,573.4,504.7,2.5,11.8
3,18,CNJ02.1.81,Sept,2011,547,387.6,2.5,29.1
3,19,CNJ02.1.82,Sept,2011,450.3,274,2.4,39
3,20,CNJ02.1.83,Sept,2011,339.8,258.7,2.3,23.6
3,21,CNJ02.1.84,Sept,2011,338.2,250.4,1.9,25.9
3,22,CNJ02.1.85,Sept,2011,445.5,348.4,1.7,21.2
3,23,CNJ02.1.86,Sept,2011,411.2,358.4,2.1,12.8
3,24,CNJ02.1.87,Sept,2011,556.9,444.8,2,20.1
3,25,CNJ02.1.88,Sept,2011,540.2,455.5,2.7,14.6
3,26,CNJ02.1.89,Sept,2011,298.1,222.2,2.1,25.3
3,27,CNJ02.1.90,Sept,2011,376.1,311.1,2.3,16.9
3,28,CNJ02.1.91,Sept,2011,211.8,119.8,2.5,43.1
3,29,CNJ02.1.92,Sept,2011,552.9,498.4,2.3,9.8
3,30,CNJ02.1.93,Sept,2011,376.8,289.2,2.3,23.2
3,31,CNJ02.1.94,Sept,2011,388.2,255.7,2.4,34
3,32,CNJ02.1.95,Sept,2011,192.1,85.8,1.6,54.3
3,33,CNJ02.1.96,Sept,2011,300.1,247,2,17.4
3,34,CNJ02.1.97,Sept,2011,281.2,263.4,1.8,6.2
3,35,CNJ02.1.98,Sept,2011,376.3,249.8,2.3,33.4
3,36,CNJ02.1.99,Sept,2011,344.3,251,2.1,26.8
3,37,CNJ02.1.100,Sept,2011,433.9,191.1,2.1,55.8
3,38,CNJ02.1.101,Sept,2011,517.9,445.1,2.6,14
3,39,CNJ02.1.102,Sept,2011,539,485.9,2.4,9.7
3,40,CNJ02.1.103,Sept,2011,332.9,286,2.2,13.8
3,41,CNJ02.1.104,Sept,2011,348.7,264.6,2.7,23.8
3,42,CNJ02.1.105,Sept,2011,610.3,547.2,2.1,10.2
3,43,CNJ02.1.106,Sept,2011,416.4,339.8,2.6,18.3
3,44,CNJ02.1.107,Sept,2011,185.1,44.9,2.8,75.4
3,45,CNJ02.1.108,Sept,2011,276.5,152.9,2.5,44.6
3,46,CNJ02.1.109,Sept,2011,410.9,358.9,2.4,12.4
3,47,CNJ02.1.110,Sept,2011,471.8,352.9,1.9,25.2
3,48,CNJ02.1.111,Sept,2011,442.1,337,2.4,23.8
3,49,CNJ02.1.112,Sept,2011,575.5,406.1,2.3,29.4
3,50,CNJ02.1.113,Sept,2011,620.1,512.2,2.5,17.4
3,51,CNJ02.1.114,Sept,2011,461.4,367.9,3,20.3
3,52,CNJ02.1.115,Sept,2011,626.8,549.2,2.6,12.3
3,53,CNJ02.1.116,Sept,2011,841.3,750.7,2.4,10.6
3,54,CNJ02.1.117,Sept,2011,337.9,285.3,2.4,15.2
4,2,CNJ02.1.118,Sept,2011,518.3,462.3,2.3,10.6
4,3,CNJ02.1.119,Sept,2011,106.3,64.2,1.6,39.6
4,4,CNJ02.1.120,Sept,2011,293,183.6,2,37.3
4,5,CNJ02.1.121,Sept,2011,220.4,147.3,1.8,33.2
4,6,CNJ02.1.122,Sept,2011,175.6,117.8,1.6,32.9
4,7,CNJ02.1.123,Sept,2011,145.6,102.5,1.7,29.6
4,8,CNJ02.1.124,Sept,2011,271.8,204.7,1.9,24.3
4,9,CNJ02.1.125,Sept,2011,244.2,197.1,2.6,19
4,10,CNJ02.1.126,Sept,2011,168,95.5,1.8,43.1
4,11,CNJ02.1.127,Sept,2011,439.3,314.5,1.7,28.4
4,12,CNJ02.1.128,Sept,2011,508.8,390.8,2.4,23.2
4,13,CNJ02.1.129,Sept,2011,387.8,244.8,2.3,36.8
4,14,CNJ02.1.130,Sept,2011,352.1,247.6,2.1,29.5
4,15,CNJ02.1.131,Sept,2011,244.2,150.7,2.2,38.2
4,16,CNJ02.1.132,Sept,2011,280.8,176,2.3,37.3
4,17,CNJ02.1.133,Sept,2011,353.2,307.5,1.9,12.9
4,18,CNJ02.1.134,Sept,2011,400.2,307.8,2.1,22.8
4,19,CNJ02.1.135,Sept,2011,345.9,252.7,1.6,26.9
4,20,CNJ02.1.136,Sept,2011,597.7,526.1,2.1,11.8
4,21,CNJ02.1.137,Sept,2011,283.6,153.8,2.3,44.6
4,22,CNJ02.1.138,Sept,2011,444.4,330.1,1.8,25.6
4,23,CNJ02.1.139,Sept,2011,310.1,252.8,1.9,18.4
4,24,CNJ02.1.140,Sept,2011,443.2,244.6,2.5,44.5
4,25,CNJ02.1.141,Sept,2011,341.2,204,2.4,40.2
4,26,CNJ02.1.142,Sept,2011,369.2,343.6,2.5,6.9
4,27,CNJ02.1.143,Sept,2011,337.8,276.9,1.9,17.5
4,28,CNJ02.1.144,Sept,2011,437.5,286.9,1.9,34
4,29,CNJ02.1.145,Sept,2011,480.4,335.6,2.3,30.1
4,30,CNJ02.1.146,Sept,2011,514,419.2,2.6,18.4
4,31,CNJ02.1.147,Sept,2011,317.6,220.8,1.9,30.2
4,32,CNJ02.1.148,Sept,2011,533.3,387.6,2,27.2
4,33,CNJ02.1.149,Sept,2011,461.2,395.2,2.4,14.2
4,34,CNJ02.1.150,Sept,2011,299.5,241.4,2.3,19.3
4,35,CNJ02.1.151,Sept,2011,588,485.6,2.1,17.4
4,36,CNJ02.1.152,Sept,2011,308.1,227.3,2,26.1
4,37,CNJ02.1.153,Sept,2011,402.8,317.1,2.3,21.3
4,38,CNJ02.1.154,Sept,2011,452.3,312.9,2.1,30.7
4,39,CNJ02.1.155,Sept,2011,246.3,226.9,1.7,7.8
4,40,CNJ02.1.156,Sept,2011,436.8,257,2.4,41.1
4,41,CNJ02.1.157,Sept,2011,301.7,263.6,2.1,11.8
1,43,CQ,Oct,2011,660.4,296.3,2.7,55.1
1,45,MQ,Oct,2011,653.6,586.2,2.4,10.3
1,46,CNJ02.1.1,Oct,2011,509.6,315.1,2.4,38.1
1,47,CNJ02.1.2,Oct,2011,675.2,555.9,2.3,17.7
1,48,CNJ02.1.3,Oct,2011,1150.9,917.6,2.2,20
1,49,CNJ02.1.4,Oct,2011,751.4,617.6,2.7,17.7
1,50,CNJ02.1.5,Oct,2011,687.9,509.9,2.5,25.8
1,51,CNJ02.1.6,Oct,2011,504.5,324.7,2.5,35
1,52,CNJ02.1.7,Oct,2011,318.9,218,2.2,31.5
1,53,CNJ02.1.8,Oct,2011,820.1,633.1,2.5,22.7
1,54,CNJ02.1.9,Oct,2011,702.4,464.9,2.2,33.6
2,1,CNJ02.1.10,Oct,2011,273.1,110.3,1.8,59.5
2,2,CNJ02.1.11,Oct,2011,302.1,155.3,2,48.3
2,3,CNJ02.1.12,Oct,2011,427.8,387.3,2,9.4
2,4,CNJ02.1.13,Oct,2011,246.8,173.7,2,29.6
2,5,CNJ02.1.14,Oct,2011,429.1,331.1,2.3,22.8
2,6,CNJ02.1.15,Oct,2011,373.5,319.4,2.1,14.5
2,7,CNJ02.1.16,Oct,2011,546.7,440.2,2.7,19.4
2,8,CNJ02.1.17,Oct,2011,283.2,191.5,2.6,32.2
2,9,CNJ02.1.18,Oct,2011,415.3,391.2,2.3,5.8
2,10,CNJ02.1.19,Oct,2011,471.7,315.3,1.5,33.1
2,11,CNJ02.1.20,Oct,2011,686.4,561.4,2.3,18.1
2,12,CNJ02.1.21,Oct,2011,686.7,536.1,1.9,21.9
2,13,CNJ02.1.22,Oct,2011,156.2,66.2,1.8,57.6
2,14,CNJ02.1.23,Oct,2011,291.6,164,2.7,43.8
2,15,CNJ02.1.24,Oct,2011,637.5,479.8,2.4,24.6
2,16,CNJ02.1.25,Oct,2011,320.7,199.2,2.8,37.9
2,17,CNJ02.1.26,Oct,2011,653.4,503.2,2.2,23
2,18,CNJ02.1.27,Oct,2011,809.6,620.7,2.8,23.3
2,19,CNJ02.1.28,Oct,2011,282,170.2,2.3,39.6
2,20,CNJ02.1.29,Oct,2011,625.6,529.5,2.3,15.4
2,21,CNJ02.1.30,Oct,2011,325.5,267.2,2.3,17.9
2,22,CNJ02.1.31,Oct,2011,544.2,320.6,3.2,41.1
2,23,CNJ02.1.32,Oct,2011,458.1,341.8,2.6,25.3
2,24,CNJ02.1.33,Oct,2011,602.9,358.5,2.7,40.4
2,25,CNJ02.1.34,Oct,2011,486.1,354.2,2.3,27.1
2,26,CNJ02.1.35,Oct,2011,333.7,234.2,2.7,29.8
2,27,CNJ02.1.36,Oct,2011,362.1,251.2,2.2,30.6
2,28,CNJ02.1.37,Oct,2011,443.5,314.8,2.7,29
2,29,CNJ02.1.38,Oct,2011,689.7,402.9,3.6,41.6
2,30,CNJ02.1.39,Oct,2011,567.8,351.2,2.6,38.1
2,31,CNJ02.1.40,Oct,2011,661.6,495.4,2.6,25.1
2,32,CNJ02.1.41,Oct,2011,415.6,240.1,2.4,42.2
2,33,CNJ02.1.42,Oct,2011,457.5,371.2,2.4,18.8
2,34,CNJ02.1.43,Oct,2011,446.9,156.8,2.3,64.9
2,35,CNJ02.1.44,Oct,2011,639.6,353.8,2.4,44.7
2,36,CNJ02.1.45,Oct,2011,531.6,365.3,2.6,31.2
2,37,CNJ02.1.46,Oct,2011,467,129.9,2.2,72.1
2,38,CNJ02.1.47,Oct,2011,853.8,690.9,2.1,19
2,39,CNJ02.1.48,Oct,2011,548.8,245.6,3.1,55.2
2,40,CNJ02.1.49,Oct,2011,577.9,458.5,2.3,20.6
2,41,CNJ02.1.50,Oct,2011,443.3,245.5,2.7,44.5
2,42,CNJ02.1.51,Oct,2011,731.8,531.1,2.8,27.4
2,43,CNJ02.1.52,Oct,2011,395.2,293.7,2.3,24.7
2,44,CNJ02.1.53,Oct,2011,455.8,345.1,2.6,24.3
2,45,CNJ02.1.54,Oct,2011,739.3,592.2,2.4,19.8
2,46,CNJ02.1.55,Oct,2011,624.9,529.3,2.7,14.4
2,47,CNJ02.1.56,Oct,2011,677,495,3.4,26.8
2,48,CNJ02.1.57,Oct,2011,494.9,174.3,2.9,64.5
2,49,CNJ02.1.58,Oct,2011,614.5,480.2,2.6,21.4
2,50,CNJ02.1.59,Oct,2011,830.7,560.4,2.5,32.5
2,51,CNJ02.1.60,Oct,2011,304.8,170.4,3.3,44.1
2,52,CNJ02.1.61,Oct,2011,373.2,340.6,2.3,8.7
2,53,CNJ02.1.62,Oct,2011,265.2,183.2,2.2,30.9
2,54,CNJ02.1.63,Oct,2011,569.4,494.5,2.3,13
3,1,CNJ02.1.64,Oct,2011,355.5,215.3,1.4,39.4
3,2,CNJ02.1.65,Oct,2011,289.9,75.6,1.4,73.9
3,3,CNJ02.1.66,Oct,2011,456.3,360.3,2.3,21
3,4,CNJ02.1.67,Oct,2011,196.3,78.1,1.4,59.8
3,5,CNJ02.1.68,Oct,2011,453.8,391,2.3,13.8
3,6,CNJ02.1.69,Oct,2011,542.4,340.6,2,37.1
3,7,CNJ02.1.70,Oct,2011,420.1,330.6,2.3,21.3
3,8,CNJ02.1.71,Oct,2011,421.4,395.1,2,5.8
3,9,CNJ02.1.72,Oct,2011,416.1,335,2.5,19.5
3,10,CNJ02.1.73,Oct,2011,164.5,99.2,2.3,39.6
3,11,CNJ02.1.74,Oct,2011,271.8,152.4,1.9,43.9
3,12,CNJ02.1.75,Oct,2011,430.8,397.5,2.2,7.6
3,13,CNJ02.1.76,Oct,2011,333.7,129.3,2.6,61.3
3,14,CNJ02.1.77,Oct,2011,416.9,275.5,3.2,33.9
3,15,CNJ02.1.78,Oct,2011,249.1,167,2.2,32.9
3,16,CNJ02.1.79,Oct,2011,421.8,314.4,2.5,25.5
3,17,CNJ02.1.80,Oct,2011,438.6,345.8,2.5,20.9
3,18,CNJ02.1.81,Oct,2011,834.9,644.3,2.8,22.7
3,19,CNJ02.1.82,Oct,2011,399.8,234.3,2.9,41.4
3,20,CNJ02.1.83,Oct,2011,348.8,304.5,2.2,12.7
3,21,CNJ02.1.84,Oct,2011,169.3,92,1.8,44.4
3,22,CNJ02.1.85,Oct,2011,556.5,319.2,2.4,42.6
3,23,CNJ02.1.86,Oct,2011,281.8,171.8,2.2,39
3,24,CNJ02.1.87,Oct,2011,677.4,567.3,2.1,16.1
3,25,CNJ02.1.88,Oct,2011,337.6,280.6,3,16.5
3,26,CNJ02.1.89,Oct,2011,280.5,209.3,2.4,25.4
3,27,CNJ02.1.90,Oct,2011,390.4,289.8,2.3,25.8
3,28,CNJ02.1.91,Oct,2011,229.5,99.4,2.7,56.4
3,29,CNJ02.1.92,Oct,2011,536,349.6,2.4,34.6
3,30,CNJ02.1.93,Oct,2011,434.6,221.5,2.2,48.9
3,31,CNJ02.1.94,Oct,2011,611.9,214.6,2.4,64.8
3,32,CNJ02.1.95,Oct,2011,261.4,134.6,2.1,48.5
3,33,CNJ02.1.96,Oct,2011,401.7,306.7,2.2,23.5
3,34,CNJ02.1.97,Oct,2011,417.2,349.2,2.1,16.3
3,35,CNJ02.1.98,Oct,2011,627.3,225,2.3,64
3,36,CNJ02.1.99,Oct,2011,579.8,330.2,2.3,43
3,37,CNJ02.1.100,Oct,2011,449.2,179,2.3,60.1
3,38,CNJ02.1.101,Oct,2011,659.2,523.7,2.7,20.5
3,39,CNJ02.1.102,Oct,2011,896.8,772.6,2.4,13.8
3,40,CNJ02.1.103,Oct,2011,225.9,169.4,2.4,25
3,41,CNJ02.1.104,Oct,2011,599.9,398.3,2.6,33.6
3,42,CNJ02.1.105,Oct,2011,592.1,485.4,2.3,17.9
3,43,CNJ02.1.106,Oct,2011,479.9,353.2,2.6,26.1
3,44,CNJ02.1.107,Oct,2011,332.1,39.9,2.2,88
3,45,CNJ02.1.108,Oct,2011,510.5,270,2.8,47.1
3,46,CNJ02.1.109,Oct,2011,507.7,283.2,2.5,43.9
3,47,CNJ02.1.110,Oct,2011,835.1,573.5,2.1,31.3
3,48,CNJ02.1.111,Oct,2011,509.7,244.2,2.3,51.4
3,49,CNJ02.1.112,Oct,2011,529.7,255,2.4,51.5
3,50,CNJ02.1.113,Oct,2011,688.7,322.4,2.5,53.1
3,51,CNJ02.1.114,Oct,2011,267.1,195,3.3,27
3,52,CNJ02.1.115,Oct,2011,583.2,475.1,2.5,18.4
3,53,CNJ02.1.116,Oct,2011,788,604.4,2.4,23.3
3,54,CNJ02.1.117,Oct,2011,521.6,424.6,2.4,18.4
4,2,CNJ02.1.118,Oct,2011,406.9,332.2,2.4,18.1
4,3,CNJ02.1.119,Oct,2011,60.8,29.9,1.8,50.8
4,4,CNJ02.1.120,Oct,2011,66.2,35.2,2,46.7
4,5,CNJ02.1.121,Oct,2011,405.7,385.7,2,4.9
4,6,CNJ02.1.122,Oct,2011,240,177.1,2.1,26
4,7,CNJ02.1.123,Oct,2011,145.5,49.2,1.8,66
4,8,CNJ02.1.124,Oct,2011,442.8,287.4,2.5,34.8
4,9,CNJ02.1.125,Oct,2011,100.5,42.4,1.7,57.1
4,10,CNJ02.1.126,Oct,2011,213.4,81.5,1.9,61.8
4,11,CNJ02.1.127,Oct,2011,513.4,345.2,2.4,31.8
4,12,CNJ02.1.128,Oct,2011,244,235.6,2.5,3.4
4,13,CNJ02.1.129,Oct,2011,513.3,246.6,2.2,51.9
4,14,CNJ02.1.130,Oct,2011,388.7,204.6,2.8,47.4
4,15,CNJ02.1.131,Oct,2011,278.4,143.3,2.6,48.1
4,16,CNJ02.1.132,Oct,2011,328.3,213,2.2,34.9
4,17,CNJ02.1.133,Oct,2011,349.3,315.1,2.4,9.6
4,18,CNJ02.1.134,Oct,2011,338.5,182.6,2.4,46.1
4,19,CNJ02.1.135,Oct,2011,294,111,1.6,62.2
4,20,CNJ02.1.136,Oct,2011,700.3,552.6,2.3,20.9
4,21,CNJ02.1.137,Oct,2011,421.5,182.6,2.4,56.5
4,22,CNJ02.1.138,Oct,2011,480,327.1,2.1,31.9
4,23,CNJ02.1.139,Oct,2011,301.4,240.6,2.1,20.2
4,24,CNJ02.1.140,Oct,2011,403.9,164.7,2.4,59.2
4,25,CNJ02.1.141,Oct,2011,298.4,80.7,2.3,72.6
4,26,CNJ02.1.142,Oct,2011,378.7,265.4,2.6,29.7
4,27,CNJ02.1.143,Oct,2011,424,300.1,2,28.4
4,28,CNJ02.1.144,Oct,2011,691.2,620,2.6,10
4,29,CNJ02.1.145,Oct,2011,328.7,198.2,2.5,39.5
4,30,CNJ02.1.146,Oct,2011,576.7,358.8,2.5,37.6
4,31,CNJ02.1.147,Oct,2011,152.6,23.7,1.8,84.1
4,32,CNJ02.1.148,Oct,2011,546.8,350.2,2.1,35.2
4,33,CNJ02.1.149,Oct,2011,433.4,201.9,2.6,53.1
4,34,CNJ02.1.150,Oct,2011,613.3,245.2,2.5,59.8
4,35,CNJ02.1.151,Oct,2011,361.9,221.9,2.3,38.7
4,36,CNJ02.1.152,Oct,2011,899.1,730.2,2.2,18.6
4,37,CNJ02.1.153,Oct,2011,187.2,103.3,2.1,44.8
4,38,CNJ02.1.154,Oct,2011,592.1,474,2.2,19.9
4,39,CNJ02.1.155,Oct,2011,393.7,316.7,2.3,19.6
4,40,CNJ02.1.156,Oct,2011,471.9,,2.7,34.9
4,41,CNJ02.1.157,Oct,2011,284.3,182.1,2.4,34.6
