method,trait,chr,model,position,nearest_marker,qtl_lod,marker_variance,interval_left,interval_right,population,study,id
scanone,BBISFY,12,2011,54.110033,bin_12@54.11cM_scaffold_47570_2090,9.18597239113217,11.278902586624,50.47003,54.960034,cnj04,self,445
scanone,BBITY,3,2011,35.940031,bin_3@35.94cM_scaffold_6553_5779,7.20983704597639,16.3404948712475,33.360027,38.950035,cnj04,self,446
scanone,UBL,7,2014,14.310007,bin_7@14.31cM_scaffold_20071_618,5.6790673568937,16.961886295099,11.040003,21.060017,cnj04,self,447
scanone,UBL,11,2014,15.290013,bin_11@15.29cM_scaffold_24233_376,8.80095713424857,29.5236735283753,8.360007,20.180015,cnj04,self,448
scanone,UBBL,1,2011,15.690011,bin_1@15.69cM_scaffold_16410_888,12.6922481879854,41.0665399569365,9.430005,20.580017,cnj04,self,449
scanone,UBBL,1,all-years,9.430005,bin_1@9.43cM_scaffold_9160_2298,8.370910115438,19.3998252800966,2.110003,14.110009,cnj04,self,450
scanone,UBBL,3,2012,36.490033,bin_3@36.49cM_scaffold_3243_9538,11.425208649458,41.9896554374154,25.500019,40.480037,cnj04,self,451
scanone,UBBL,5,2014,47.720022,bin_5@47.72cM_scaffold_59748_765,8.90192788296626,13.6218129148483,45.840018,56.140029,cnj04,self,452
scanone,UBBL,6,2014,35.78004,bin_6@35.78cM_scaffold_60523_170,7.9175206657357,11.6745399162863,28.170032,40.360047,cnj04,self,453
scanone,UBBL,9,2014,84.810054,bin_9@84.81cM_scaffold_10644_3379,7.77993903975604,11.4127305586596,75.260048,87.80006,cnj04,self,454
scanone,UBBL,9,all-years,87.940061,bin_9@87.94cM_scaffold_3698_12740,10.4067032297991,26.0596521670247,87.340059,89.860064,cnj04,self,455
scanone,Brix,9,2011,87.340059,bin_9@87.34cM_scaffold_74053_1006,4.23755105883266,25.2681147041346,75.260048,89.860064,cnj04,self,456
scanone,Brix,11,2014,39.200038,bin_11@39.2cM_scaffold_75872_1296,8.62666644256827,24.7443199035339,32.730024,47.620042,cnj04,self,457
scanone,UCD,2,2012,57.45006,bin_2@57.45cM_SCF125667,8.00916445169137,21.2585215105393,54.150055,58.780065,cnj04,self,458
scanone,UCD,2,all-years,57.45006,bin_2@57.45cM_SCF125667,5.38462953609137,20.3769404170593,56.670059,62.800072,cnj04,self,459
scanone,UCLS,1,2014,9.430005,bin_1@9.43cM_scaffold_9160_2298,6.02257791201784,19.2995569281719,7.510004,14.110009,cnj04,self,460
scanone,UCLS,3,2012,35.34003,bin_3@35.34cM_scaffold_89673_809,5.72527921835993,10.4849355273839,30.260024,38.950035,cnj04,self,461
scanone,UKEC,2,2011,54.750057,bin_2@54.75cM_SCF3595,9.5439331959865,13.2850859011114,54.150055,59.380067,cnj04,self,462
scanone,UKEC,5,2011,46.680019,bin_5@46.68cM_scaffold_431_10615,8.90870891942276,12.1052948192772,44.740017,48.310023,cnj04,self,463
scanone,UKEC,12,2011,50.47003,bin_12@50.47cM_scaffold_10505_3485,11.187664772318,16.5881701224579,44.600024,57.230035,cnj04,self,464
scanone,UKLvW,7,2014,49.58004,bin_7@49.58cM_scaffold_11351_6036,7.27447671118387,24.0160034622234,46.010038,57.550055,cnj04,self,465
scanone,UKSO,12,all-years,57.590036,bin_12@57.59cM_scaffold_9105_1938,9.44981082934293,31.7464423434815,54.960034,60.580037,cnj04,self,466
scanone,UKTO,7,all-years,40.760031,bin_7@40.76cM_scaffold_109158_282,6.87422772623751,14.2119200887445,35.700029,49.58004,cnj04,self,467
scanone,UKUY,2,2012,43.420044,bin_2@43.42cM_scaffold_1741_1883,5.90668750405151,18.3057240796724,42.110042,54.470056,cnj04,self,468
scanone,UKUY,2,all-years,8.030008,bin_2@8.03cM_scaffold_11068_3570,7.66499226659817,16.1230302174307,0.0,13.060012,cnj04,self,469
scanone,UKUY,7,all-years,42.410035,bin_7@42.41cM_scaffold_7675_2964,9.44937822002418,21.2601567387611,35.700029,49.58004,cnj04,self,470
scanone,UKUY,10,all-years,79.070082,bin_10@79.07cM_SCF201915,6.41850492286625,12.8904964065849,64.86007,79.760083,cnj04,self,471
scanone,UKUY,11,all-years,37.200031,bin_11@37.2cM_scaffold_95332_586,9.81909083410017,22.4056326909214,36.93003,40.34004,cnj04,self,472
scanone,UKUY,12,2012,54.110033,bin_12@54.11cM_scaffold_47570_2090,7.86661748059497,26.216980317114,46.970026,57.230035,cnj04,self,473
scanone,UNAB,3,all-years,37.130034,bin_3@37.13cM_scaffold_158866_55,9.55211079439738,13.6133685132804,34.780029,40.480037,cnj04,self,474
scanone,UNAB,6,2011,44.390054,bin_6@44.39cM_scaffold_106588_724,15.9204796942112,14.8408496611047,43.530051,45.600055,cnj04,self,475
scanone,UNAF,7,2011,40.760031,bin_7@40.76cM_scaffold_109158_282,10.2486641048014,16.4209534175401,35.700029,43.750036,cnj04,self,476
scanone,UNAF,10,2011,31.850029,bin_10@31.85cM_scaffold_17752_4520,7.63567058142847,11.0817604066098,29.810025,35.420034,cnj04,self,477
scanone,UNAF,11,2011,37.200031,bin_11@37.2cM_scaffold_95332_586,11.0597925213088,18.2830658548866,35.390027,40.34004,cnj04,self,478
scanone,UNAF,12,2012,63.060041,bin_12@63.06cM_scaffold_147305_234,6.80975215064301,10.2249570952171,54.110033,67.240043,cnj04,self,479
scanone,UNAF,12,all-years,54.110033,bin_12@54.11cM_scaffold_47570_2090,7.31630445993156,15.7815535852446,42.810019,57.590036,cnj04,self,480
scanone,UNB,3,2011,68.070049,bin_3@68.07cM_scaffold_28523_940,9.06743981239401,13.9324724825969,56.180046,69.870051,cnj04,self,481
scanone,UNB,6,all-years,28.080031,bin_6@28.08cM_SCF13711,6.37737205690667,14.8692783415679,21.610024,34.160038,cnj04,self,482
scanone,UNB,7,2011,33.240027,bin_7@33.24cM_scaffold_907_14846,10.6659223520615,17.4211149339828,25.820025,38.26003,cnj04,self,483
scanone,UNB,9,2011,26.530017,bin_9@26.53cM_scaffold_5282_2230,7.74909167495774,11.3300725099232,14.02001,28.910018,cnj04,self,484
scanone,UN0,2,2012,53.330054,bin_2@53.33cM_scaffold_57248_610,4.47147498737882,18.5038317844817,43.420044,57.45006,cnj04,self,485
scanone,UNP,1,2011,67.240064,bin_1@67.24cM_scaffold_55812_1447,7.19829030116417,19.4742577895385,66.530063,68.750066,cnj04,self,486
scanone,UNP,11,2011,16.420014,bin_11@16.42cM_scaffold_170652_55,7.81577198769151,21.6375782449694,6.030003,20.180015,cnj04,self,487
scanone,UNP,11,2014,16.420014,bin_11@16.42cM_scaffold_170652_55,6.59258830692871,21.0356317696433,8.360007,20.180015,cnj04,self,488
scanone,PAC,7,2011,51.970045,bin_7@51.97cM_scaffold_44609_43,7.09877356890175,18.000609482957,47.540039,55.400051,cnj04,self,489
scanone,PAC,7,2012,24.260023,bin_7@24.26cM_scaffold_281_9110,8.27387532575902,31.1296597097189,19.780016,33.150026,cnj04,self,490
scanone,PAC,7,2014,21.950019,bin_7@21.95cM_scaffold_8356_2918,8.29118977294703,25.1900605100591,19.780016,33.150026,cnj04,self,491
scanone,PAC,7,all-years,24.260023,bin_7@24.26cM_scaffold_281_9110,7.24833823810841,30.3772158106136,19.780016,33.150026,cnj04,self,492
scanone,PAC,11,2012,38.690036,bin_11@38.69cM_scaffold_75872_1322,6.51823447142212,22.9710728565275,32.730024,47.620042,cnj04,self,493
scanone,PFR,1,2014,62.750057,bin_1@62.75cM_scaffold_25405_879,8.44195951924094,25.9383705681292,58.000054,64.25006,cnj04,self,494
scanone,PFR,4,2012,46.740044,bin_4@46.74cM_scaffold_83153_778,8.74907358450949,18.9501272895072,45.880042,56.900049,cnj04,self,495
scanone,PFR,6,2012,58.660075,bin_6@58.66cM_scaffold_9039_2289,5.73215431142601,11.0973767618439,53.270072,65.800078,cnj04,self,496
scanone,PFR,6,all-years,58.660075,bin_6@58.66cM_scaffold_9039_2289,6.92751795754766,15.6600051451502,53.270072,67.670082,cnj04,self,497
scanone,PFR,8,2012,65.410066,bin_8@65.41cM_scaffold_138_9783,6.07387860892654,11.9072887678276,60.930057,72.970072,cnj04,self,498
scanone,PFR,10,all-years,41.590043,bin_10@41.59cM_scaffold_188333_62,6.76621224188432,15.2042207171007,39.030042,43.790047,cnj04,self,499
scanone,PFR,11,all-years,24.540019,bin_11@24.54cM_scaffold_113473_247,6.63313036650172,14.8319712502961,21.880016,31.230023,cnj04,self,500
scanone,URB,3,2012,19.560014,bin_3@19.56cM_SCF57479,8.30494989572969,13.5836980544826,14.320009,24.550018,cnj04,self,501
scanone,USL,1,2014,65.740062,bin_1@65.74cM_scaffold_12660_440,7.92964688572328,11.0007958622004,63.890059,67.240064,cnj04,self,502
scanone,USL,2,2014,51.49005,bin_2@51.49cM_scaffold_59431_989,11.1798060880542,17.5543677748974,42.110042,52.970053,cnj04,self,503
scanone,USL,4,2014,4.180006,bin_4@4.18cM_scaffold_2971_4766,8.76526177645446,12.5485380554261,2.390004,10.230009,cnj04,self,504
scanone,USL,6,2014,48.900067,bin_6@48.9cM_scaffold_32862_852,11.2624025960475,17.7407376125599,44.390054,49.790069,cnj04,self,505
scanone,USL,9,2012,87.80006,bin_9@87.8cM_scaffold_70962_1187,10.9402919983204,39.5405084635819,85.400056,89.860064,cnj04,self,506
scanone,USL,11,2014,5.090002,bin_11@5.09cM_scaffold_138284_80,9.81994924388427,14.6333414477389,1.19,6.030003,cnj04,self,507
scanone,SFY,6,2011,80.15009,bin_6@80.15cM_scaffold_5398_3808,11.4683476201082,27.534370216996,79.240088,82.700093,cnj04,self,508
scanone,TA,6,2014,31.050033,bin_6@31.05cM_scaffold_10692_6394,6.42120282131274,11.5969955401288,21.610024,35.78004,cnj04,self,509
scanone,TA,8,2014,59.440054,bin_8@59.44cM_scaffold_48160_1165,6.50483475079022,11.7843524437402,53.870049,62.420058,cnj04,self,510
scanone,TA,10,2012,66.900071,bin_10@66.9cM_scaffold_7594_831,7.49081547503208,20.1278370136181,64.86007,71.390075,cnj04,self,511
scanone,TA,11,2014,39.890039,bin_11@39.89cM_SCF21596,13.022104442042,30.256130962199,36.93003,40.34004,cnj04,self,512
scanone,Tacy,3,2014,34.750028,bin_3@34.75cM_scaffold_113156_448,12.0137133855175,43.7379599277215,33.360027,38.950035,cnj04,self,513
scanone,Tacy,3,all-years,54.230044,bin_3@54.23cM_scaffold_52119_1893,15.238323578365,56.0081722737565,47.000042,60.960047,cnj04,self,514
scanone,UTBM,3,2011,36.190032,bin_3@36.19cM_scaffold_6553_5632,16.6510672434172,21.4577695246383,33.360027,45.510041,cnj04,self,515
scanone,UTBM,9,2011,87.340059,bin_9@87.34cM_scaffold_74053_1006,11.0727611934092,11.432002081854,80.040051,88.510062,cnj04,self,516
scanone,UTBM,9,2014,87.340059,bin_9@87.34cM_scaffold_74053_1006,4.59300599032792,19.6068490077655,80.890052,89.860064,cnj04,self,517
scanone,ULvW,11,2014,16.420014,bin_11@16.42cM_scaffold_170652_55,6.51590871693017,36.1008233598513,9.570008,23.860017,cnj04,self,518
scanone,UL,2,all-years,60.430068,bin_2@60.43cM_SCF80703,7.07068954802592,30.2366245499068,56.670059,62.800072,cnj04,self,519
stepwiseqtl,BBISFY,3,2011,25.500019,bin_3@25.5cM_scaffold_103107_262,27.9063483638089,16.1220095082579,22.980017,25.97002,cnj04,self,520
stepwiseqtl,BBISFY,5,2011,61.250035,bin_5@61.25cM_scaffold_128490_342,27.1072120796781,15.1119893629513,58.410033,61.820036,cnj04,self,521
stepwiseqtl,BBITY,3,2011,39.510036,bin_3@39.51cM_scaffold_10536_5015,26.0227119392944,14.4870643124304,37.130034,40.480037,cnj04,self,522
stepwiseqtl,BBITY,4,2011,23.500017,bin_4@23.5cM_scaffold_4761_4837,22.1560762107744,10.4272752002121,18.450016,25.550019,cnj04,self,523
stepwiseqtl,UBL,2,2011,23.700025,bin_2@23.7cM_scaffold_8755_2482,30.3599585025898,11.9667326959228,22.530024,23.920026,cnj04,self,524
stepwiseqtl,UBL,2,2012,53.330054,bin_2@53.33cM_scaffold_57248_610,11.0773060995827,11.3861283899581,43.420044,54.750057,cnj04,self,525
stepwiseqtl,UBL,2,2014,28.810031,bin_2@28.81cM_scaffold_56893_1962,14.9287259658601,13.138744334238,23.920026,34.650033,cnj04,self,526
stepwiseqtl,UBL,2,all-years,43.300043,bin_2@43.3cM_scaffold_1741_1992,28.3049970226932,28.2778477330425,42.110042,47.790045,cnj04,self,527
stepwiseqtl,UBL,3,2012,33.360027,bin_3@33.36cM_scaffold_88664_663,12.9537857513887,14.3270732310704,24.550018,34.750028,cnj04,self,528
stepwiseqtl,UBL,5,2014,41.750013,bin_5@41.75cM_scaffold_71631_1225,13.4897944397179,11.2103314691602,38.15001,45.840018,cnj04,self,529
stepwiseqtl,UBL,7,2014,14.310007,bin_7@14.31cM_scaffold_20071_618,16.1577317530836,14.9437804950095,13.120005,14.610008,cnj04,self,530
stepwiseqtl,UBL,10,2014,36.470037,bin_10@36.47cM_scaffold_11071_5921,13.1931657256198,10.8359626023574,35.900035,43.370046,cnj04,self,531
stepwiseqtl,UBL,10,all-years,37.25004,bin_10@37.25cM_SCF7569,22.1042257579774,16.8287359184226,36.020036,39.030042,cnj04,self,532
stepwiseqtl,UBL,11,2011,16.420014,bin_11@16.42cM_scaffold_170652_55,30.9269150769976,12.5096400262736,11.74001,20.180015,cnj04,self,533
stepwiseqtl,UBL,11,2012,14.620012,bin_11@14.62cM_scaffold_57381_750,10.3158963507718,10.2968508542977,9.570008,20.180015,cnj04,self,534
stepwiseqtl,UBL,11,2014,11.74001,bin_11@11.74cM_scaffold_35099_251,24.1738972575456,31.3208737169076,9.570008,20.180015,cnj04,self,535
stepwiseqtl,UBL,11,all-years,5.090002,bin_11@5.09cM_scaffold_138284_80,26.1101879803773,23.6578372411587,1.19,6.870004,cnj04,self,536
stepwiseqtl,UBBL,1,2011,9.430005,bin_1@9.43cM_scaffold_9160_2298,33.7506807483817,20.6227254994924,7.510004,14.110009,cnj04,self,537
stepwiseqtl,UBBL,5,2014,47.720022,bin_5@47.72cM_scaffold_59748_765,31.2876422467085,17.5820729279463,47.12002,48.310023,cnj04,self,538
stepwiseqtl,UBBL,9,2014,87.340059,bin_9@87.34cM_scaffold_74053_1006,25.9523527199294,11.4732945878976,85.400056,87.80006,cnj04,self,539
stepwiseqtl,UBBL,9,all-years,87.80006,bin_9@87.8cM_scaffold_70962_1187,33.8275130515582,13.2554454712745,87.340059,88.510062,cnj04,self,540
stepwiseqtl,UBBL,10,2014,12.39001,bin_10@12.39cM_scaffold_34564_1124,25.416134365182,10.9742981911195,9.600009,16.730013,cnj04,self,541
stepwiseqtl,UBM,9,2014,80.890052,bin_9@80.89cM_scaffold_32504_717,92.3682868191879,16.8689451245284,80.040051,84.220053,cnj04,self,542
stepwiseqtl,UBM,9,all-years,58.280036,bin_9@58.28cM_scaffold_184159_239,26.2667729562047,15.7193929765299,57.180035,59.090037,cnj04,self,543
stepwiseqtl,UBM,10,all-years,35.420034,bin_10@35.42cM_scaffold_2979_9917,32.0871387813806,24.9732956409825,34.830033,36.020036,cnj04,self,544
stepwiseqtl,UBW,3,all-years,17.200011,bin_3@17.2cM_SCF98686,18.7646916077215,10.7911734110561,16.32001,19.560014,cnj04,self,545
stepwiseqtl,UBW,9,all-years,64.230041,bin_9@64.23cM_scaffold_37146_830,26.077595534256,20.5164438378386,58.280036,65.720042,cnj04,self,546
stepwiseqtl,UBW,10,2014,50.000058,bin_10@50cM_scaffold_3098_9342,15.6450552391299,11.3502187774653,45.250051,52.800059,cnj04,self,547
stepwiseqtl,Brix,4,2014,41.390038,bin_4@41.39cM_scaffold_69505_1274,22.6900886104862,11.3529285993546,40.250037,43.860041,cnj04,self,548
stepwiseqtl,Brix,9,2011,87.010057,bin_9@87.01cM_scaffold_6314_8219,32.7979048838424,27.5584267378321,85.400056,87.80006,cnj04,self,549
stepwiseqtl,Brix,10,2011,58.430065,bin_10@58.43cM_scaffold_36213_544,20.6456877384883,10.1240456450171,50.000058,61.460066,cnj04,self,550
stepwiseqtl,Brix,10,2014,45.250051,bin_10@45.25cM_scaffold_215093_133,22.8207805684956,11.482639429878,41.870044,45.750052,cnj04,self,551
stepwiseqtl,Brix,11,2011,40.34004,bin_11@40.34cM_scaffold_3947_9416,22.9659478567285,12.4331840595674,39.200038,44.640041,cnj04,self,552
stepwiseqtl,Brix,11,2014,44.640041,bin_11@44.64cM_scaffold_66939_1710,32.1635330243499,24.5453147573276,39.200038,47.620042,cnj04,self,553
stepwiseqtl,UCD,2,2012,61.740069,bin_2@61.74cM_scaffold_24212_1491,19.1617633316649,11.4133549627351,57.45006,62.800072,cnj04,self,554
stepwiseqtl,UCD,2,all-years,57.45006,bin_2@57.45cM_SCF125667,26.012693877527,15.1503839822632,56.670059,57.590061,cnj04,self,555
stepwiseqtl,UCD,4,2012,28.700025,bin_4@28.7cM_scaffold_3474_6975,22.3142349771728,15.1854154459154,26.790022,32.880029,cnj04,self,556
stepwiseqtl,UCD,4,2014,68.890054,bin_4@68.89cM_scaffold_70138_1273,22.6437237371812,10.6044024483732,63.820053,69.820055,cnj04,self,557
stepwiseqtl,UCD,4,2014,69.820055,bin_4@69.82cM_scaffold_3122_7154,23.4118635493693,11.3329840868759,68.890054,71.240056,cnj04,self,558
stepwiseqtl,UCD,4,all-years,37.980035,bin_4@37.98cM_scaffold_30462_3194,23.630854797708,12.4027772097291,33.58003,43.860041,cnj04,self,559
stepwiseqtl,UCD,8,2014,53.450048,bin_8@53.45cM_scaffold_10384_6950,22.2047449136516,10.204981485588,52.930046,54.64005,cnj04,self,560
stepwiseqtl,UCD,12,2012,48.810028,bin_12@48.81cM_scaffold_10455_4718,21.808121384333,14.523433772273,46.970026,53.470031,cnj04,self,561
stepwiseqtl,UCLP,1,all-years,67.240064,bin_1@67.24cM_scaffold_55812_1447,25.8127513687035,15.5977236647993,66.530063,68.750066,cnj04,self,562
stepwiseqtl,UCLP,11,all-years,84.20007,bin_11@84.2cM_scaffold_91230_206,24.3882235950933,13.8457136480488,81.230067,87.290071,cnj04,self,563
stepwiseqtl,UCLS,1,2012,31.200032,bin_1@31.2cM_scaffold_68972_1139,31.6340230825769,14.0626312429392,25.380027,32.270034,cnj04,self,564
stepwiseqtl,UCLS,1,2014,9.430005,bin_1@9.43cM_scaffold_9160_2298,26.8553350118013,18.408352165058,7.510004,14.110009,cnj04,self,565
stepwiseqtl,UCLS,2,2011,42.110042,bin_2@42.11cM_scaffold_20649_2180,16.5172877048982,16.9492335435512,39.72004,43.300043,cnj04,self,566
stepwiseqtl,UCLS,3,2011,39.510036,bin_3@39.51cM_scaffold_10536_5015,20.8856447029764,25.6951982367455,37.130034,45.510041,cnj04,self,567
stepwiseqtl,UCLS,7,2012,43.750036,bin_7@43.75cM_scaffold_49114_513,27.469092460732,10.1128263134376,42.410035,45.380037,cnj04,self,568
stepwiseqtl,UCLS,8,2011,84.690075,bin_8@84.69cM_ct89379,11.9244202340659,10.1884720341839,72.970072,84.960076,cnj04,self,569
stepwiseqtl,UCLS,8,2014,60.930057,bin_8@60.93cM_SCF2714,25.5840748846675,16.5793496034886,54.950051,62.420058,cnj04,self,570
stepwiseqtl,UCLS,10,2011,16.730013,bin_10@16.73cM_scaffold_92594_451,13.1293411652621,11.761100488324,4.800006,18.220014,cnj04,self,571
stepwiseqtl,UCLS,11,2014,44.640041,bin_11@44.64cM_scaffold_66939_1710,29.9343463676976,23.5605510681161,39.890039,47.620042,cnj04,self,572
stepwiseqtl,UCLS,12,2011,75.77005,bin_12@75.77cM_scaffold_67779_294,15.7667895736487,15.693618822352,67.750044,75.77005,cnj04,self,573
stepwiseqtl,UKEC,2,2011,59.230066,bin_2@59.23cM_scaffold_2711_7365,29.2314915034142,13.0481172752364,58.780065,59.380067,cnj04,self,574
stepwiseqtl,UKEC,4,2014,10.82001,bin_4@10.82cM_scaffold_8435_1114,22.4324637716944,11.3074956805086,7.160008,17.250014,cnj04,self,575
stepwiseqtl,UKEC,6,all-years,80.730092,bin_6@80.73cM_scaffold_10468_838,20.5479624993636,13.2737732111459,79.240088,82.700093,cnj04,self,576
stepwiseqtl,UKEC,7,2012,64.38006,bin_7@64.38cM_scaffold_89768_544,24.2159494142093,11.7852198723352,64.370059,64.690061,cnj04,self,577
stepwiseqtl,UKEC,10,2012,35.900035,bin_10@35.9cM_scaffold_10256_1367,28.4755539044564,16.7299256214615,35.420034,36.020036,cnj04,self,578
stepwiseqtl,UKEC,10,all-years,4.800006,bin_10@4.8cM_scaffold_21682_3511,20.889561887013,13.690665091613,0.0,9.000007,cnj04,self,579
stepwiseqtl,UKEC,11,all-years,37.200031,bin_11@37.2cM_scaffold_95332_586,18.0759313995035,10.5317058423637,36.93003,38.690036,cnj04,self,580
stepwiseqtl,UKEC,11,all-years,53.590046,bin_11@53.59cM_scaffold_55939_484,21.0679061165468,13.9122389452489,50.210044,54.780047,cnj04,self,581
stepwiseqtl,UKEC,12,2011,49.400029,bin_12@49.4cM_scaffold_40948_2457,27.7528080716651,11.5918484165219,48.760027,53.470031,cnj04,self,582
stepwiseqtl,UKLvW,4,2012,18.450016,bin_4@18.45cM_5ms2b12,30.2002380015116,12.8564470335545,18.390015,23.500017,cnj04,self,583
stepwiseqtl,UKLvW,4,all-years,10.82001,bin_4@10.82cM_scaffold_8435_1114,33.9512598221123,21.7973817136921,7.160008,11.320011,cnj04,self,584
stepwiseqtl,UKLvW,6,2012,80.15009,bin_6@80.15cM_scaffold_5398_3808,33.2461887454826,16.280095450267,79.240088,82.700093,cnj04,self,585
stepwiseqtl,UKLvW,11,2012,38.700037,bin_11@38.7cM_scaffold_18605_4899,36.5289111207153,20.8677028843279,38.070035,39.890039,cnj04,self,586
stepwiseqtl,UKSO,1,2014,15.690011,bin_1@15.69cM_scaffold_16410_888,20.6283823371352,12.4547452493508,14.48001,20.580017,cnj04,self,587
stepwiseqtl,UKSO,1,all-years,105.720087,bin_1@105.72cM_scaffold_75017_350,22.2812141726086,12.0051628629385,102.730086,108.100088,cnj04,self,588
stepwiseqtl,UKSO,7,2014,57.550055,bin_7@57.55cM_scaffold_31844_2770,20.1212018643332,11.8916487746702,56.060054,60.540056,cnj04,self,589
stepwiseqtl,UKSO,11,2011,39.890039,bin_11@39.89cM_SCF21596,94.5262824841135,10.7147163859479,39.200038,40.34004,cnj04,self,590
stepwiseqtl,UKSO,11,all-years,38.690036,bin_11@38.69cM_scaffold_75872_1322,23.3478337308284,13.1702794800404,37.360034,40.34004,cnj04,self,591
stepwiseqtl,UKSO,12,all-years,57.590036,bin_12@57.59cM_scaffold_9105_1938,30.0917168625017,22.8894329466113,54.960034,60.580037,cnj04,self,592
stepwiseqtl,UKTO,2,all-years,57.45006,bin_2@57.45cM_SCF125667,35.8972356019163,25.0046175218542,56.670059,58.780065,cnj04,self,593
stepwiseqtl,UKTO,4,2014,10.82001,bin_4@10.82cM_scaffold_8435_1114,23.2123656520379,15.418506562571,10.230009,11.320011,cnj04,self,594
stepwiseqtl,UKUX,4,2012,17.250014,bin_4@17.25cM_scaffold_47054_2298,102.020451883652,19.2384387787525,10.82001,18.390015,cnj04,self,595
stepwiseqtl,UKUX,4,2014,18.390015,bin_4@18.39cM_scaffold_405_8462,34.8828103028897,20.1463025386717,15.600013,18.450016,cnj04,self,596
stepwiseqtl,UKUX,6,all-years,55.340073,bin_6@55.34cM_scaffold_11512_6263,21.897552435706,11.3232717163751,53.270072,65.800078,cnj04,self,597
stepwiseqtl,UKUX,8,2014,41.690033,bin_8@41.69cM_scaffold_112042_455,26.6207648675483,10.5442534565329,39.74003,46.970035,cnj04,self,598
stepwiseqtl,UKUX,8,all-years,11.670011,bin_8@11.67cM_scaffold_60441_1041,24.6282728146854,14.3281822816292,10.480009,13.160013,cnj04,self,599
stepwiseqtl,UKUY,2,all-years,54.750057,bin_2@54.75cM_SCF3595,41.7287657691892,12.9014443786893,54.470056,57.45006,cnj04,self,600
stepwiseqtl,MFM,1,all-years,0.0,bin_1@0cM_scaffold_53968_1097,21.0382451981473,10.3342015442375,0.0,7.510004,cnj04,self,601
stepwiseqtl,MFM,3,2012,45.510041,bin_3@45.51cM_scaffold_12440_4793,25.7875689241118,16.0405230333203,43.05004,47.000042,cnj04,self,602
stepwiseqtl,MFM,4,all-years,28.700025,bin_4@28.7cM_scaffold_3474_6975,27.1660366078602,17.4143083584736,26.790022,32.320028,cnj04,self,603
stepwiseqtl,MFM,7,2012,0.59,bin_7@0.59cM_scaffold_13015_2407,24.6627516941688,14.6028285176123,0.59,7.160001,cnj04,self,604
stepwiseqtl,MFM,9,2014,60.960039,bin_9@60.96cM_scaffold_41834_716,90.5607869617385,10.3124871727301,59.090037,62.74004,cnj04,self,605
stepwiseqtl,MFM,10,2012,62.450067,bin_10@62.45cM_scaffold_21402_3106,24.4834373990528,14.3837350087958,58.430065,64.440068,cnj04,self,606
stepwiseqtl,MFM,10,all-years,61.460066,bin_10@61.46cM_scaffold_50997_727,24.4276512289285,13.8804101724163,58.430065,64.440068,cnj04,self,607
stepwiseqtl,MFM,11,2014,35.390027,bin_11@35.39cM_scaffold_1773_837,91.5308527943862,11.0249387655131,34.370025,36.650028,cnj04,self,608
stepwiseqtl,MFM,11,all-years,37.200031,bin_11@37.2cM_scaffold_95332_586,23.2343788267767,12.5367221488695,35.390027,38.690036,cnj04,self,609
stepwiseqtl,UNAB,3,all-years,37.130034,bin_3@37.13cM_scaffold_158866_55,19.8194320851815,10.289327393189,35.34003,38.950035,cnj04,self,610
stepwiseqtl,UNAB,6,2011,45.800056,bin_6@45.8cM_scaffold_66897_943,25.863749346875,11.3870584665654,44.390054,47.230062,cnj04,self,611
stepwiseqtl,UNAB,6,2012,16.850018,bin_6@16.85cM_scaffold_88043_917,21.1373852849707,13.006332584892,15.880017,17.450019,cnj04,self,612
stepwiseqtl,UNAB,7,2014,49.58004,bin_7@49.58cM_scaffold_11351_6036,25.9045034994258,15.7502954280624,47.540039,50.770043,cnj04,self,613
stepwiseqtl,UNAB,7,all-years,35.700029,bin_7@35.7cM_scaffold_285_5082,21.9436524202063,12.4636375415617,33.240027,40.760031,cnj04,self,614
stepwiseqtl,UNAB,9,2012,80.890052,bin_9@80.89cM_scaffold_32504_717,23.9616805273741,16.6436957959279,75.260048,84.220053,cnj04,self,615
stepwiseqtl,UNAB,9,2014,65.720042,bin_9@65.72cM_scaffold_5384_8241,22.5446119343067,11.8439896719222,64.230041,73.180046,cnj04,self,616
stepwiseqtl,UNAB,9,all-years,73.180046,bin_9@73.18cM_scaffold_22995_2904,30.0053592419362,24.3140630074115,71.690045,75.170047,cnj04,self,617
stepwiseqtl,UNAB,12,2012,54.110033,bin_12@54.11cM_scaffold_47570_2090,23.5227574452118,16.0310600595189,50.47003,54.960034,cnj04,self,618
stepwiseqtl,UNAF,5,2012,47.720022,bin_5@47.72cM_scaffold_59748_765,26.1143269404937,11.737822979526,47.12002,56.140029,cnj04,self,619
stepwiseqtl,UNAF,7,2011,47.540039,bin_7@47.54cM_scaffold_16392_3223,28.5944938560914,11.5027149951123,41.830033,49.58004,cnj04,self,620
stepwiseqtl,UNAF,7,all-years,19.780016,bin_7@19.78cM_SCF7155,25.5570169799443,13.4951745982688,15.29001,22.77002,cnj04,self,621
stepwiseqtl,UNAF,8,2012,11.670011,bin_8@11.67cM_scaffold_60441_1041,24.4415256927242,10.2089183775682,9.880008,13.160013,cnj04,self,622
stepwiseqtl,UNAF,11,all-years,6.870004,bin_11@6.87cM_scaffold_27949_1363,24.2837885984402,12.1284263198051,5.090002,8.300006,cnj04,self,623
stepwiseqtl,UNAF,12,all-years,53.470031,bin_12@53.47cM_scaffold_56236_601,24.1125023511751,11.9535187008566,50.47003,54.960034,cnj04,self,624
stepwiseqtl,UNB,3,2011,41.080038,bin_3@41.08cM_scaffold_27872_1456,19.3438528984814,10.6403498062158,39.510036,45.510041,cnj04,self,625
stepwiseqtl,UNB,3,2014,38.950035,bin_3@38.95cM_scaffold_10536_5013,28.252555141619,23.4738667056676,37.130034,40.480037,cnj04,self,626
stepwiseqtl,UNB,6,2011,80.130089,bin_6@80.13cM_scaffold_40863_563,20.1028040038903,11.4151455943837,79.240088,82.700093,cnj04,self,627
stepwiseqtl,UNB,6,2012,18.04002,bin_6@18.04cM_scaffold_93830_824,14.4914948934904,10.9733381998876,16.850018,19.230021,cnj04,self,628
stepwiseqtl,UNB,6,2014,31.050033,bin_6@31.05cM_scaffold_10692_6394,23.903105111242,16.3923557319174,28.170032,33.510037,cnj04,self,629
stepwiseqtl,UNB,6,all-years,28.170032,bin_6@28.17cM_scaffold_57397_425,23.4997853675187,11.8202124358439,26.69003,31.050033,cnj04,self,630
stepwiseqtl,UNB,11,2012,38.070035,bin_11@38.07cM_scaffold_7181_4242,20.2767184645824,19.4697149479734,34.370025,39.890039,cnj04,self,631
stepwiseqtl,UN0,1,2012,66.530063,bin_1@66.53cM_scaffold_56373_2256,30.2114813264007,17.1395959242879,65.740062,68.750066,cnj04,self,632
stepwiseqtl,UN0,2,2012,53.330054,bin_2@53.33cM_scaffold_57248_610,31.020315313861,18.2598858187605,50.250049,54.470056,cnj04,self,633
stepwiseqtl,UN0,4,2014,35.640033,bin_4@35.64cM_SCF154541,26.2111856237383,15.2454824592144,33.58003,36.850034,cnj04,self,634
stepwiseqtl,UN0,9,2014,87.010057,bin_9@87.01cM_scaffold_6314_8219,24.0786667797899,12.7560701900093,80.890052,87.80006,cnj04,self,635
stepwiseqtl,UN0,11,2014,70.43006,bin_11@70.43cM_scaffold_123424_120,26.243875806588,15.2865547791691,67.450058,73.750062,cnj04,self,636
stepwiseqtl,UNP,4,all-years,32.320028,bin_4@32.32cM_SCF28100,20.5995470022416,10.7109768620735,29.890027,33.58003,cnj04,self,637
stepwiseqtl,UNP,6,all-years,15.880017,bin_6@15.88cM_scaffold_78853_330,25.9415350753993,16.9859063511743,14.630016,16.850018,cnj04,self,638
stepwiseqtl,UNP,7,2014,19.560015,bin_7@19.56cM_scf137c,49.4249042124853,12.3411512942631,15.29001,19.780016,cnj04,self,639
stepwiseqtl,UNP,8,2012,9.880008,bin_8@9.88cM_scaffold_11240_4170,34.7440569926413,25.6537242876954,7.550007,11.670011,cnj04,self,640
stepwiseqtl,UNP,11,2012,58.570053,bin_11@58.57cM_scaffold_1316_7389,24.0144011891002,10.9176611122667,56.580049,59.470055,cnj04,self,641
stepwiseqtl,UNP,11,2014,11.74001,bin_11@11.74cM_scaffold_35099_251,49.7925135242941,12.6678858606581,9.570008,14.050011,cnj04,self,642
stepwiseqtl,UNS,1,2011,67.820065,bin_1@67.82cM_scaffold_1308_10338,66.4129956072672,18.7467074977218,66.530063,68.750066,cnj04,self,643
stepwiseqtl,UNS,1,all-years,88.550077,bin_1@88.55cM_scaffold_20176_1206,29.8391102122482,16.2803689402828,81.390076,92.18008,cnj04,self,644
stepwiseqtl,UNS,3,2011,52.940043,bin_3@52.94cM_scaffold_14059_5352,58.2284062845395,10.5960637183231,47.000042,54.230044,cnj04,self,645
stepwiseqtl,UNS,3,2014,36.490033,bin_3@36.49cM_scaffold_3243_9538,29.0770189767434,22.1662980251018,36.190032,38.950035,cnj04,self,646
stepwiseqtl,UNS,3,all-years,40.480037,bin_3@40.48cM_scaffold_61162_731,29.3428520579622,15.6538340749053,39.510036,45.510041,cnj04,self,647
stepwiseqtl,UNS,7,all-years,7.160001,bin_7@7.16cM_scaffold_33596_1894,33.2041020036722,21.1421872510077,0.59,10.800002,cnj04,self,648
stepwiseqtl,UNS,9,2014,43.770024,bin_9@43.77cM_scaffold_83546_53,19.8478453633846,10.1219116482153,38.060023,49.290028,cnj04,self,649
stepwiseqtl,PAC,7,2011,49.58004,bin_7@49.58cM_scaffold_11351_6036,29.9555280210013,13.1721254636367,47.540039,55.400051,cnj04,self,650
stepwiseqtl,PAC,7,2012,24.260023,bin_7@24.26cM_scaffold_281_9110,8.27387532575902,31.1296597097189,19.780016,33.150026,cnj04,self,651
stepwiseqtl,PAC,7,all-years,25.820025,bin_7@25.82cM_SCF25221,26.0373175441333,15.0634220716053,24.330024,33.150026,cnj04,self,652
stepwiseqtl,PAC,8,2011,66.000067,bin_8@66cM_SCF17979,29.4147567945224,12.6212267149937,65.410066,68.400068,cnj04,self,653
stepwiseqtl,PAC,11,2012,38.690036,bin_11@38.69cM_scaffold_75872_1322,6.51823447142212,22.9710728565275,32.730024,47.620042,cnj04,self,654
stepwiseqtl,PFR,1,2014,62.750057,bin_1@62.75cM_scaffold_25405_879,9.36898556474768,34.7884262901744,58.280056,64.25006,cnj04,self,655
stepwiseqtl,PFR,4,2011,80.730061,bin_4@80.73cM_scaffold_12481_3093,22.0039050839575,12.4220341485566,71.240056,81.730062,cnj04,self,656
stepwiseqtl,PFR,9,2012,64.230041,bin_9@64.23cM_scaffold_37146_830,10.1889710396525,13.6609006565032,58.280036,65.720042,cnj04,self,657
stepwiseqtl,PFR,11,2012,27.29002,bin_11@27.29cM_scaffold_19953_2715,11.8759756806792,16.9961075160442,21.880016,31.230023,cnj04,self,658
stepwiseqtl,URB,3,2014,62.750048,bin_3@62.75cM_scaffold_13482_2452,19.9149171610612,15.400202399939,56.180046,68.63005,cnj04,self,659
stepwiseqtl,URB,5,2014,31.090008,bin_5@31.09cM_scaffold_20582_2639,24.8748258339762,23.7908851732488,25.480007,37.050009,cnj04,self,660
stepwiseqtl,URB,9,2014,89.290063,bin_9@89.29cM_scaffold_194_6347,15.9885654476988,10.5148249202591,87.940061,89.860064,cnj04,self,661
stepwiseqtl,URB,10,all-years,41.870044,bin_10@41.87cM_scaffold_43599_778,11.3698880975041,29.3707418330101,36.020036,43.960048,cnj04,self,662
stepwiseqtl,USL,3,2012,22.980017,bin_3@22.98cM_scaffold_6379_4467,15.8556367475057,22.9477036968215,21.490016,34.750028,cnj04,self,663
stepwiseqtl,USL,9,2012,87.80006,bin_9@87.8cM_scaffold_70962_1187,15.9841005011821,23.2543394282319,85.400056,89.860064,cnj04,self,664
stepwiseqtl,USL,12,2014,54.110033,bin_12@54.11cM_scaffold_47570_2090,30.1581700974763,15.2348637688856,50.47003,54.960034,cnj04,self,665
stepwiseqtl,SFY,4,2011,41.390038,bin_4@41.39cM_scaffold_69505_1274,23.3189266534456,12.3097300637219,40.250037,43.860041,cnj04,self,666
stepwiseqtl,SFY,6,2012,38.120044,bin_6@38.12cM_scaffold_1960_8739,7.16191802152505,23.2813393233498,28.170032,40.360047,cnj04,self,667
stepwiseqtl,SFY,10,all-years,62.450067,bin_10@62.45cM_scaffold_21402_3106,32.0831545616178,24.5531158143533,61.460066,64.440068,cnj04,self,668
stepwiseqtl,SFY,11,2011,20.180015,bin_11@20.18cM_scaffold_72495_1231,21.0861705896081,10.1169466125681,11.74001,23.860017,cnj04,self,669
stepwiseqtl,SFY,11,2012,36.880029,bin_11@36.88cM_scaffold_14991_5981,11.0213305412708,41.4738944902932,34.370025,38.690036,cnj04,self,670
stepwiseqtl,SFY,11,all-years,27.29002,bin_11@27.29cM_scaffold_19953_2715,21.465450446543,10.2591819947299,21.880016,31.230023,cnj04,self,671
stepwiseqtl,SFY,12,all-years,46.970026,bin_12@46.97cM_scaffold_6159_7441,21.8550115566779,10.620139041351,44.600024,48.760027,cnj04,self,672
stepwiseqtl,TA,1,2012,77.400074,bin_1@77.4cM_scaffold_1399_7325,27.4123470628611,11.8073226273649,74.00007,88.550077,cnj04,self,673
stepwiseqtl,TA,3,2011,21.490016,bin_3@21.49cM_scaffold_19700_1833,32.2603568429154,19.1743365192497,20.750015,24.550018,cnj04,self,674
stepwiseqtl,TA,6,2011,24.590025,bin_6@24.59cM_scaffold_1462_6406,25.5366946552531,11.2114127593563,21.610024,26.220027,cnj04,self,675
stepwiseqtl,TA,11,2011,21.880016,bin_11@21.88cM_scaffold_1122_2182,33.5767346759991,21.2120260788921,16.420014,23.860017,cnj04,self,676
stepwiseqtl,TA,11,2014,38.070035,bin_11@38.07cM_scaffold_7181_4242,39.9646229156234,30.6110941845282,37.360034,38.690036,cnj04,self,677
stepwiseqtl,TA,11,all-years,16.420014,bin_11@16.42cM_scaffold_170652_55,24.5244519845974,20.2925140199861,15.290013,20.180015,cnj04,self,678
stepwiseqtl,Tacy,3,2014,36.490033,bin_3@36.49cM_scaffold_3243_9538,38.6869957485023,21.5047732948612,36.190032,38.950035,cnj04,self,679
stepwiseqtl,Tacy,6,2014,38.120044,bin_6@38.12cM_scaffold_1960_8739,32.5123210156981,13.5075888623713,37.840043,38.770045,cnj04,self,680
stepwiseqtl,Tacy,6,all-years,38.770045,bin_6@38.77cM_scaffold_63438_577,21.8265434927797,10.0789515081914,37.840043,40.360047,cnj04,self,681
stepwiseqtl,UTBM,1,2014,109.290089,bin_1@109.29cM_scaffold_8541_630,24.9063058446733,13.0050136545076,105.720087,110.20009,cnj04,self,682
stepwiseqtl,UTBM,3,2011,36.190032,bin_3@36.19cM_scaffold_6553_5632,33.3532914915653,17.0690885508099,35.34003,38.950035,cnj04,self,683
stepwiseqtl,UTBM,3,all-years,36.190032,bin_3@36.19cM_scaffold_6553_5632,25.9945238503659,12.9953049650595,34.780029,36.490033,cnj04,self,684
stepwiseqtl,UTBM,4,2012,17.250014,bin_4@17.25cM_scaffold_47054_2298,23.9324768815289,11.7871041509463,15.600013,18.450016,cnj04,self,685
stepwiseqtl,UTBM,6,2011,80.130089,bin_6@80.13cM_scaffold_40863_563,28.972970741558,12.132861779825,79.240088,82.700093,cnj04,self,686
stepwiseqtl,UTBM,6,2014,16.850018,bin_6@16.85cM_scaffold_88043_917,26.6697795026673,15.0500417156763,15.880017,17.450019,cnj04,self,687
stepwiseqtl,UTBM,9,2011,88.510062,bin_9@88.51cM_scaffold_17431_1305,29.2316845968701,12.3849537449153,87.940061,89.860064,cnj04,self,688
stepwiseqtl,UTBM,9,2014,84.220053,bin_9@84.22cM_scaffold_30128_1137,26.1255081348954,14.3922289014006,80.890052,85.370055,cnj04,self,689
stepwiseqtl,UTBM,9,all-years,80.040051,bin_9@80.04cM_ct154206,23.3617365117868,10.4113087929402,75.260048,84.220053,cnj04,self,690
stepwiseqtl,UTBM,10,2012,53.49006,bin_10@53.49cM_scaffold_39122_1554,25.4737412232103,13.4193977125039,50.000058,55.290063,cnj04,self,691
stepwiseqtl,UTBM,12,2012,57.590036,bin_12@57.59cM_scaffold_9105_1938,30.7323263602877,20.4897122556274,54.960034,60.580037,cnj04,self,692
stepwiseqtl,TY,4,2011,45.880042,bin_4@45.88cM_scaffold_22674_919,29.4031031905917,11.6928205439119,43.24004,46.450043,cnj04,self,693
stepwiseqtl,TY,5,2012,87.210057,bin_5@87.21cM_scaffold_38077_2923,24.0186964006685,10.2991373980845,82.660056,88.310058,cnj04,self,694
stepwiseqtl,TY,7,2011,64.370059,bin_7@64.37cM_scaffold_79768_1133,29.7427497354892,12.0111957568738,60.620057,64.690061,cnj04,self,695
stepwiseqtl,TY,9,2011,87.010057,bin_9@87.01cM_scaffold_6314_8219,28.7815138077783,11.1290634771919,85.400056,87.80006,cnj04,self,696
stepwiseqtl,TY,10,2012,64.440068,bin_10@64.44cM_scaffold_110582_149,26.7908371829152,12.9742484069895,62.450067,66.900071,cnj04,self,697
stepwiseqtl,TY,10,all-years,12.580011,bin_10@12.58cM_scaffold_90650_663,7.31959287794297,11.9675494273341,4.800006,16.730013,cnj04,self,698
stepwiseqtl,TY,10,all-years,61.460066,bin_10@61.46cM_scaffold_50997_727,13.0609743754201,26.6135281237976,58.430065,64.440068,cnj04,self,699
stepwiseqtl,TY,12,2012,54.960034,bin_12@54.96cM_scaffold_2841_5173,28.126905588044,14.457338726224,54.110033,57.230035,cnj04,self,700
stepwiseqtl,TY,12,all-years,48.760027,bin_12@48.76cM_scaffold_24404_4173,13.1593229371022,26.9181889303944,38.110015,48.810028,cnj04,self,701
stepwiseqtl,ULvW,2,2011,43.420044,bin_2@43.42cM_scaffold_1741_1883,27.8786622509678,21.9635838771049,42.110042,47.790045,cnj04,self,702
stepwiseqtl,ULvW,2,all-years,25.640029,bin_2@25.64cM_scaffold_63671_1144,20.3043601944784,12.6440750843041,24.150027,28.18003,cnj04,self,703
stepwiseqtl,ULvW,7,2011,64.690061,bin_7@64.69cM_scaffold_79143_1116,19.1885702458346,10.3820279547744,60.620057,65.870062,cnj04,self,704
stepwiseqtl,ULvW,10,2011,36.020036,bin_10@36.02cM_scaffold_18203_3098,19.2259626601582,10.4184986864524,35.420034,41.590043,cnj04,self,705
stepwiseqtl,ULvW,11,2011,9.570008,bin_11@9.57cM_scaffold_125_21038,24.6075358898222,16.7780030917784,8.360007,11.070009,cnj04,self,706
stepwiseqtl,ULvW,11,2012,16.420014,bin_11@16.42cM_scaffold_170652_55,31.5357744293205,15.0816949975866,15.290013,20.180015,cnj04,self,707
stepwiseqtl,ULvW,11,2014,16.420014,bin_11@16.42cM_scaffold_170652_55,6.51590871693017,36.1008233598513,9.570008,23.860017,cnj04,self,708
stepwiseqtl,ULvW,11,all-years,11.74001,bin_11@11.74cM_scaffold_35099_251,21.0087452249987,13.4778022762981,9.570008,14.050011,cnj04,self,709
stepwiseqtl,UMFM,2,all-years,23.700025,bin_2@23.7cM_scaffold_8755_2482,18.7269752935862,13.5186675549065,22.530024,24.150027,cnj04,self,710
stepwiseqtl,UMFM,5,2014,42.430014,bin_5@42.43cM_scaffold_4687_1875,30.2530276550604,25.4622100739888,41.750013,42.630015,cnj04,self,711
stepwiseqtl,UMFM,10,all-years,35.900035,bin_10@35.9cM_scaffold_10256_1367,27.8406025629657,29.7812147823476,34.830033,36.020036,cnj04,self,712
stepwiseqtl,UMFM,11,2014,11.74001,bin_11@11.74cM_scaffold_35099_251,21.0241044529075,11.7936085210631,9.570008,14.050011,cnj04,self,713
stepwiseqtl,UL,2,2014,39.72004,bin_2@39.72cM_scaffold_69654_1568,20.1796996363336,10.6953062239332,39.130039,40.850041,cnj04,self,714
stepwiseqtl,UL,2,2014,78.400082,bin_2@78.4cM_scaffold_3671_8042,28.4829921396649,21.6665220712673,74.700078,82.400083,cnj04,self,715
stepwiseqtl,UL,2,all-years,2.380004,bin_2@2.38cM_scaffold_9857_1606,28.5066590629584,14.5991122440178,1.790002,8.030008,cnj04,self,716
stepwiseqtl,UL,2,all-years,57.590061,bin_2@57.59cM_scaffold_24126_604,26.8183994299994,12.7371871946154,57.45006,59.230066,cnj04,self,717
stepwiseqtl,UL,8,2014,52.930046,bin_8@52.93cM_scaffold_7472_6967,19.6238567999509,10.1608910380789,52.330044,53.140047,cnj04,self,718
stepwiseqtl,UL,12,2014,17.890006,bin_12@17.89cM_scaffold_67540_1151,19.6264968907212,10.1633813999983,12.210005,22.550011,cnj04,self,719
