Row,Col,Plant,Year,Month,TY,SFY,MFW,PFR,Tacy,Brix,TA,PAC
7,41,Stevens,y2011,September,569.6,507.1,3.2,11,12,8.1,2.46,NA
7,42,Ben Lear,y2011,September,581.8,479.9,2.1,17.5,30,8.1,2.33,NA
7,43,Crimson Queen,y2011,September,595.9,457.1,2.4,23.1,22,8.8,2.42,NA
7,45,Mullica Queen,y2011,September,643.3,580.5,2.6,9.4,16,8.8,2.36,NA
7,46,CNJ02_1_1,y2011,September,507.4,268.6,2.3,46.6,19,7.9,2.28,2.07
7,47,CNJ02_1_2,y2011,September,723.6,651.9,2.4,9.6,33,7.9,2.59,1.27
7,48,CNJ02_1_3,y2011,September,667.8,406.6,2.2,38.2,28,8.4,2.48,1.35
7,49,CNJ02_1_4,y2011,September,561.5,495.3,2.3,11.7,17,7.7,2.25,1.44
7,50,CNJ02_1_5,y2011,September,540.6,485.2,2.4,9.5,22,7.3,2.62,1.13
7,51,CNJ02_1_6,y2011,September,667,391.9,2,40.9,13,8.1,2.28,1.72
7,52,CNJ02_1_7,y2011,September,497.2,400.5,2.5,19.4,33,7.5,2.54,1.12
7,53,CNJ02_1_8,y2011,September,630.6,529.4,2,15.8,26,7.9,2.38,1.41
7,54,CNJ02_1_9,y2011,September,695.4,601.5,2.6,13.5,27,7.7,2.37,1.63
8,1,CNJ02_1_10,y2011,September,128.8,76.2,1.5,40.1,32,8.8,2.18,2.24
8,2,CNJ02_1_11,y2011,September,307.7,115.7,1.9,61.9,16,9,2.24,1.38
8,3,CNJ02_1_12,y2011,September,286.1,256.3,1.9,10.4,25,8.1,2.26,1.6
8,4,CNJ02_1_13,y2011,September,216.4,123.5,1.9,42.8,22,9.7,2.15,2.2
8,5,CNJ02_1_14,y2011,September,115.4,85.5,1.9,25.9,30,8.1,2.67,2.03
8,6,CNJ02_1_15,y2011,September,387.1,336.5,1.9,12.6,7,8.8,2.21,1.39
8,7,CNJ02_1_16,y2011,September,369.6,342,2.3,7.3,12,8.1,2.53,1.3
8,8,CNJ02_1_17,y2011,September,209.8,165,2.9,20.6,27,8.4,2.31,1.48
8,9,CNJ02_1_18,y2011,September,529.1,499.8,2.2,5.5,16,8.6,2.18,1.53
8,10,CNJ02_1_19,y2011,September,362.6,318,1.7,12.2,27,9,2.12,1.82
8,11,CNJ02_1_20,y2011,September,409.9,337.9,1.9,17.5,9,7.5,2.52,1.98
8,12,CNJ02_1_21,y2011,September,430.1,348.7,1.9,18.9,20,8.1,2.46,1.8
8,13,CNJ02_1_22,y2011,September,261,150.4,2,42.1,20,8.8,2.14,1.09
8,14,CNJ02_1_23,y2011,September,526,333.9,2.7,36.3,16,8.4,2.41,1.95
8,15,CNJ02_1_24,y2011,September,505.6,434,2.1,14,17,8.4,2.19,1.39
8,16,CNJ02_1_25,y2011,September,232.7,137.7,2.6,40.8,17,9,2.35,2.25
8,17,CNJ02_1_26,y2011,September,843.1,543.8,2.1,35.1,24,8.1,2.18,1.32
8,18,CNJ02_1_27,y2011,September,549.9,505.6,3,8,27,7.9,2.48,1.08
8,19,CNJ02_1_28,y2011,September,317.1,234.8,2.1,25.9,18,8.6,2.72,2.06
8,20,CNJ02_1_29,y2011,September,633.5,531.8,2.3,16,10,7.7,2.14,0.83
8,21,CNJ02_1_30,y2011,September,313.3,266.4,2.3,15,15,9.2,2.53,1.52
8,22,CNJ02_1_31,y2011,September,517.4,333.9,2.6,35.4,13,8.4,2.32,1.44
8,23,CNJ02_1_32,y2011,September,484.3,374.6,2.1,22.5,19,7.9,1.95,1.34
8,24,CNJ02_1_33,y2011,September,634.1,388.6,2.4,38.7,32,8.1,2.21,1.51
8,25,CNJ02_1_34,y2011,September,588.5,540.7,2.1,8.1,21,8.4,2.14,2.23
8,26,CNJ02_1_35,y2011,September,132.7,76,2.6,42.7,25,7.9,2.37,1.81
8,27,CNJ02_1_36,y2011,September,244.2,227,2.4,6.9,30,9.5,2.4,1.24
8,28,CNJ02_1_37,y2011,September,481.6,296,2.2,38.5,23,9.2,2.79,1.34
8,29,CNJ02_1_38,y2011,September,555.2,440.6,3.1,20.4,19,8.4,2.28,1.79
8,30,CNJ02_1_39,y2011,September,760.9,594,2.6,21.9,13,8.1,2.76,1.01
8,31,CNJ02_1_40,y2011,September,358.3,302.6,2.3,15.5,14,8.6,2.48,2.24
8,32,CNJ02_1_41,y2011,September,539.8,405.1,2.1,24.7,22,7.9,2.16,1.08
8,33,CNJ02_1_42,y2011,September,403,381.7,1.9,5.3,13,8.4,2.3,1.28
8,34,CNJ02_1_43,y2011,September,569.9,520.5,2,8.2,20,8.1,2.52,1.71
8,35,CNJ02_1_44,y2011,September,491.9,323,2.3,34.3,26,9.2,2.3,1.25
8,36,CNJ02_1_45,y2011,September,500.4,408.2,2.2,18.4,16,8.4,2.16,1.53
8,37,CNJ02_1_46,y2011,September,526.4,374.8,2,28.8,28,8.1,2.33,1.5
8,38,CNJ02_1_47,y2011,September,597.7,461.1,2,22.8,27,7.9,2.42,1.17
8,39,CNJ02_1_48,y2011,September,711,651.5,2.8,8.3,17,7.9,2.82,1.25
8,40,CNJ02_1_49,y2011,September,502.5,424.2,2.1,15.5,22,8.4,2.2,1.65
8,41,CNJ02_1_50,y2011,September,653.9,560.9,2.8,14,16,7.3,2.69,1.11
8,42,CNJ02_1_51,y2011,September,569.1,532.1,2.5,6.5,18,8.1,2.32,1.41
8,43,CNJ02_1_52,y2011,September,370,316.8,2,14.4,23,8.8,2.62,1.31
8,44,CNJ02_1_53,y2011,September,988.9,847.3,2.2,14.3,33,7.5,2.37,1.47
8,45,CNJ02_1_54,y2011,September,634.1,468.1,2.1,26.1,24,7.7,2.68,1.53
8,46,CNJ02_1_55,y2011,September,826.5,698.5,2.6,15.5,24,8.4,2.39,1.39
8,47,CNJ02_1_56,y2011,September,437.4,402.3,2.8,7.8,22,8.4,2.64,1.64
8,48,CNJ02_1_57,y2011,September,636.7,464.3,3,27.1,19,7.3,2.69,1.03
8,49,CNJ02_1_58,y2011,September,770.1,669.7,2.8,12.9,27,7.5,2.61,1.76
8,50,CNJ02_1_59,y2011,September,686.7,631.8,2.1,8,28,7.9,2.29,2.23
8,51,CNJ02_1_60,y2011,September,544.5,476.8,2.6,12.4,14,8.4,2.52,1.7
8,52,CNJ02_1_61,y2011,September,671.9,561,2.7,16.4,21,7.3,2.46,1.91
8,53,CNJ02_1_62,y2011,September,509.6,447.2,2.2,12.2,18,7.7,2.25,1.36
8,54,CNJ02_1_63,y2011,September,394.5,363.5,2.1,7.5,33,8.1,2.13,1.97
9,1,CNJ02_1_64,y2011,September,217.3,200.8,1.5,7.1,34,8.8,2.4,2.36
9,2,CNJ02_1_65,y2011,September,311.4,170.4,1.9,44.4,19,9,2.01,1.69
9,3,CNJ02_1_66,y2011,September,422.3,307.5,2.1,27.1,29,8.8,2.73,1.57
9,4,CNJ02_1_67,y2011,September,371.6,187,1.6,49.6,22,9.7,2.24,1.75
9,5,CNJ02_1_68,y2011,September,406.2,350.1,2.3,13.6,34,7.9,2.34,2.17
9,6,CNJ02_1_69,y2011,September,395,264.5,2.2,33,26,7.9,2.41,2.06
9,7,CNJ02_1_70,y2011,September,366,303,2.3,17.2,26,8.4,2.31,1.55
9,8,CNJ02_1_71,y2011,September,297.4,234.8,3,21,15,9.2,2.41,1.51
9,9,CNJ02_1_72,y2011,September,550.8,425.5,2.5,22.7,23,7.5,2.35,1.63
9,10,CNJ02_1_73,y2011,September,84.2,49.6,1.5,38.5,25,8.1,2.17,2.8
9,11,CNJ02_1_74,y2011,September,84.6,15.9,1.4,81.2,NA,NA,NA,2.38
9,12,CNJ02_1_75,y2011,September,286.3,210.8,1.8,26.1,16,9.2,2.29,2.35
9,13,CNJ02_1_76,y2011,September,282.9,171.1,2.3,39.1,30,8.1,2.34,2.18
9,14,CNJ02_1_77,y2011,September,234.8,130.3,2.8,44.4,19,9,2.28,2.09
9,15,CNJ02_1_78,y2011,September,216.3,139.5,2.2,35.5,30,8.8,2.51,1.73
9,16,CNJ02_1_79,y2011,September,295.5,268.8,2.2,9,21,9.2,1.99,2
9,17,CNJ02_1_80,y2011,September,573.4,504.7,2.5,11.8,18,7.7,2.27,1.73
9,18,CNJ02_1_81,y2011,September,547,387.6,2.5,29.1,27,8.6,2.7,1.5
9,19,CNJ02_1_82,y2011,September,450.3,274,2.4,39,17,8.1,2.57,1.78
9,20,CNJ02_1_83,y2011,September,339.8,258.7,2.3,23.6,10,8.6,2.45,1.92
9,21,CNJ02_1_84,y2011,September,338.2,250.4,1.9,25.9,16,8.4,2.36,2.27
9,22,CNJ02_1_85,y2011,September,445.5,348.4,1.7,21.2,18,8.4,2.26,1.46
9,23,CNJ02_1_86,y2011,September,411.2,358.4,2.1,12.8,27,9.2,2.58,1.22
9,24,CNJ02_1_87,y2011,September,556.9,444.8,2,20.1,10,8.4,2.55,1.58
9,25,CNJ02_1_88,y2011,September,540.2,455.5,2.7,14.6,22,8.1,2.2,1.62
9,26,CNJ02_1_89,y2011,September,298.1,222.2,2.1,25.3,20,8.8,2.43,1.45
9,27,CNJ02_1_90,y2011,September,376.1,311.1,2.3,16.9,30,8.1,2.63,1.79
9,28,CNJ02_1_91,y2011,September,211.8,119.8,2.5,43.1,40,8.6,2.26,2.32
9,29,CNJ02_1_92,y2011,September,552.9,498.4,2.3,9.8,23,8.6,2.56,1.11
9,30,CNJ02_1_93,y2011,September,376.8,289.2,2.3,23.2,24,8.8,2.22,2.38
9,31,CNJ02_1_94,y2011,September,388.2,255.7,2.4,34,23,9,2.67,1.24
9,32,CNJ02_1_95,y2011,September,192.1,85.8,1.6,54.3,22,8.4,2.23,1.65
9,33,CNJ02_1_96,y2011,September,300.1,247,2,17.4,24,8.6,2.29,1.29
9,34,CNJ02_1_97,y2011,September,281.2,263.4,1.8,6.2,36,9.2,2.04,1.29
9,35,CNJ02_1_98,y2011,September,376.3,249.8,2.3,33.4,10,7.9,2.69,1.61
9,36,CNJ02_1_99,y2011,September,344.3,251,2.1,26.8,24,7,1.71,1.46
9,37,CNJ02_1_100,y2011,September,433.9,191.1,2.1,55.8,37,8.8,2.16,1.45
9,38,CNJ02_1_101,y2011,September,517.9,445.1,2.6,14,21,9,2.41,1.82
9,39,CNJ02_1_102,y2011,September,539,485.9,2.4,9.7,19,8.1,2.25,1.46
9,40,CNJ02_1_103,y2011,September,332.9,286,2.2,13.8,16,9.2,2.08,1.46
9,41,CNJ02_1_104,y2011,September,348.7,264.6,2.7,23.8,16,8.8,2.46,1.68
9,42,CNJ02_1_105,y2011,September,610.3,547.2,2.1,10.2,21,8.1,2.33,1.89
9,43,CNJ02_1_106,y2011,September,416.4,339.8,2.6,18.3,19,7.9,2.65,1.44
9,44,CNJ02_1_107,y2011,September,185.1,44.9,2.8,75.4,32,8.4,2.6,1.64
9,45,CNJ02_1_108,y2011,September,276.5,152.9,2.5,44.6,20,7.9,2.51,1.47
9,46,CNJ02_1_109,y2011,September,410.9,358.9,2.4,12.4,25,8.6,2.47,1.53
9,47,CNJ02_1_110,y2011,September,471.8,352.9,1.9,25.2,33,9,2.17,1.69
9,48,CNJ02_1_111,y2011,September,442.1,337,2.4,23.8,35,8.4,2.3,1.62
9,49,CNJ02_1_112,y2011,September,575.5,406.1,2.3,29.4,22,8.6,2.22,1.33
9,50,CNJ02_1_113,y2011,September,620.1,512.2,2.5,17.4,12,8.8,2.45,1.2
9,51,CNJ02_1_114,y2011,September,461.4,367.9,3,20.3,28,8.6,2.48,1.22
9,52,CNJ02_1_115,y2011,September,626.8,549.2,2.6,12.3,13,7.9,2.33,1.34
9,53,CNJ02_1_116,y2011,September,841.3,750.7,2.4,10.6,22,7.9,2.57,1.52
9,54,CNJ02_1_117,y2011,September,337.9,285.3,2.4,15.2,17,8.4,2.04,1.32
10,2,CNJ02_1_118,y2011,September,518.3,462.3,2.3,10.6,19,7.5,2.59,1.47
10,3,CNJ02_1_119,y2011,September,106.3,64.2,1.6,39.6,41,7.9,2.25,2.05
10,4,CNJ02_1_120,y2011,September,293,183.6,2,37.3,18,7.5,2.36,2.02
10,5,CNJ02_1_121,y2011,September,220.4,147.3,1.8,33.2,23,8.8,2.32,2.53
10,6,CNJ02_1_122,y2011,September,175.6,117.8,1.6,32.9,15,7.5,2.14,1.67
10,7,CNJ02_1_123,y2011,September,145.6,102.5,1.7,29.6,23,9.7,1.98,1.51
10,8,CNJ02_1_124,y2011,September,271.8,204.7,1.9,24.3,16,8.4,1.98,2.26
10,9,CNJ02_1_125,y2011,September,244.2,197.1,2.6,19,19,8.6,2.69,1.83
10,10,CNJ02_1_126,y2011,September,168,95.5,1.8,43.1,46,8.8,2.1,2.39
10,11,CNJ02_1_127,y2011,September,439.3,314.5,1.7,28.4,13,7.9,2.43,1.17
10,12,CNJ02_1_128,y2011,September,508.8,390.8,2.4,23.2,14,8.8,2.37,1.51
10,13,CNJ02_1_129,y2011,September,387.8,244.8,2.3,36.8,18,8.1,2.11,1.74
10,14,CNJ02_1_130,y2011,September,352.1,247.6,2.1,29.5,10,8.6,1.93,1.76
10,15,CNJ02_1_131,y2011,September,244.2,150.7,2.2,38.2,32,8.6,2.4,1.91
10,16,CNJ02_1_132,y2011,September,280.8,176,2.3,37.3,13,8.4,2.16,NA
10,17,CNJ02_1_133,y2011,September,353.2,307.5,1.9,12.9,10,9.2,2.65,2.17
10,18,CNJ02_1_134,y2011,September,400.2,307.8,2.1,22.8,15,8.1,2.02,1.3
10,19,CNJ02_1_135,y2011,September,345.9,252.7,1.6,26.9,24,7.9,2.25,1.51
10,20,CNJ02_1_136,y2011,September,597.7,526.1,2.1,11.8,15,8.8,2.27,1.4
10,21,CNJ02_1_137,y2011,September,283.6,153.8,2.3,44.6,23,8.1,2.23,2.29
10,22,CNJ02_1_138,y2011,September,444.4,330.1,1.8,25.6,13,8.8,2.53,1.82
10,23,CNJ02_1_139,y2011,September,310.1,252.8,1.9,18.4,25,8.1,2.26,1.69
10,24,CNJ02_1_140,y2011,September,443.2,244.6,2.5,44.5,19,8.6,2.38,0.89
10,25,CNJ02_1_141,y2011,September,341.2,204,2.4,40.2,22,8.6,2.1,1.64
10,26,CNJ02_1_142,y2011,September,369.2,343.6,2.5,6.9,26,8.8,2.35,1.33
10,27,CNJ02_1_143,y2011,September,337.8,276.9,1.9,17.5,19,8.8,2.17,1.42
10,28,CNJ02_1_144,y2011,September,437.5,286.9,1.9,34,24,8.4,2.48,1.75
10,29,CNJ02_1_145,y2011,September,480.4,335.6,2.3,30.1,35,7.9,2.37,1.77
10,30,CNJ02_1_146,y2011,September,514,419.2,2.6,18.4,13,8.8,2.33,2.03
10,31,CNJ02_1_147,y2011,September,317.6,220.8,1.9,30.2,28,7.9,2.18,1.1
10,32,CNJ02_1_148,y2011,September,533.3,387.6,2,27.2,26,8.6,2.24,1.67
10,33,CNJ02_1_149,y2011,September,461.2,395.2,2.4,14.2,26,8.8,2.6,1.58
10,34,CNJ02_1_150,y2011,September,299.5,241.4,2.3,19.3,26,8.8,2.25,1.5
10,35,CNJ02_1_151,y2011,September,588,485.6,2.1,17.4,18,7.9,2.3,1.98
10,36,CNJ02_1_152,y2011,September,308.1,227.3,2,26.1,22,7.7,2.64,1.73
10,37,CNJ02_1_153,y2011,September,402.8,317.1,2.3,21.3,13,9.2,2.26,1.48
10,38,CNJ02_1_154,y2011,September,452.3,312.9,2.1,30.7,44,9.5,2.22,1.52
10,39,CNJ02_1_155,y2011,September,246.3,226.9,1.7,7.8,20,7.7,2.28,1.79
10,40,CNJ02_1_156,y2011,September,436.8,257,2.4,41.1,19,8.1,2.31,2.04
10,41,CNJ02_1_157,y2011,September,301.7,263.6,2.1,11.8,19,8.1,2.31,2.23
7,41,Stevens,y2011,October,579.5,353.8,2.5,38.9,19,9.7,2.69,NA
7,42,Ben Lear,y2011,October,535.3,230.6,2.1,56.8,42,8.1,2.3,NA
7,43,Crimson Queen,y2011,October,660.4,296.3,2.7,55.1,33,8.6,2.25,NA
7,45,Mullica Queen,y2011,October,653.6,586.2,2.4,10.3,27,9.7,2.61,NA
7,46,CNJ02_1_1,y2011,October,509.6,315.1,2.4,38.1,35,8.1,2.5,1.59
7,47,CNJ02_1_2,y2011,October,675.2,555.9,2.3,17.7,34,8.1,2.66,1.54
7,48,CNJ02_1_3,y2011,October,1150.9,917.6,2.2,20,23,8.1,2.64,1.23
7,49,CNJ02_1_4,y2011,October,751.4,617.6,2.7,17.7,24,8.6,2.77,1.1
7,50,CNJ02_1_5,y2011,October,687.9,509.9,2.5,25.8,30,8.8,2.48,1.52
7,51,CNJ02_1_6,y2011,October,504.5,324.7,2.5,35,23,9,2.31,1.23
7,52,CNJ02_1_7,y2011,October,318.9,218,2.2,31.5,50,8.8,2.39,1.69
7,53,CNJ02_1_8,y2011,October,820.1,633.1,2.5,22.7,26,8.4,2.41,1.34
7,54,CNJ02_1_9,y2011,October,702.4,464.9,2.2,33.6,28,8.4,2.42,1.64
8,1,CNJ02_1_10,y2011,October,273.1,110.3,1.8,59.5,45,8.8,2.43,2.03
8,2,CNJ02_1_11,y2011,October,302.1,155.3,2,48.3,33,7.5,2.14,1.78
8,3,CNJ02_1_12,y2011,October,427.8,387.3,2,9.4,28,8.6,2.4,1.58
8,4,CNJ02_1_13,y2011,October,246.8,173.7,2,29.6,33,9,2.42,1.65
8,5,CNJ02_1_14,y2011,October,429.1,331.1,2.3,22.8,40,9.2,2.32,2.12
8,6,CNJ02_1_15,y2011,October,373.5,319.4,2.1,14.5,24,9.5,2.22,1.25
8,7,CNJ02_1_16,y2011,October,546.7,440.2,2.7,19.4,23,8.8,2.52,1.43
8,8,CNJ02_1_17,y2011,October,283.2,191.5,2.6,32.2,42,9.2,2.34,1.68
8,9,CNJ02_1_18,y2011,October,415.3,391.2,2.3,5.8,23,8.8,2.33,1.35
8,10,CNJ02_1_19,y2011,October,471.7,315.3,1.5,33.1,40,9.5,2,2.03
8,11,CNJ02_1_20,y2011,October,686.4,561.4,2.3,18.1,16,7.7,2.62,1.81
8,12,CNJ02_1_21,y2011,October,686.7,536.1,1.9,21.9,37,8.8,2.37,1.25
8,13,CNJ02_1_22,y2011,October,156.2,66.2,1.8,57.6,35,9.9,2.37,1.04
8,14,CNJ02_1_23,y2011,October,291.6,164,2.7,43.8,34,9,2.37,1.62
8,15,CNJ02_1_24,y2011,October,637.5,479.8,2.4,24.6,29,8.4,2.25,1.48
8,16,CNJ02_1_25,y2011,October,320.7,199.2,2.8,37.9,21,8.4,2.59,1.11
8,17,CNJ02_1_26,y2011,October,653.4,503.2,2.2,23,29,8.6,2.35,1.47
8,18,CNJ02_1_27,y2011,October,809.6,620.7,2.8,23.3,29,8.4,2.35,1.19
8,19,CNJ02_1_28,y2011,October,282,170.2,2.3,39.6,30,8.1,2.48,2.08
8,20,CNJ02_1_29,y2011,October,625.6,529.5,2.3,15.4,23,7.9,2.33,NA
8,21,CNJ02_1_30,y2011,October,325.5,267.2,2.3,17.9,23,9.5,2.48,2.04
8,22,CNJ02_1_31,y2011,October,544.2,320.6,3.2,41.1,21,8.4,2.41,1.67
8,23,CNJ02_1_32,y2011,October,458.1,341.8,2.6,25.3,33,8.6,2.18,1.4
8,24,CNJ02_1_33,y2011,October,602.9,358.5,2.7,40.4,33,8.6,2.46,1.5
8,25,CNJ02_1_34,y2011,October,486.1,354.2,2.3,27.1,32,8.8,2.34,1.6
8,26,CNJ02_1_35,y2011,October,333.7,234.2,2.7,29.8,42,9.5,2.42,1.44
8,27,CNJ02_1_36,y2011,October,362.1,251.2,2.2,30.6,31,9,2.25,1.46
8,28,CNJ02_1_37,y2011,October,443.5,314.8,2.7,29,29,9.2,2.35,1.06
8,29,CNJ02_1_38,y2011,October,689.7,402.9,3.6,41.6,24,9,2.49,1.45
8,30,CNJ02_1_39,y2011,October,567.8,351.2,2.6,38.1,58,9.2,2.43,1.27
8,31,CNJ02_1_40,y2011,October,661.6,495.4,2.6,25.1,23,8.8,2.66,1.53
8,32,CNJ02_1_41,y2011,October,415.6,240.1,2.4,42.2,29,9.5,3.07,1.4
8,33,CNJ02_1_42,y2011,October,457.5,371.2,2.4,18.8,26,9.5,2.38,1.36
8,34,CNJ02_1_43,y2011,October,446.9,156.8,2.3,64.9,42,9,2.73,1.5
8,35,CNJ02_1_44,y2011,October,639.6,353.8,2.4,44.7,25,9.5,2.42,0.12
8,36,CNJ02_1_45,y2011,October,531.6,365.3,2.6,31.2,20,8.8,2.32,1.05
8,37,CNJ02_1_46,y2011,October,467,129.9,2.2,72.1,41,8.6,2.48,1.47
8,38,CNJ02_1_47,y2011,October,853.8,690.9,2.1,19,41,8.6,2.71,1.65
8,39,CNJ02_1_48,y2011,October,548.8,245.6,3.1,55.2,43,8.8,2.56,1.32
8,40,CNJ02_1_49,y2011,October,577.9,458.5,2.3,20.6,42,8.1,2.38,0.9
8,41,CNJ02_1_50,y2011,October,443.3,245.5,2.7,44.5,37,8.4,2.35,1.64
8,42,CNJ02_1_51,y2011,October,731.8,531.1,2.8,27.4,26,8.4,2.43,1.21
8,43,CNJ02_1_52,y2011,October,395.2,293.7,2.3,24.7,28,9,2.55,1.17
8,44,CNJ02_1_53,y2011,October,455.8,345.1,2.6,24.3,50,9,2.37,2
8,45,CNJ02_1_54,y2011,October,739.3,592.2,2.4,19.8,28,9,2.45,1.62
8,46,CNJ02_1_55,y2011,October,624.9,529.3,2.7,14.4,30,8.6,2.51,1.39
8,47,CNJ02_1_56,y2011,October,677,495,3.4,26.8,19,8.4,2.82,1.81
8,48,CNJ02_1_57,y2011,October,494.9,174.3,2.9,64.5,26,8.8,2.68,1.18
8,49,CNJ02_1_58,y2011,October,614.5,480.2,2.6,21.4,40,8.4,2.38,1.77
8,50,CNJ02_1_59,y2011,October,830.7,560.4,2.5,32.5,31,9.2,2.5,1.37
8,51,CNJ02_1_60,y2011,October,304.8,170.4,3.3,44.1,25,8.8,2.58,1.54
8,52,CNJ02_1_61,y2011,October,373.2,340.6,2.3,8.7,38,8.6,2.34,1.77
8,53,CNJ02_1_62,y2011,October,265.2,183.2,2.2,30.9,44,8.8,2.23,1.68
8,54,CNJ02_1_63,y2011,October,569.4,494.5,2.3,13,38,8.4,2.57,1.37
9,1,CNJ02_1_64,y2011,October,355.5,215.3,1.4,39.4,38,8.8,1.95,1.73
9,2,CNJ02_1_65,y2011,October,289.9,75.6,1.4,73.9,27,8.6,2.01,1.75
9,3,CNJ02_1_66,y2011,October,456.3,360.3,2.3,21,35,8.4,2.1,NA
9,4,CNJ02_1_67,y2011,October,196.3,78.1,1.4,59.8,27,9.2,2.11,2.04
9,5,CNJ02_1_68,y2011,October,453.8,391,2.3,13.8,43,8.8,2.23,2.01
9,6,CNJ02_1_69,y2011,October,542.4,340.6,2,37.1,37,7.7,2.17,1.53
9,7,CNJ02_1_70,y2011,October,420.1,330.6,2.3,21.3,38,8.8,2.37,2.07
9,8,CNJ02_1_71,y2011,October,421.4,395.1,2,5.8,28,9.2,2.33,1.47
9,9,CNJ02_1_72,y2011,October,416.1,335,2.5,19.5,40,7.7,2.54,1.07
9,10,CNJ02_1_73,y2011,October,164.5,99.2,2.3,39.6,29,7.5,2.46,2.49
9,11,CNJ02_1_74,y2011,October,271.8,152.4,1.9,43.9,45,9.9,2.12,1.88
9,12,CNJ02_1_75,y2011,October,430.8,397.5,2.2,7.6,47,9.2,2.26,0.85
9,13,CNJ02_1_76,y2011,October,333.7,129.3,2.6,61.3,44,9.2,2.38,2.06
9,14,CNJ02_1_77,y2011,October,416.9,275.5,3.2,33.9,33,8.6,2.47,1.37
9,15,CNJ02_1_78,y2011,October,249.1,167,2.2,32.9,56,8.6,2.5,1.89
9,16,CNJ02_1_79,y2011,October,421.8,314.4,2.5,25.5,24,8.8,2.25,1.52
9,17,CNJ02_1_80,y2011,October,438.6,345.8,2.5,20.9,27,8.4,2.12,1.9
9,18,CNJ02_1_81,y2011,October,834.9,644.3,2.8,22.7,26,7.9,2.72,1.7
9,19,CNJ02_1_82,y2011,October,399.8,234.3,2.9,41.4,31,8.6,2.4,1.74
9,20,CNJ02_1_83,y2011,October,348.8,304.5,2.2,12.7,21,9.2,2.62,2.2
9,21,CNJ02_1_84,y2011,October,169.3,92,1.8,44.4,44,9,2.31,1.86
9,22,CNJ02_1_85,y2011,October,556.5,319.2,2.4,42.6,33,9.2,2.28,1.13
9,23,CNJ02_1_86,y2011,October,281.8,171.8,2.2,39,38,9,2.39,0.86
9,24,CNJ02_1_87,y2011,October,677.4,567.3,2.1,16.1,18,8.4,2.54,1.09
9,25,CNJ02_1_88,y2011,October,337.6,280.6,3,16.5,45,9.5,2.21,1.65
9,26,CNJ02_1_89,y2011,October,280.5,209.3,2.4,25.4,55,8.4,2.28,2.29
9,27,CNJ02_1_90,y2011,October,390.4,289.8,2.3,25.8,45,9,2.23,1.87
9,28,CNJ02_1_91,y2011,October,229.5,99.4,2.7,56.4,NA,NA,NA,1.7
9,29,CNJ02_1_92,y2011,October,536,349.6,2.4,34.6,32,9,2.4,1.24
9,30,CNJ02_1_93,y2011,October,434.6,221.5,2.2,48.9,37,9.2,2.22,1.4
9,31,CNJ02_1_94,y2011,October,611.9,214.6,2.4,64.8,32,88,2.14,1.17
9,32,CNJ02_1_95,y2011,October,261.4,134.6,2.1,48.5,32,8.8,2.21,1.53
9,33,CNJ02_1_96,y2011,October,401.7,306.7,2.2,23.5,53,10.8,3.04,1.68
9,34,CNJ02_1_97,y2011,October,417.2,349.2,2.1,16.3,48,8.6,2.1,1.1
9,35,CNJ02_1_98,y2011,October,627.3,225,2.3,64,21,7.7,2.65,1.63
9,36,CNJ02_1_99,y2011,October,579.8,330.2,2.3,43,28,8.1,2.27,1.49
9,37,CNJ02_1_100,y2011,October,449.2,179,2.3,60.1,46,8.6,2.44,1.35
9,38,CNJ02_1_101,y2011,October,659.2,523.7,2.7,20.5,25,9.2,2.63,1.48
9,39,CNJ02_1_102,y2011,October,896.8,772.6,2.4,13.8,18,7.3,2.41,1.02
9,40,CNJ02_1_103,y2011,October,225.9,169.4,2.4,25,23,9.2,2.38,1.18
9,41,CNJ02_1_104,y2011,October,599.9,398.3,2.6,33.6,25,7.9,2.62,1.61
9,42,CNJ02_1_105,y2011,October,592.1,485.4,2.3,17.9,33,8.4,2.52,1.34
9,43,CNJ02_1_106,y2011,October,479.9,353.2,2.6,26.1,24,8.4,2.66,1.03
9,44,CNJ02_1_107,y2011,October,332.1,39.9,2.2,88,42,8.8,2.43,1.21
9,45,CNJ02_1_108,y2011,October,510.5,270,2.8,47.1,42,8.4,2.49,1.55
9,46,CNJ02_1_109,y2011,October,507.7,283.2,2.5,43.9,31,7.5,2.44,1.82
9,47,CNJ02_1_110,y2011,October,835.1,573.5,2.1,31.3,32,7.9,2.27,1.52
9,48,CNJ02_1_111,y2011,October,509.7,244.2,2.3,51.4,58,8.4,2.61,1.52
9,49,CNJ02_1_112,y2011,October,529.7,255,2.4,51.5,25,8.6,2.34,1.2
9,50,CNJ02_1_113,y2011,October,688.7,322.4,2.5,53.1,19,7.7,1.94,1.7
9,51,CNJ02_1_114,y2011,October,267.1,195,3.3,27,35,9.5,2.37,1.39
9,52,CNJ02_1_115,y2011,October,583.2,475.1,2.5,18.4,28,8.4,2.32,1.08
9,53,CNJ02_1_116,y2011,October,788,604.4,2.4,23.3,30,7.3,2.41,1.5
9,54,CNJ02_1_117,y2011,October,521.6,424.6,2.4,18.4,17,7.9,2.32,1.76
10,2,CNJ02_1_118,y2011,October,406.9,332.2,2.4,18.1,27,7.7,2.48,1.95
10,3,CNJ02_1_119,y2011,October,60.8,29.9,1.8,50.8,44,9,2.34,NA
10,4,CNJ02_1_120,y2011,October,66.2,35.2,2,46.7,31,9.7,2.32,NA
10,5,CNJ02_1_121,y2011,October,405.7,385.7,2,4.9,32,8.8,2.45,1.93
10,6,CNJ02_1_122,y2011,October,240,177.1,2.1,26,20,9.2,2.05,1.68
10,7,CNJ02_1_123,y2011,October,145.5,49.2,1.8,66,37,7.3,1.99,2.25
10,8,CNJ02_1_124,y2011,October,442.8,287.4,2.5,34.8,27,9,2.21,1.24
10,9,CNJ02_1_125,y2011,October,100.5,42.4,1.7,57.1,25,9.5,2.52,2.85
10,10,CNJ02_1_126,y2011,October,213.4,81.5,1.9,61.8,53,9,2.1,2.02
10,11,CNJ02_1_127,y2011,October,513.4,345.2,2.4,31.8,22,9,2.22,1.34
10,12,CNJ02_1_128,y2011,October,244,235.6,2.5,3.4,37,9.9,2.37,1.22
10,13,CNJ02_1_129,y2011,October,513.3,246.6,2.2,51.9,25,10.1,2.03,1.7
10,14,CNJ02_1_130,y2011,October,388.7,204.6,2.8,47.4,35,9.7,2.08,1.93
10,15,CNJ02_1_131,y2011,October,278.4,143.3,2.6,48.1,37,8.8,2.23,1.51
10,16,CNJ02_1_132,y2011,October,328.3,213,2.2,34.9,13,8.8,2.62,1.06
10,17,CNJ02_1_133,y2011,October,349.3,315.1,2.4,9.6,27,8.8,2.39,1.55
10,18,CNJ02_1_134,y2011,October,338.5,182.6,2.4,46.1,22,9.5,2.44,1.01
10,19,CNJ02_1_135,y2011,October,294,111,1.6,62.2,20,9.9,2.13,2.84
10,20,CNJ02_1_136,y2011,October,700.3,552.6,2.3,20.9,21,9,2.07,1.19
10,21,CNJ02_1_137,y2011,October,421.5,182.6,2.4,56.5,31,9.2,2.42,1.77
10,22,CNJ02_1_138,y2011,October,480,327.1,2.1,31.9,42,9.2,2.25,1.76
10,23,CNJ02_1_139,y2011,October,301.4,240.6,2.1,20.2,40,9.9,2.31,1.63
10,24,CNJ02_1_140,y2011,October,403.9,164.7,2.4,59.2,58,8.6,2.42,1.14
10,25,CNJ02_1_141,y2011,October,298.4,80.7,2.3,72.6,34,8.4,2.28,1.92
10,26,CNJ02_1_142,y2011,October,378.7,265.4,2.6,29.7,24,9.2,2.11,1.47
10,27,CNJ02_1_143,y2011,October,424,300.1,2,28.4,33,9.9,2.38,1.62
10,28,CNJ02_1_144,y2011,October,691.2,620,2.6,10,23,9.2,2.25,1.5
10,29,CNJ02_1_145,y2011,October,328.7,198.2,2.5,39.5,31,9.5,2.32,1.51
10,30,CNJ02_1_146,y2011,October,576.7,358.8,2.5,37.6,47,8.6,2.45,1.46
10,31,CNJ02_1_147,y2011,October,152.6,23.7,1.8,84.1,37,7.9,2.24,NA
10,32,CNJ02_1_148,y2011,October,546.8,350.2,2.1,35.2,34,9,2.34,2.02
10,33,CNJ02_1_149,y2011,October,433.4,201.9,2.6,53.1,31,9.5,2.13,1.37
10,34,CNJ02_1_150,y2011,October,613.3,245.2,2.5,59.8,41,8.4,2.67,1.52
10,35,CNJ02_1_151,y2011,October,361.9,221.9,2.3,38.7,42,9.7,2.37,1.91
10,36,CNJ02_1_152,y2011,October,899.1,730.2,2.2,18.6,19,8.6,2.57,1.5
10,37,CNJ02_1_153,y2011,October,187.2,103.3,2.1,44.8,29,8.8,2.56,1.41
10,38,CNJ02_1_154,y2011,October,592.1,474,2.2,19.9,18,9.7,2.22,1.32
10,39,CNJ02_1_155,y2011,October,393.7,316.7,2.3,19.6,49,9.2,2.4,2.01
10,40,CNJ02_1_156,y2011,October,471.9,363,2.7,34.9,42,9.2,2.17,1.38
10,41,CNJ02_1_157,y2011,October,284.3,182.1,2.4,34.6,28,8.1,2.46,2.15
7,41,Stevens,y2012,September,519.6,402.7,2.4,20.6,10,8.6,2.69,NA
7,42,Ben Lear,y2012,September,330.8,153.2,2.2,52.7,27,9.7,2.62,1.06
7,43,Crimson Queen,y2012,September,338.2,111.7,2.7,67,26,7.7,2.38,1.38
7,45,Mullica Queen,y2012,September,345.5,295.6,1.9,13.9,19,9.9,2.81,1.73
7,46,CNJ02_1_1,y2012,September,315.4,282.4,2.6,10.1,27,9,2.59,1.99
7,47,CNJ02_1_2,y2012,September,266.4,233.1,2.6,12,34,8.1,2.58,1.24
7,48,CNJ02_1_3,y2012,September,289.3,151.7,2.3,47,23,8.4,2.61,1.39
7,49,CNJ02_1_4,y2012,September,214.9,110.1,2.3,48.4,21,10.1,2.84,1.13
7,50,CNJ02_1_5,y2012,September,319.9,250.3,2.2,20.5,30,8.1,2.38,1.35
7,51,CNJ02_1_6,y2012,September,198.6,121.6,2.1,37.7,28,9.7,2.49,1.34
7,52,CNJ02_1_7,y2012,September,79.8,33.5,2.1,56.4,31,8.1,2.68,2
7,53,CNJ02_1_8,y2012,September,235.8,73.5,2.2,67.6,22,9.5,2.71,1.36
7,54,CNJ02_1_9,y2012,September,304.5,264.8,2.6,12.2,23,9.9,3.17,1.42
8,1,CNJ02_1_10,y2012,September,106.4,96.1,1.7,9.7,46,9.7,2.71,1.39
8,2,CNJ02_1_11,y2012,September,145.4,120.5,1.7,17.1,23,7,2.67,1.42
8,3,CNJ02_1_12,y2012,September,202.2,174.2,1.7,4.8,23,9.5,2.57,1.98
8,4,CNJ02_1_13,y2012,September,255.2,203.4,1.7,15.9,26,9.5,3.03,1.75
8,5,CNJ02_1_14,y2012,September,93.4,62.9,1.6,31.9,29,9.5,2.75,1.9
8,6,CNJ02_1_15,y2012,September,126.4,118,1.5,4.4,15,11,2.76,1.53
8,7,CNJ02_1_16,y2012,September,232.4,181.9,2.2,15.9,26,8.8,2.42,1.32
8,8,CNJ02_1_17,y2012,September,53.3,47.9,2.3,8.8,28,8.1,2.72,2.1
8,9,CNJ02_1_18,y2012,September,375.6,360.9,2,1,18,7.9,2.56,1.53
8,10,CNJ02_1_19,y2012,September,179.9,166.3,1.4,5.6,27,9.7,2.17,1.71
8,11,CNJ02_1_20,y2012,September,186.4,169.2,1.8,8,14,8.4,2.82,1.45
8,12,CNJ02_1_21,y2012,September,199,185.5,1.6,4.3,35,9.5,2.82,1.99
8,13,CNJ02_1_22,y2012,September,95.8,94.2,1.7,1.7,28,8.8,2.34,1.68
8,14,CNJ02_1_23,y2012,September,227.6,147.2,2.7,29.1,19,7.9,2.2,1.77
8,15,CNJ02_1_24,y2012,September,400.2,366.4,2.2,8,17,7.9,2.55,1.59
8,16,CNJ02_1_25,y2012,September,183.4,141.3,2.4,22,18,8.6,2.64,1.98
8,17,CNJ02_1_26,y2012,September,205.3,184.3,1.7,7,19,9,2.69,1.61
8,18,CNJ02_1_27,y2012,September,355.1,309.4,2.7,8.5,37,7.7,2.63,1.37
8,19,CNJ02_1_28,y2012,September,176.8,145.6,1.8,15.1,19,8.8,2.77,2.34
8,20,CNJ02_1_29,y2012,September,293.2,282.7,2.2,2.4,NA,NA,NA,1.34
8,21,CNJ02_1_30,y2012,September,187.5,178.6,1.9,4.7,14,9.7,2.97,1.87
8,22,CNJ02_1_31,y2012,September,214.6,146.4,2.3,29.5,13,8.8,2.5,0.97
8,23,CNJ02_1_32,y2012,September,231.5,209.2,2.3,8.5,22,9,2.71,1.74
8,24,CNJ02_1_33,y2012,September,197.9,179.5,1.8,6.3,22,7.7,2.59,1.72
8,25,CNJ02_1_34,y2012,September,146.4,136.6,1.6,5.9,27,9.5,2.58,1.69
8,26,CNJ02_1_35,y2012,September,126.8,50,2.1,60.1,40,9.2,2.75,1.74
8,27,CNJ02_1_36,y2012,September,117.3,101.6,2,12.5,32,9.5,2.34,1.03
8,28,CNJ02_1_37,y2012,September,89.5,69.1,2.3,22.8,29,10.1,2.41,1.44
8,29,CNJ02_1_38,y2012,September,224.3,187.3,3,15.3,24,8.4,2.32,1.25
8,30,CNJ02_1_39,y2012,September,234.9,148.7,2.5,36.1,26,9,2.37,1.66
8,31,CNJ02_1_40,y2012,September,100.9,87.9,2.4,12.9,15,8.4,2.74,0.92
8,32,CNJ02_1_41,y2012,September,316.4,248,2.3,20.8,23,11.2,2.61,1.32
8,33,CNJ02_1_42,y2012,September,163.8,135.4,2.2,16.5,19,8.1,2.39,1.28
8,34,CNJ02_1_43,y2012,September,213.2,88.6,1.7,55.1,33,9,2.59,1.74
8,35,CNJ02_1_44,y2012,September,192.7,78.6,2.3,58.7,31,9.9,2.32,1.77
8,36,CNJ02_1_45,y2012,September,177.8,57.1,1.8,67.9,17,9.2,2.41,1.63
8,37,CNJ02_1_46,y2012,September,289.8,203.5,2.3,28.8,30,8.8,2.57,1.37
8,38,CNJ02_1_47,y2012,September,373,217.9,2.3,41.3,17,8.6,2.81,1.73
8,39,CNJ02_1_48,y2012,September,113.2,95.6,2.7,15.5,29,9.5,2.82,1.3
8,40,CNJ02_1_49,y2012,September,207.4,154.6,1.6,23.8,19,7.7,2.36,1.72
8,41,CNJ02_1_50,y2012,September,212,34.8,1.7,83.6,24,7.9,2.68,1.86
8,42,CNJ02_1_51,y2012,September,347,260.5,2.7,24.8,17,9.7,2.61,1.06
8,43,CNJ02_1_52,y2012,September,246.6,149.9,1.8,38.8,22,9.7,2.82,1.5
8,44,CNJ02_1_53,y2012,September,441.7,359.5,2.3,17.8,23,8.1,2.75,1.3
8,45,CNJ02_1_54,y2012,September,180.3,166.3,1.8,7,13,8.8,2.82,2.14
8,46,CNJ02_1_55,y2012,September,248.6,185.3,2.5,22.5,41,9.7,2.64,1.81
8,47,CNJ02_1_56,y2012,September,246.1,220.3,2.6,9.8,26,8.8,2.82,1.63
8,48,CNJ02_1_57,y2012,September,244.8,105.9,3.3,54.1,76,7.9,2.66,1.62
8,49,CNJ02_1_58,y2012,September,321.6,211.8,2.6,33.5,39,10.3,2.92,1.83
8,50,CNJ02_1_59,y2012,September,358.3,191.9,1.9,46,26,9.9,2.82,1.37
8,51,CNJ02_1_60,y2012,September,166.2,69.1,2.2,58,19,8.6,2.82,1.6
8,52,CNJ02_1_61,y2012,September,474,299.3,2.3,35.3,26,8.6,2.61,1.93
8,53,CNJ02_1_62,y2012,September,141.6,104.5,1.9,26.2,22,9.5,2.65,1.97
8,54,CNJ02_1_63,y2012,September,124.7,104.8,2.2,12.4,33,8.6,2.71,2.32
9,1,CNJ02_1_64,y2012,September,107.9,90.1,1.4,14.7,33,8.8,2.14,1.45
9,2,CNJ02_1_65,y2012,September,102.1,71.9,1.3,26.2,24,8.4,1.95,1.92
9,3,CNJ02_1_66,y2012,September,183.7,141,1.7,15.6,41,9.5,2.82,1.34
9,4,CNJ02_1_67,y2012,September,169.4,107.5,1.4,35.9,36,10.3,2.39,1.89
9,5,CNJ02_1_68,y2012,September,257.8,235,2.3,4,34,8.6,2.62,1.53
9,6,CNJ02_1_69,y2012,September,167,144.1,1.9,8.8,28,8.1,2.53,2.48
9,7,CNJ02_1_70,y2012,September,161.8,149.8,1.9,6.1,22,9.5,2.47,1.58
9,8,CNJ02_1_71,y2012,September,124.8,106.9,1.1,11.5,16,7.9,2.46,1.58
9,9,CNJ02_1_72,y2012,September,307.2,288.9,2.5,4.9,24,7.5,2.73,1.82
9,10,CNJ02_1_73,y2012,September,99.9,84.7,1.5,13.6,26,8.6,2.48,2.04
9,11,CNJ02_1_74,y2012,September,126.3,105.9,1.5,16,43,9.9,2.44,1.27
9,12,CNJ02_1_75,y2012,September,270.5,245.6,2.6,8.6,28,9.9,2.51,1.29
9,13,CNJ02_1_76,y2012,September,166.6,122.3,2.1,24,35,8.1,2.39,2.04
9,14,CNJ02_1_77,y2012,September,149.8,117.9,2.7,16.2,17,10.1,2.54,1.94
9,15,CNJ02_1_78,y2012,September,153.9,107.2,2,24.8,34,9,2.82,2.04
9,16,CNJ02_1_79,y2012,September,168.8,131.7,2,20.7,20,9.9,2.56,1.82
9,17,CNJ02_1_80,y2012,September,225.3,204.4,2.4,6.9,21,9.2,2.37,1.81
9,18,CNJ02_1_81,y2012,September,143.2,123.9,2.5,5.7,32,10.8,3.11,2.01
9,19,CNJ02_1_82,y2012,September,172.7,146.8,2.6,13.7,16,8.1,2.66,1.97
9,20,CNJ02_1_83,y2012,September,202,149,2,25.6,16,8.8,2.67,1.46
9,21,CNJ02_1_84,y2012,September,298.7,253.4,1.9,13.2,34,8.1,2.35,1.66
9,22,CNJ02_1_85,y2012,September,367.8,308.4,1.8,15.3,24,10.1,2.19,1.33
9,23,CNJ02_1_86,y2012,September,161.4,123.1,2.2,23.5,30,8.6,2.52,1.47
9,24,CNJ02_1_87,y2012,September,339,293.4,1.9,9.7,16,7.5,2.68,1.46
9,25,CNJ02_1_88,y2012,September,94.4,94.4,2.3,0,34,8.4,2.67,1.43
9,26,CNJ02_1_89,y2012,September,202.4,128.6,2.1,34.8,29,8.8,2.4,1.86
9,27,CNJ02_1_90,y2012,September,161.1,102,2.1,36.4,33,9.5,2.46,1.47
9,28,CNJ02_1_91,y2012,September,37.5,3,3,92,NA,NA,NA,NA
9,29,CNJ02_1_92,y2012,September,187.4,137.4,2.1,25,27,10.1,2.78,1.7
9,30,CNJ02_1_93,y2012,September,251.6,167.8,1.8,30.4,23,8.1,2.06,1.5
9,31,CNJ02_1_94,y2012,September,254.6,104.2,2.4,56.6,30,10.6,2.33,1.3
9,32,CNJ02_1_95,y2012,September,39.1,8.3,2.1,78.8,19,9.2,2.39,1.51
9,33,CNJ02_1_96,y2012,September,139.2,104.4,2.1,23.6,26,8.6,2.56,1.28
9,34,CNJ02_1_97,y2012,September,304.8,231.1,2,22.4,27,9.7,2.52,1.27
9,35,CNJ02_1_98,y2012,September,217.9,82.1,1.8,62.3,19,9.5,2.98,2.21
9,36,CNJ02_1_99,y2012,September,416.7,360.2,2.5,13.2,28,9.5,2.79,1.01
9,37,CNJ02_1_100,y2012,September,317.3,158,2.1,47.4,37,8.8,2.25,1.54
9,38,CNJ02_1_101,y2012,September,428.8,309.6,2.6,27.8,20,8.4,2.32,1.38
9,39,CNJ02_1_102,y2012,September,346.9,321.8,2.2,6.9,16,9,2.61,1.24
9,40,CNJ02_1_103,y2012,September,216.3,162.2,2,23.5,16,9.7,2.6,1.28
9,41,CNJ02_1_104,y2012,September,142.1,50.9,2.3,63.1,17,9.5,2.69,1.73
9,42,CNJ02_1_105,y2012,September,201.3,145,2.3,27.6,23,8.6,2.59,1.83
9,43,CNJ02_1_106,y2012,September,214.1,61.5,2.5,68.6,35,9.5,2.83,1.46
9,44,CNJ02_1_107,y2012,September,63.5,2,2,96.9,NA,NA,NA,NA
9,45,CNJ02_1_108,y2012,September,42.8,6.5,2.2,84.6,NA,NA,NA,NA
9,46,CNJ02_1_109,y2012,September,159.8,72.9,2.5,49.7,43,9.9,2.62,2.04
9,47,CNJ02_1_110,y2012,September,270.1,221.8,2,15.8,32,9,2.82,1.68
9,48,CNJ02_1_111,y2012,September,277.3,120.1,2.2,55.4,33,10.3,2.82,2.03
9,49,CNJ02_1_112,y2012,September,385.2,221.5,2.6,41.5,20,9,2.42,1.51
9,50,CNJ02_1_113,y2012,September,265.3,88.4,2.3,66.2,17,9.7,2.52,1.15
9,51,CNJ02_1_114,y2012,September,138,66,2.5,52.1,17,9.5,2.8,1.37
9,52,CNJ02_1_115,y2012,September,512,307.6,2.4,39.6,26,9.5,2.38,1.17
9,53,CNJ02_1_116,y2012,September,509.9,344.8,2.2,32,24,7.9,2.81,1.97
9,54,CNJ02_1_117,y2012,September,151,129.5,2.8,13.2,12,9.5,2.88,1.34
10,2,CNJ02_1_118,y2012,September,339.7,293.9,2.4,12.7,15,7,2.58,2.04
10,3,CNJ02_1_119,y2012,September,29.7,13.5,1.1,54.5,32,9.7,2.32,NA
10,4,CNJ02_1_120,y2012,September,127.9,82.6,1.4,34.2,28,10.3,3.31,2.11
10,5,CNJ02_1_121,y2012,September,227,153.9,1.7,31.1,20,9,2.73,1.89
10,6,CNJ02_1_122,y2012,September,134,109.2,1.6,18.1,12,8.4,2.27,1.19
10,7,CNJ02_1_123,y2012,September,100,67.2,1.6,29.2,25,8.1,2.03,1.75
10,8,CNJ02_1_124,y2012,September,101.5,87.9,1.6,12.6,34,10.6,2.26,2.19
10,9,CNJ02_1_125,y2012,September,104.5,65.3,2,36.2,30,9.5,2.43,2.4
10,10,CNJ02_1_126,y2012,September,69.1,37,1.7,44.4,36,9.5,2.35,1.97
10,11,CNJ02_1_127,y2012,September,134,93.3,1.4,24.8,19,9.2,2.37,1.87
10,12,CNJ02_1_128,y2012,September,189.8,170.7,2.5,8,21,9.5,2.82,1.36
10,13,CNJ02_1_129,y2012,September,91.5,71.3,1.9,21.4,30,9.7,2.16,1.86
10,14,CNJ02_1_130,y2012,September,113,102,2,7,22,10.8,2.38,2.18
10,15,CNJ02_1_131,y2012,September,112.9,73.1,1.7,33.1,22,8.8,2.6,1.48
10,16,CNJ02_1_132,y2012,September,151.5,61.1,1.9,56.7,14,9.2,2.62,2.1
10,17,CNJ02_1_133,y2012,September,172.2,152.7,2.1,11.3,20,9.5,2.66,1.77
10,18,CNJ02_1_134,y2012,September,491.7,443.8,1.9,9.2,9,8.1,2.83,1.56
10,19,CNJ02_1_135,y2012,September,123.5,102,1.5,15.7,24,9.5,2.27,1.6
10,20,CNJ02_1_136,y2012,September,437.6,379.7,2,13.1,23,10.1,2.53,1.48
10,21,CNJ02_1_137,y2012,September,80.9,48.4,1.8,39.6,25,9,2.91,1.93
10,22,CNJ02_1_138,y2012,September,157,81,1.8,47.6,53,9.5,2.57,1.69
10,23,CNJ02_1_139,y2012,September,158.7,138.7,1.8,12.6,10,8.6,2.59,1.41
10,24,CNJ02_1_140,y2012,September,163.1,94,1.8,41.6,30,7.9,2.1,1.55
10,25,CNJ02_1_141,y2012,September,5.8,5.8,1.9,0,34,9.5,2.63,NA
10,26,CNJ02_1_142,y2012,September,249.9,224.9,2.5,6.9,19,8.6,2.5,1.05
10,27,CNJ02_1_143,y2012,September,243.6,162.4,2,33,22,8.6,2.54,1.24
10,28,CNJ02_1_144,y2012,September,79.2,38.9,1.9,50.1,29,10.1,2.33,1.38
10,29,CNJ02_1_145,y2012,September,200.7,116.4,1.9,41.9,37,11,2.82,1.53
10,30,CNJ02_1_146,y2012,September,281.5,165.6,1.8,38.7,39,8.6,2.4,1.47
10,31,CNJ02_1_147,y2012,September,136.5,83.6,1.7,37.1,27,10.1,2.42,1.25
10,32,CNJ02_1_148,y2012,September,279,93.7,2.2,66.3,29,7.5,2.37,1.77
10,33,CNJ02_1_149,y2012,September,282.2,198.4,2.4,28.6,32,8.8,2.51,1.22
10,34,CNJ02_1_150,y2012,September,183.2,46.9,2,74.1,53,9.5,2.58,1.89
10,35,CNJ02_1_151,y2012,September,206.9,133.7,2,34.2,47,11,2.52,2.27
10,36,CNJ02_1_152,y2012,September,451.5,318.9,2,29.1,21,8.8,2.34,1.66
10,37,CNJ02_1_153,y2012,September,120,66.8,1.9,44.1,24,8.1,2.57,1.69
10,38,CNJ02_1_154,y2012,September,269.4,192.3,1.9,27.4,19,10.3,2.46,1.49
10,39,CNJ02_1_155,y2012,September,277.2,189.4,2,31.5,42,9.7,2.36,2.33
10,40,CNJ02_1_156,y2012,September,135.4,38.4,2.5,71.3,26,9.2,2.39,2.18
10,41,CNJ02_1_157,y2012,September,134.6,94.7,2.6,29.1,17,8.8,2.82,2.03
7,41,Stevens,y2012,October,537.6,303.5,2.7,41.9,31,10.1,2.89,1.36
7,42,Ben Lear,y2012,October,247.6,64.2,2.1,73.9,NA,NA,NA,1.2
7,43,Crimson Queen,y2012,October,412.1,223.8,3,45.6,35,8.1,2.59,0.95
7,45,Mullica Queen,y2012,October,478.6,329.2,2.3,30.8,44,9.9,2.4,1.43
7,46,CNJ02_1_1,y2012,October,140.5,102.4,2.2,26.8,34,7.3,2.64,2.05
7,47,CNJ02_1_2,y2012,October,189.7,86.7,2.3,53.9,78,9.7,2.38,2
7,48,CNJ02_1_3,y2012,October,491.6,330.5,2.6,32.5,24,10.6,3.29,0.95
7,49,CNJ02_1_4,y2012,October,264.1,130.5,2.5,49.9,34,11.2,2.83,1.32
7,50,CNJ02_1_5,y2012,October,216.6,116.2,2.2,46.2,30,8.8,2.49,1.46
7,51,CNJ02_1_6,y2012,October,465.6,194.5,2.5,57.8,36,11.2,2.46,1.49
7,52,CNJ02_1_7,y2012,October,91.2,62.1,2.2,31,58,9,2.77,1.94
7,53,CNJ02_1_8,y2012,October,211.7,91.9,2.4,56.4,36,9.9,2.48,1.46
7,54,CNJ02_1_9,y2012,October,158.1,76.7,2.6,51.5,20,9,2.94,1.75
8,1,CNJ02_1_10,y2012,October,119,90.1,1.3,23.3,43,8.6,2.45,1.92
8,2,CNJ02_1_11,y2012,October,213.1,127.5,1.8,38.3,36,7.9,2.23,2.26
8,3,CNJ02_1_12,y2012,October,302.3,263.6,1.6,10.9,44,9.7,2.54,1.4
8,4,CNJ02_1_13,y2012,October,127,81.2,1.3,32.1,31,10.6,3.24,2.6
8,5,CNJ02_1_14,y2012,October,201.3,166.8,2.2,13.6,40,7.9,2.73,2.1
8,6,CNJ02_1_15,y2012,October,217,199.6,1.9,6,31,9,2.15,0.94
8,7,CNJ02_1_16,y2012,October,230.7,193.2,2.1,12,35,9.9,2.5,1.3
8,8,CNJ02_1_17,y2012,October,183.5,126,2.2,28.3,34,8.6,2.68,1.5
8,9,CNJ02_1_18,y2012,October,368.9,352.9,2.3,3.7,31,8.1,2.26,1.73
8,10,CNJ02_1_19,y2012,October,202.4,189,1.6,5.5,28,8.8,2.14,1.39
8,11,CNJ02_1_20,y2012,October,247.5,237.5,1.8,3.5,24,9.5,2.83,1.79
8,12,CNJ02_1_21,y2012,October,205.6,201.4,1.8,1,42,8.8,2.36,1.63
8,13,CNJ02_1_22,y2012,October,159.4,123.4,2,21.8,47,9,2.57,1.3
8,14,CNJ02_1_23,y2012,October,291.6,177.8,2.9,36.6,31,8.1,2.29,1.22
8,15,CNJ02_1_24,y2012,October,369.7,348.7,2.5,4.3,32,9.7,2.53,1.43
8,16,CNJ02_1_25,y2012,October,170.4,93.4,2.3,44.8,45,9.9,2.82,1.65
8,17,CNJ02_1_26,y2012,October,264.3,254.7,1.9,2.5,27,9.2,2.31,1.35
8,18,CNJ02_1_27,y2012,October,318.2,279.7,2.6,10.7,34,9,2.55,1.23
8,19,CNJ02_1_28,y2012,October,254.1,174.8,2,30.5,22,9.2,2.85,2.12
8,20,CNJ02_1_29,y2012,October,355.7,260.5,2,25.3,30,9,2.33,1.22
8,21,CNJ02_1_30,y2012,October,194.9,180,2,4.7,17,9.5,2.82,1.41
8,22,CNJ02_1_31,y2012,October,245.2,180.3,2.8,25.2,22,9.5,2.62,1.55
8,23,CNJ02_1_32,y2012,October,135.3,128.3,2.3,2.2,39,10.3,2.81,1.29
8,24,CNJ02_1_33,y2012,October,138.4,101.2,2.3,26.9,53,9.2,2.6,1.52
8,25,CNJ02_1_34,y2012,October,254.1,174.6,2.3,30,40,9.9,2.79,1.75
8,26,CNJ02_1_35,y2012,October,86.6,60.5,2.2,30,50,7.5,2.16,1.65
8,27,CNJ02_1_36,y2012,October,189.7,145.9,2.1,21,35,10.1,2.38,1.49
8,28,CNJ02_1_37,y2012,October,207.7,108.9,2.4,45.5,42,10.3,2.59,1.19
8,29,CNJ02_1_38,y2012,October,415,370.5,3,9.9,53,10.6,2.55,1.12
8,30,CNJ02_1_39,y2012,October,166.2,49,2.9,70.2,53,9.2,2.52,1.32
8,31,CNJ02_1_40,y2012,October,103.3,58.1,2,42.4,29,10.8,2.87,1.51
8,32,CNJ02_1_41,y2012,October,204.9,115.2,1.8,42.5,32,10.3,2.39,1.27
8,33,CNJ02_1_42,y2012,October,161.5,147.1,2.1,6.5,33,11,2.76,1.29
8,34,CNJ02_1_43,y2012,October,421.6,86.9,2,79.2,44,10.1,2.8,1.6
8,35,CNJ02_1_44,y2012,October,249.3,127.5,2,47.7,49,9.2,2.42,1.87
8,36,CNJ02_1_45,y2012,October,241.9,97.4,1.9,58.8,31,11,2.74,1.56
8,37,CNJ02_1_46,y2012,October,354.5,204.6,2.4,41.5,49,9.9,2.82,1.65
8,38,CNJ02_1_47,y2012,October,416.5,288.7,2.2,30.3,36,8.6,2.86,1.51
8,39,CNJ02_1_48,y2012,October,148.1,67.6,2.6,50.4,38,9,2.86,1.29
8,40,CNJ02_1_49,y2012,October,316.4,208.1,2.1,32.7,55,8.8,2.22,1.16
8,41,CNJ02_1_50,y2012,October,185.5,25.9,2.6,84.4,23,8.8,2.54,1.46
8,42,CNJ02_1_51,y2012,October,329.7,237.5,2.8,26.9,25,8.8,2.38,1.27
8,43,CNJ02_1_52,y2012,October,159,73.8,2.1,53.5,42,9.7,2.56,1.68
8,44,CNJ02_1_53,y2012,October,351.6,189.7,2.4,45.8,40,8.6,2.26,1.14
8,45,CNJ02_1_54,y2012,October,317.9,253,2.1,18.7,30,9.5,2.94,1.65
8,46,CNJ02_1_55,y2012,October,305.8,223.5,2.6,26.4,31,9.7,2.82,1.53
8,47,CNJ02_1_56,y2012,October,109.2,47.7,2.5,56,40,9.5,2.68,0.98
8,48,CNJ02_1_57,y2012,October,252,101.7,2.5,59.6,33,8.8,2.63,1.47
8,49,CNJ02_1_58,y2012,October,282,38.4,2.7,85.5,49,9.2,2.38,1.61
8,50,CNJ02_1_59,y2012,October,466.8,320.9,2.3,30.6,35,9.5,2.59,1.2
8,51,CNJ02_1_60,y2012,October,191.8,49.7,2.5,73.5,47,10.1,2.72,1.13
8,52,CNJ02_1_61,y2012,October,263.5,210.4,2.2,19.1,26,7.7,2.16,1.2
8,53,CNJ02_1_62,y2012,October,106.4,68.3,1.9,35.8,30,8.8,2.49,1.58
8,54,CNJ02_1_63,y2012,October,471.5,423.6,2.9,10,56,8.6,2.6,2.15
9,1,CNJ02_1_64,y2012,October,176.9,163.7,1.7,2.8,44,9,2.19,1.68
9,2,CNJ02_1_65,y2012,October,119.5,52.9,1.2,53.4,27,9.5,2.3,2.05
9,3,CNJ02_1_66,y2012,October,135.2,123.7,1.9,7.8,44,8.8,2.32,1.18
9,4,CNJ02_1_67,y2012,October,128.7,84.5,1.4,33.6,58,10.3,2.46,1.59
9,5,CNJ02_1_68,y2012,October,420.8,380.4,2.4,8.3,41,7.5,2.26,1.35
9,6,CNJ02_1_69,y2012,October,150.5,117.5,1.7,21.4,53,8.6,2.34,1.49
9,7,CNJ02_1_70,y2012,October,111.4,106.6,1.7,3.7,40,9.9,2.66,1.4
9,8,CNJ02_1_71,y2012,October,321.7,296.1,1.5,6.2,45,10.1,2.39,1.12
9,9,CNJ02_1_72,y2012,October,213,183.3,2.6,13.7,35,7.5,2.74,1.23
9,10,CNJ02_1_73,y2012,October,25.1,18.6,2.1,21.5,30,8.1,2.42,1.64
9,11,CNJ02_1_74,y2012,October,200.5,156.8,1.9,20.9,67,10.8,2.64,1.22
9,12,CNJ02_1_75,y2012,October,128.5,116.9,1.9,8.8,54,8.8,2.47,1.38
9,13,CNJ02_1_76,y2012,October,220.7,154.9,2.4,29,47,70.4,2.35,1.2
9,14,CNJ02_1_77,y2012,October,127.6,88.6,2.5,28.5,41,7.9,2.13,1.62
9,15,CNJ02_1_78,y2012,October,357.2,232.4,2.4,32,47,8.4,2.46,1.47
9,16,CNJ02_1_79,y2012,October,206.2,177.4,2.4,13.6,32,9.9,2.35,1.57
9,17,CNJ02_1_80,y2012,October,277.4,245.5,2.5,10.1,37,9.7,2.58,1.22
9,18,CNJ02_1_81,y2012,October,165.8,123.2,2.5,24.3,27,7,2.51,1.45
9,19,CNJ02_1_82,y2012,October,194.5,110.8,2.6,42.4,44,10.1,2.89,1.61
9,20,CNJ02_1_83,y2012,October,179.9,140.8,2.5,21.7,24,9.2,2.82,1.11
9,21,CNJ02_1_84,y2012,October,179.5,137.7,1.9,22.2,41,10.6,3.18,1.46
9,22,CNJ02_1_85,y2012,October,212.2,166.8,2.1,20.4,37,11,2.51,0.95
9,23,CNJ02_1_86,y2012,October,139.6,99.2,1.8,26.1,56,10.1,2.75,1.06
9,24,CNJ02_1_87,y2012,October,262.7,240.2,2.1,7.3,34,9.2,2.37,1.21
9,25,CNJ02_1_88,y2012,October,107.2,32.2,2.3,68.2,60,10.3,2.67,1.2
9,26,CNJ02_1_89,y2012,October,199.1,124.4,2.2,34.5,49,8.1,2.39,1.23
9,27,CNJ02_1_90,y2012,October,253.6,142.3,1.8,43.8,55,9,2.36,1.35
9,28,CNJ02_1_91,y2012,October,45.9,15.1,2.2,66,44,8.6,2.53,NA
9,29,CNJ02_1_92,y2012,October,308.5,269.3,2.3,11.5,34,11,2.96,1.91
9,30,CNJ02_1_93,y2012,October,235.9,31.9,1.9,86,44,7.9,2.2,1.48
9,31,CNJ02_1_94,y2012,October,249.5,86.6,2.5,64.8,27,10.1,2.53,1.75
9,32,CNJ02_1_95,y2012,October,130.2,39.6,2.1,68.3,55,9.9,2.53,1.72
9,33,CNJ02_1_96,y2012,October,298.4,175,1.9,40.7,38,9.2,2.55,1.09
9,34,CNJ02_1_97,y2012,October,215.5,168.6,1.9,21.4,40,9.9,2.41,0.87
9,35,CNJ02_1_98,y2012,October,113.7,71.9,2.2,35.9,31,8.1,2.82,1.53
9,36,CNJ02_1_99,y2012,October,466.2,264.4,2.6,43,29,9.5,2.32,1.7
9,37,CNJ02_1_100,y2012,October,314.8,149.1,2.4,51.6,58,9.5,2.5,1.48
9,38,CNJ02_1_101,y2012,October,563.3,454.3,2.6,19.3,56,9.9,2.25,1.17
9,39,CNJ02_1_102,y2012,October,435.3,317.2,2.7,26.2,34,8.8,2.69,1.34
9,40,CNJ02_1_103,y2012,October,400.4,195,2.5,50.9,21,9.2,2.51,0.91
9,41,CNJ02_1_104,y2012,October,165.1,72.7,1.9,55.2,29,8.8,2.69,1.65
9,42,CNJ02_1_105,y2012,October,417.5,238.1,2.5,41.6,33,9.2,2.61,1.04
9,43,CNJ02_1_106,y2012,October,226.6,54.9,1.2,75.2,51,8.8,2.57,1.09
9,44,CNJ02_1_107,y2012,October,92.2,7.4,2.5,92,36,8.1,2.62,NA
9,45,CNJ02_1_108,y2012,October,131,38.6,2.6,69.8,42,8.8,2.71,1.72
9,46,CNJ02_1_109,y2012,October,115.9,58.1,2.5,49.7,43,9.2,2.43,1.55
9,47,CNJ02_1_110,y2012,October,379.9,159,2.4,57.5,40,9.2,2.61,1.56
9,48,CNJ02_1_111,y2012,October,307.3,97.7,2.7,67.3,59,10.6,2.73,1.6
9,49,CNJ02_1_112,y2012,October,321.8,80.2,2.4,74.5,39,9.5,2.45,1.14
9,50,CNJ02_1_113,y2012,October,274.2,55,2.5,79.9,33,9,2.3,1.11
9,51,CNJ02_1_114,y2012,October,123.2,35.2,2.5,70,31,9.7,2.87,1.23
9,52,CNJ02_1_115,y2012,October,329.1,243.4,2.5,25.1,27,7.7,2.26,1.3
9,53,CNJ02_1_116,y2012,October,252.2,90.9,2.7,63,44,8.4,2.62,1.18
9,54,CNJ02_1_117,y2012,October,145.7,107.8,3,25.7,19,6.8,2.44,1.08
10,2,CNJ02_1_118,y2012,October,89,42.1,1.5,44.9,44,8.8,2.56,1.97
10,3,CNJ02_1_119,y2012,October,26.1,9.1,1.8,64,NA,NA,NA,NA
10,4,CNJ02_1_120,y2012,October,109.9,73.8,2.5,32.8,22,7,2.37,1.08
10,5,CNJ02_1_121,y2012,October,317,282.9,2.1,10.6,31,8.1,2.82,1.71
10,6,CNJ02_1_122,y2012,October,111.2,83.6,1.9,24.1,27,9.9,2.69,1.31
10,7,CNJ02_1_123,y2012,October,54.1,31.1,1.2,40.5,19,9.9,2.25,1.8
10,8,CNJ02_1_124,y2012,October,134.4,117.7,2.1,11.7,30,8.4,2.04,1.33
10,9,CNJ02_1_125,y2012,October,52.3,7.3,1.5,84.5,31,10.3,2.51,NA
10,10,CNJ02_1_126,y2012,October,60,31.1,2.1,46.3,42,9.9,2.46,1.57
10,11,CNJ02_1_127,y2012,October,288.8,203.8,2.1,26.7,28,7.9,2.2,1.38
10,12,CNJ02_1_128,y2012,October,208.6,186.7,2.4,9.5,34,9,2.35,1.27
10,13,CNJ02_1_129,y2012,October,158.3,107.8,1.9,31.6,44,10.8,2.32,1.5
10,14,CNJ02_1_130,y2012,October,153.3,107.6,2,28.1,36,9.5,2.18,1.49
10,15,CNJ02_1_131,y2012,October,36.4,5.5,1.1,83.2,48,9.2,2.51,1.27
10,16,CNJ02_1_132,y2012,October,79.3,40.8,1.9,46.4,24,7.5,2.4,1.49
10,17,CNJ02_1_133,y2012,October,204,164.1,2.3,15.5,47,9.5,2.34,0.9
10,18,CNJ02_1_134,y2012,October,314.9,301,2,3.9,41,11,2.63,0.85
10,19,CNJ02_1_135,y2012,October,103,79.2,1.8,22.1,47,11.2,2.54,1.55
10,20,CNJ02_1_136,y2012,October,601.6,560.3,2.3,6.5,42,9,2.28,0.98
10,21,CNJ02_1_137,y2012,October,220.5,175.6,2.5,19.5,67,8.6,2.69,1.57
10,22,CNJ02_1_138,y2012,October,92.6,49.7,2.2,44.5,62,10.3,2.67,NA
10,23,CNJ02_1_139,y2012,October,283.7,241.7,2,14.7,37,10.1,2.68,1.22
10,24,CNJ02_1_140,y2012,October,266.8,81.3,2.3,68.9,59,9.2,2.27,1.25
10,25,CNJ02_1_141,y2012,October,49,0,NA,99,42,8.8,2.57,NA
10,26,CNJ02_1_142,y2012,October,133.6,119.2,2.3,5.5,42,9.5,2.35,1.14
10,27,CNJ02_1_143,y2012,October,227.8,153.6,2.1,32,52,10.8,2.6,1.51
10,28,CNJ02_1_144,y2012,October,241.2,209.2,2.4,10.9,35,10.3,2.47,1.32
10,29,CNJ02_1_145,y2012,October,240.7,201.6,2,12.8,49,8.6,2.28,1.26
10,30,CNJ02_1_146,y2012,October,257,94.3,2.4,63,40,9.2,2.3,2.02
10,31,CNJ02_1_147,y2012,October,191.5,97.7,2.2,48.9,22,9.2,2.35,NA
10,32,CNJ02_1_148,y2012,October,459.5,273,2.4,39.9,61,9.7,2.49,1.66
10,33,CNJ02_1_149,y2012,October,333.6,140,2.3,57.1,53,9.9,2.25,1.35
10,34,CNJ02_1_150,y2012,October,249.3,20.6,1.6,89.9,60,9,2.75,1.91
10,35,CNJ02_1_151,y2012,October,224.7,164,2.1,27,51,8.8,2.27,1.15
10,36,CNJ02_1_152,y2012,October,267.2,187.6,1.8,29.3,39,9.2,2.22,1.71
10,37,CNJ02_1_153,y2012,October,203.2,99.9,2.2,50.3,48,8.8,2.62,1.69
10,38,CNJ02_1_154,y2012,October,229.2,174,1.8,22.6,34,9,1.94,1.23
10,39,CNJ02_1_155,y2012,October,124.9,64.3,2,45.5,51,10.8,2.63,2.09
10,40,CNJ02_1_156,y2012,October,237.3,89,2.4,62.5,37,8.6,2.34,1.8
10,41,CNJ02_1_157,y2012,October,81.9,50.5,2.1,36.5,40,8.4,2.35,1.12
7,41,Stevens,y2013,September,NA,NA,NA,NA,NA,NA,NA,NA
7,42,Ben Lear,y2013,September,NA,NA,NA,NA,NA,NA,NA,NA
7,43,Crimson Queen,y2013,September,220.2,156.7,2.2,28.83742053,19,9.02,2.67,1.73
7,45,Mullica Queen,y2013,September,318.6,273.4,2,14.18706842,11,8.58,2.71,0.99
7,46,CNJ02_1_1,y2013,September,395.7,361.2,2.3,8.541824615,17,7.48,2.41,1.52
7,47,CNJ02_1_2,y2013,September,269.3,246.1,2.3,8.35499443,32,7.92,2.38,2.19
7,48,CNJ02_1_3,y2013,September,449.6,345.6,2.1,23.04270463,13,9.02,2.06,1.06
7,49,CNJ02_1_4,y2013,September,292,226.3,2.2,22.5,17,8.8,2.68,1.35
7,50,CNJ02_1_5,y2013,September,333.9,314.6,2.3,5.510631926,15,7.7,2.33,1.41
7,51,CNJ02_1_6,y2013,September,289.6,258.1,2.2,10.87707182,13,9.68,2.5,1.29
7,52,CNJ02_1_7,y2013,September,262.2,233.9,2.2,10.71700992,30,8.36,2.75,1.36
7,53,CNJ02_1_8,y2013,September,547.9,503.6,2.3,8.067165541,12,7.26,2.63,1.32
7,54,CNJ02_1_9,y2013,September,445.3,418,2,5.906130698,15,8.14,2.62,1.49
8,1,CNJ02_1_10,y2013,September,237.8,173.2,1.4,26.3666947,24,10.12,2.64,1.38
8,2,CNJ02_1_11,y2013,September,159.3,103.2,1.6,34.90269931,19,7.92,2.5,1.53
8,3,CNJ02_1_12,y2013,September,259.4,247.8,1.2,4.086353123,16,8.36,2.43,2.19
8,4,CNJ02_1_13,y2013,September,88.6,36.5,1.3,58.01354402,22,9.24,2.4,1.92
8,5,CNJ02_1_14,y2013,September,106.6,59,1.3,43.99624765,26,9.68,2.57,1.26
8,6,CNJ02_1_15,y2013,September,264.9,223.8,1.4,15.4397886,9,7.48,2.38,0.89
8,7,CNJ02_1_16,y2013,September,317.5,204.3,1.2,35.24409449,17,7.92,2.59,1.55
8,8,CNJ02_1_17,y2013,September,236.5,221.1,2.2,5.581395349,20,7.48,2.37,1.4
8,9,CNJ02_1_18,y2013,September,353,330.1,1.8,6.090651558,13,7.92,2.33,1.56
8,10,CNJ02_1_19,y2013,September,232.4,190.5,1.3,17.98623064,25,8.8,2.01,1.57
8,11,CNJ02_1_20,y2013,September,433.5,408.5,1.7,5.420991926,10,7.48,2.74,1.39
8,12,CNJ02_1_21,y2013,September,308.2,214.5,1.6,29.75340688,17,7.48,2.3,1.69
8,13,CNJ02_1_22,y2013,September,155.3,125.9,1.5,17.45009659,13,8.8,2.22,1.55
8,14,CNJ02_1_23,y2013,September,299.9,217.4,2.2,27.009003,13,7.48,2.36,2.25
8,15,CNJ02_1_24,y2013,September,381.3,364,2.1,4.327301338,15,8.36,2.78,1.18
8,16,CNJ02_1_25,y2013,September,163.9,144.7,2.2,11.28737035,16,7.48,2.54,1.94
8,17,CNJ02_1_26,y2013,September,330.6,316.9,1.8,3.932244404,16,7.48,2.51,1.43
8,18,CNJ02_1_27,y2013,September,340,290.5,2.3,13.79411765,28,8.14,2.5,1.46
8,19,CNJ02_1_28,y2013,September,274,203.8,1.8,25,11,8.36,2.28,1.7
8,20,CNJ02_1_29,y2013,September,336.3,297,1.7,11.47784716,13,7.04,2.19,1.66
8,21,CNJ02_1_30,y2013,September,268.7,230.1,1.8,14.29103089,9,8.58,2.82,1.73
8,22,CNJ02_1_31,y2013,September,285.8,223.5,2,21.58852344,9,7.7,2.32,1.69
8,23,CNJ02_1_32,y2013,September,361.4,337,2,6.474820144,18,8.14,2.45,1.38
8,24,CNJ02_1_33,y2013,September,447.2,423.3,1.9,5.053667263,17,7.04,2.43,1.29
8,25,CNJ02_1_34,y2013,September,146.4,141.2,2,3.142076503,23,7.92,2.51,1.39
8,26,CNJ02_1_35,y2013,September,59.34,19.64,2.1,66.22851365,27,7.48,2.46,1.8
8,27,CNJ02_1_36,y2013,September,272,229.5,2,15.22058824,24,9.02,2.51,1.37
8,28,CNJ02_1_37,y2013,September,247.3,217.7,2.6,10.83704003,23,9.24,2.63,1.08
8,29,CNJ02_1_38,y2013,September,175.6,156.6,2.5,10.07972665,10,7.48,2.52,1.59
8,30,CNJ02_1_39,y2013,September,155,71.6,2,53.5483871,14,8.36,2.61,1.45
8,31,CNJ02_1_40,y2013,September,104.3,99.6,1.8,4.314477469,10,6.6,2.57,1.61
8,32,CNJ02_1_41,y2013,September,271.3,246.9,2.1,8.956874309,16,8.14,2.15,1.42
8,33,CNJ02_1_42,y2013,September,477.3,430.2,2,9.302325581,15,8.36,2.61,1.46
8,34,CNJ02_1_43,y2013,September,418.5,336.4,2,19.52210275,15,8.8,2.83,1.87
8,35,CNJ02_1_44,y2013,September,249.4,179.1,1.9,28.02726544,20,8.8,2.35,1.9
8,36,CNJ02_1_45,y2013,September,602.5,449.6,2.1,16.13278008,9,7.92,2.62,1.39
8,37,CNJ02_1_46,y2013,September,473.5,413.6,2,12.50263992,28,7.48,2.63,1.47
8,38,CNJ02_1_47,y2013,September,319.5,291.4,1.6,8.48200313,15,7.92,2.82,1.63
8,39,CNJ02_1_48,y2013,September,614.6,551.3,2.2,9.778717865,11,7.48,2.82,1.55
8,40,CNJ02_1_49,y2013,September,319.7,211.9,1.7,32.96840788,22,9.02,2.67,1.38
8,41,CNJ02_1_50,y2013,September,272.5,178.6,1.9,33.72477064,16,8.14,2.75,1.27
8,42,CNJ02_1_51,y2013,September,650.9,590.8,2.1,8.956829006,9,7.7,2.55,1.11
8,43,CNJ02_1_52,y2013,September,273.5,245.2,1.9,10.23765996,19,9.9,2.87,1.08
8,44,CNJ02_1_53,y2013,September,447.6,421.1,2,5.406613047,23,8.58,2.53,1.45
8,45,CNJ02_1_54,y2013,September,442.8,370.9,2,15.98915989,18,8.58,2.82,1.7
8,46,CNJ02_1_55,y2013,September,220.2,183.3,2.3,15.16802906,22,8.36,2.5,1.3
8,47,CNJ02_1_56,y2013,September,359.1,320.7,2.2,10.60985798,10,7.26,20.74,1.51
8,48,CNJ02_1_57,y2013,September,455.3,375.4,2.6,17.32923347,13,8.36,2.94,1.46
8,49,CNJ02_1_58,y2013,September,439.5,342.4,2.6,21.86575654,28,8.14,2.36,1.31
8,50,CNJ02_1_59,y2013,September,442.1,378.9,1.8,14.25016964,17,7.92,2.3,1.27
8,51,CNJ02_1_60,y2013,September,248.6,188.8,2.5,23.73290426,17,9.46,2.83,1.27
8,52,CNJ02_1_61,y2013,September,354.6,252.7,2.2,28.2571912,16,7.26,2.56,1.75
8,53,CNJ02_1_62,y2013,September,441.8,398.1,2,9.574468085,9,8.36,2.85,1.61
8,54,CNJ02_1_63,y2013,September,181.4,144.6,2,20.06615215,30,8.8,2.62,1.67
9,1,CNJ02_1_64,y2013,September,135.9,99.2,1.1,26.63723326,42,9.46,2.27,1.55
9,2,CNJ02_1_65,y2013,September,199.7,103.4,1.5,47.77165749,13,8.36,1.91,2.03
9,3,CNJ02_1_66,y2013,September,165.3,112.4,1.4,31.57894737,21,8.14,2.22,1.48
9,4,CNJ02_1_67,y2013,September,102.7,38.4,1.1,60.5647517,48,9.24,2.35,1.99
9,5,CNJ02_1_68,y2013,September,313.5,252,1.8,19.07496013,26,8.8,2.4,1.3
9,6,CNJ02_1_69,y2013,September,219.3,149.1,1.7,31.41814865,30,8.58,2.61,1.62
9,7,CNJ02_1_70,y2013,September,329.3,316.2,1.6,3.887033101,13,8.14,2.45,1.55
9,8,CNJ02_1_71,y2013,September,166.9,154,1.5,7.070101857,8,8.14,2.91,1.22
9,9,CNJ02_1_72,y2013,September,435.7,392.3,2,9.501950884,14,7.04,2.69,1.68
9,10,CNJ02_1_73,y2013,September,33.2,17.9,0.7,41.26506024,22,8.58,2.5,NA
9,11,CNJ02_1_74,y2013,September,155.5,136.4,1.2,12.02572347,34,9.24,2.2,1.57
9,12,CNJ02_1_75,y2013,September,239.9,194.4,2,18.96623593,27,8.58,2.46,2.01
9,13,CNJ02_1_76,y2013,September,199.5,124.3,1.4,37.19298246,29,7.04,2.43,1.73
9,14,CNJ02_1_77,y2013,September,202.7,148.3,2.1,26.6896892,12,8.58,2.93,1.65
9,15,CNJ02_1_78,y2013,September,247.6,199.6,1.6,19.38610662,37,7.92,2.53,1.87
9,16,CNJ02_1_79,y2013,September,219.3,194.7,1.9,10.76151391,10,7.26,2.24,1.63
9,17,CNJ02_1_80,y2013,September,315.4,283.1,2.3,10.17755231,19,7.92,2.47,1.26
9,18,CNJ02_1_81,y2013,September,307.3,269.4,2.2,12.30068337,20,7.26,2.6,1.76
9,19,CNJ02_1_82,y2013,September,278.3,254,2.3,8.480057492,22,8.58,2.39,1.53
9,20,CNJ02_1_83,y2013,September,214.9,191.7,1.9,10.7026524,12,8.36,2.5,1.93
9,21,CNJ02_1_84,y2013,September,392.2,329.8,1.7,15.62978072,16,7.04,2.42,1.64
9,22,CNJ02_1_85,y2013,September,238,208,1.9,11.8907563,17,8.58,2.2,1.22
9,23,CNJ02_1_86,y2013,September,149.9,93.1,1.9,35.0233489,25,8.36,2.68,1.49
9,24,CNJ02_1_87,y2013,September,505.9,462.9,1.8,8.183435462,5,7.04,2.6,1.41
9,25,CNJ02_1_88,y2013,September,340.5,331.7,2.3,2.496328928,26,9.02,2.6,1.42
9,26,CNJ02_1_89,y2013,September,335.8,262.5,2.2,21.82846933,27,7.92,2.57,1.76
9,27,CNJ02_1_90,y2013,September,219.1,172.2,2.2,21.13190324,22,7.92,2.82,1.23
9,28,CNJ02_1_91,y2013,September,63.2,35.8,2.2,42.72151899,23,8.58,2.73,NA
9,29,CNJ02_1_92,y2013,September,440.4,381.6,2.5,13.30608538,13,7.48,2.71,1.55
9,30,CNJ02_1_93,y2013,September,281,230.8,1.9,17.72241993,9,8.58,2.5,1.79
9,31,CNJ02_1_94,y2013,September,357.4,306.1,2.4,13.90598769,15,7.48,2.69,1.36
9,32,CNJ02_1_95,y2013,September,157.8,140.3,1.8,10.45627376,19,8.58,2.61,1.32
9,33,CNJ02_1_96,y2013,September,299.2,274.8,2.1,8.088235294,13,9.02,2.82,1.19
9,34,CNJ02_1_97,y2013,September,401.3,358.5,2.1,10.49090456,19,7.7,2.51,1.5
9,35,CNJ02_1_98,y2013,September,200.8,110.5,1.8,44.92031873,10,7.7,2.54,1.43
9,36,CNJ02_1_99,y2013,September,387,325.5,1.8,15.89147287,17,8.14,2.18,1.64
9,37,CNJ02_1_100,y2013,September,320.7,271.6,1.9,15.18553165,31,9.24,2.61,1.63
9,38,CNJ02_1_101,y2013,September,379.2,357.6,2.2,5.696202532,12,8.36,2.69,1.88
9,39,CNJ02_1_102,y2013,September,442.9,397.7,2,9.934522466,13,7.7,2.51,1.09
9,40,CNJ02_1_103,y2013,September,230.9,183.7,2.2,20.39844088,11,8.36,8.43,1.02
9,41,CNJ02_1_104,y2013,September,236,150,2.4,35.84745763,12,9.68,3.05,1.68
9,42,CNJ02_1_105,y2013,September,206.2,167.8,1.8,18.18622696,26,9.02,2.24,1.45
9,43,CNJ02_1_106,y2013,September,487.7,383.7,2.2,21.22206274,17,8.58,2.71,1.34
9,44,CNJ02_1_107,y2013,September,93,33.9,2,63.44086022,35,7.92,2.63,1.54
9,45,CNJ02_1_108,y2013,September,176.8,117.1,2.1,33.65384615,17,7.26,2.42,1.7
9,46,CNJ02_1_109,y2013,September,219.9,198.1,2.1,9.595270578,18,7.92,2.38,1.57
9,47,CNJ02_1_110,y2013,September,355.5,320,2,9.732770745,27,7.92,2.34,1.41
9,48,CNJ02_1_111,y2013,September,292,190.2,2,34.7260274,29,8.36,2.45,2.5
9,49,CNJ02_1_112,y2013,September,205.1,115,2,43.53973671,13,8.36,2.38,1.24
9,50,CNJ02_1_113,y2013,September,313,205.1,1.9,34.37699681,12,7.04,2.23,1.63
9,51,CNJ02_1_114,y2013,September,229.3,163.5,2.2,28.60880942,23,10.12,2.82,1.35
9,52,CNJ02_1_115,y2013,September,361.2,336.9,2.1,6.644518272,18,8.14,2.48,1.1
9,53,CNJ02_1_116,y2013,September,319,265.7,2.2,16.55172414,17,7.7,2.52,1.57
9,54,CNJ02_1_117,y2013,September,338,304.1,2.3,9.881656805,12,6.82,2.44,1.32
10,2,CNJ02_1_118,y2013,September,270.9,226.5,1.4,15.90992986,19,8.14,2.65,1.68
10,3,CNJ02_1_119,y2013,September,NA,NA,NA,NA,NA,NA,NA,NA
10,4,CNJ02_1_120,y2013,September,58.9,21.5,1,60.27164686,25,8.14,2.4,NA
10,5,CNJ02_1_121,y2013,September,245,162.2,1.5,33.26530612,15,8.58,2.56,1.6
10,6,CNJ02_1_122,y2013,September,55.9,31.8,1.1,42.93381038,12,8.14,2.42,NA
10,7,CNJ02_1_123,y2013,September,NA,NA,NA,NA,NA,NA,NA,NA
10,8,CNJ02_1_124,y2013,September,225.8,203.3,1.5,9.698848539,22,7.48,2.43,2.13
10,9,CNJ02_1_125,y2013,September,11,4.1,NA,62.72727273,NA,NA,NA,NA
10,10,CNJ02_1_126,y2013,September,56.4,16.8,1.2,68.97163121,33,9.46,2.43,NA
10,11,CNJ02_1_127,y2013,September,267.4,209.5,1.5,21.42857143,17,7.7,2.52,1.54
10,12,CNJ02_1_128,y2013,September,465,424.5,1.8,8.688172043,17,7.26,2.25,1.2
10,13,CNJ02_1_129,y2013,September,284.5,190,1.7,33.11072056,31,9.9,2.23,1.52
10,14,CNJ02_1_130,y2013,September,124,61,1.9,50.64516129,22,9.46,2.03,1.24
10,15,CNJ02_1_131,y2013,September,107.4,58.7,1.5,45.34450652,27,8.8,2.52,NA
10,16,CNJ02_1_132,y2013,September,187.6,105.3,1.8,43.86993603,14,8.14,2.49,2.15
10,17,CNJ02_1_133,y2013,September,758.8,217.1,2,71.03321033,10,7.48,2.33,1.49
10,18,CNJ02_1_134,y2013,September,428.2,373.7,2.1,12.44745446,10,8.36,2.69,1.19
10,19,CNJ02_1_135,y2013,September,243.4,191,1.8,21.07641742,15,9.68,2.51,1.69
10,20,CNJ02_1_136,y2013,September,443.1,404.9,1.9,8.23741819,23,7.7,2.6,1.18
10,21,CNJ02_1_137,y2013,September,210.2,163.2,2,22.31208373,20,7.92,2.51,2.19
10,22,CNJ02_1_138,y2013,September,311.5,157,1.6,48.21829856,27,8.36,2.37,1.87
10,23,CNJ02_1_139,y2013,September,154.7,126.3,1.5,18.29347123,14,8.58,2.63,1.48
10,24,CNJ02_1_140,y2013,September,260.8,152.6,2,41.37269939,26,7.7,2.53,1.59
10,25,CNJ02_1_141,y2013,September,88,47.7,1,45.79545455,27,8.58,2.56,NA
10,26,CNJ02_1_142,y2013,September,343.6,306.8,2.1,10.68102445,20,7.92,2.37,1.36
10,27,CNJ02_1_143,y2013,September,267.7,234.4,2.2,11.76690325,19,7.7,2.31,1.24
10,28,CNJ02_1_144,y2013,September,49.3,37.3,2.5,22.71805274,14,7.26,2.2,1.41
10,29,CNJ02_1_145,y2013,September,241.2,195.6,1.9,18.78109453,23,8.8,2.67,1.69
10,30,CNJ02_1_146,y2013,September,111.6,56,2,49.82078853,22,8.58,2.5,1.18
10,31,CNJ02_1_147,y2013,September,398.5,323,1.9,17.66624843,13,9.02,2.63,1.09
10,32,CNJ02_1_148,y2013,September,394.7,262.7,2,31.26425133,33,7.7,2.61,1.36
10,33,CNJ02_1_149,y2013,September,230.1,154.9,2.5,32.33376793,23,8.36,2.029,1.38
10,34,CNJ02_1_150,y2013,September,257.4,129.7,1.8,48.6013986,26,7.26,2.52,1.72
10,35,CNJ02_1_151,y2013,September,134.1,121.2,1.8,9.172259508,33,8.36,2.18,1.66
10,36,CNJ02_1_152,y2013,September,247,213.8,2.1,12.55060729,20,8.36,2.17,1.84
10,37,CNJ02_1_153,y2013,September,206,135.7,1.7,33.49514563,17,7.7,2.51,1.48
10,38,CNJ02_1_154,y2013,September,282.9,225.8,1.8,20.04241782,16,8.36,2.34,1.22
10,39,CNJ02_1_155,y2013,September,439.3,372.4,1.7,15.16048259,31,8.36,2.3,1.86
10,40,CNJ02_1_156,y2013,September,339.9,261.8,2.4,22.41835834,13,8.58,2.64,2.24
10,41,CNJ02_1_157,y2013,September,124.2,103.4,1.8,16.74718196,24,8.58,2.67,1.63
7,41,Stevens,y2013,October,NA,NA,NA,NA,NA,NA,NA,NA
7,42,Ben Lear,y2013,October,NA,NA,NA,NA,NA,NA,NA,NA
7,43,Crimson Queen,y2013,October,381,239.5,2.5,36.95538058,44,8.8,2.69,1.14
7,45,Mullica Queen,y2013,October,280.6,230.9,1.8,17.71204562,25,10.12,2.69,1.84
7,46,CNJ02_1_1,y2013,October,399.8,323.9,2.4,18.60930465,33,7.92,2.82,1.56
7,47,CNJ02_1_2,y2013,October,187.7,129.6,2.2,30.90037294,69,11.22,2.82,1.83
7,48,CNJ02_1_3,y2013,October,357.4,261.4,2.2,26.72076105,35,11,3.01,1.42
7,49,CNJ02_1_4,y2013,October,291.3,204.5,2.6,29.79745966,33,10.12,3.08,1.27
7,50,CNJ02_1_5,y2013,October,304.1,254.2,2.1,16.40907596,30,8.14,2.49,1.24
7,51,CNJ02_1_6,y2013,October,321.9,221.3,1.9,31.22087605,30,9.46,2.78,1.47
7,52,CNJ02_1_7,y2013,October,422.8,374.8,2.1,11.14001892,48,9.46,2.82,1.38
7,53,CNJ02_1_8,y2013,October,446.8,338.2,2.2,24.08236347,21,9.46,2.82,1.08
7,54,CNJ02_1_9,y2013,October,203.7,142.5,2.1,29.99509082,30,9.46,2.68,1.5
8,1,CNJ02_1_10,y2013,October,69.2,21.8,1.1,67.77456647,44,9.68,2.45,NA
8,2,CNJ02_1_11,y2013,October,95.1,56.8,1.6,39.95793901,31,8.8,2.59,2.2
8,3,CNJ02_1_12,y2013,October,117.8,88.1,1.2,25.12733447,36,9.9,2.39,1.55
8,4,CNJ02_1_13,y2013,October,86.3,47.9,1.3,44.38006952,39,9.02,2.65,1.69
8,5,CNJ02_1_14,y2013,October,126.4,95.4,1.7,23.49683544,48,9.9,2.85,2.16
8,6,CNJ02_1_15,y2013,October,318.1,300.8,1.8,5.438541339,23,10.34,2.78,1.06
8,7,CNJ02_1_16,y2013,October,136.3,70.4,1.7,48.2024945,28,9.9,2.76,1.34
8,8,CNJ02_1_17,y2013,October,207.8,161.4,2.4,22.18479307,30,8.8,2.87,1.48
8,9,CNJ02_1_18,y2013,October,178.3,155.3,1.7,12.84352215,40,8.58,2.82,1.6
8,10,CNJ02_1_19,y2013,October,267.9,256.1,1.3,4.329973871,47,9.46,2.3,1.35
8,11,CNJ02_1_20,y2013,October,190.4,163.8,2,13.91806723,22,10.34,2.95,1.46
8,12,CNJ02_1_21,y2013,October,411.8,347.8,1.9,15.25012142,34,8.14,2.42,1.3
8,13,CNJ02_1_22,y2013,October,88.1,49.7,1.6,43.58683314,44,9.9,2.6,1.59
8,14,CNJ02_1_23,y2013,October,227.1,149.5,2.2,34.12593571,33,9.24,2.44,1.95
8,15,CNJ02_1_24,y2013,October,272.9,256.3,1.9,6.082814218,35,8.58,2.51,1.36
8,16,CNJ02_1_25,y2013,October,91.4,53.5,1.8,41.24726477,48,10.12,2.78,1.71
8,17,CNJ02_1_26,y2013,October,335.2,309.2,2,7.547732697,35,10.12,2.7,1.8
8,18,CNJ02_1_27,y2013,October,436.9,383.6,3,11.78759442,33,8.8,2.777,1.37
8,19,CNJ02_1_28,y2013,October,135,67.2,2.3,50.22222222,29,11,2.14,1.54
8,20,CNJ02_1_29,y2013,October,297.5,287.1,2,3.327731092,31,10.12,2.63,1.09
8,21,CNJ02_1_30,y2013,October,207.5,195.3,1.7,5.879518072,22,8.58,2.62,1.52
8,22,CNJ02_1_31,y2013,October,189.3,135.7,3.3,28.05071315,19,9.24,2.59,1.78
8,23,CNJ02_1_32,y2013,October,335.2,310.1,1.9,7.488066826,33,8.14,2.61,1.26
8,24,CNJ02_1_33,y2013,October,216.8,178.4,2.3,17.43542435,29,9.68,2.88,1.44
8,25,CNJ02_1_34,y2013,October,398,345.4,2.6,12.91457286,35,8.8,2.47,1.75
8,26,CNJ02_1_35,y2013,October,139.9,103.8,2.1,24.44603288,47,9.46,2.59,1.59
8,27,CNJ02_1_36,y2013,October,291.3,222.4,2,23.03467216,40,9.9,2.68,1.27
8,28,CNJ02_1_37,y2013,October,678,556.2,0,17.58112094,27,7.7,2.3,1.02
8,29,CNJ02_1_38,y2013,October,369.6,334.5,2.4,9.415584416,42,8.8,2.5,1.43
8,30,CNJ02_1_39,y2013,October,187.1,79.6,2,56.97487974,29,10.56,2.99,1.15
8,31,CNJ02_1_40,y2013,October,161.5,144.1,2.1,10.7120743,33,11.22,3.12,1.3
8,32,CNJ02_1_41,y2013,October,232.2,193.4,1.8,15.93453919,39,10.34,2.28,1.35
8,33,CNJ02_1_42,y2013,October,195.2,180.9,1.9,7.223360656,30,8.8,2.22,1.42
8,34,CNJ02_1_43,y2013,October,593.2,432.6,2,26.95549562,41,10.34,3.33,1.39
8,35,CNJ02_1_44,y2013,October,385.8,276.2,2,28.38258165,36,8.8,2.48,1.5
8,36,CNJ02_1_45,y2013,October,271.6,219.3,2,19.21944035,32,10.56,2.53,1.25
8,37,CNJ02_1_46,y2013,October,274.5,168.1,2.1,38.68852459,53,10.34,2.88,1.18
8,38,CNJ02_1_47,y2013,October,345.8,292.6,1.8,14.89300174,41,8.14,2.81,1.58
8,39,CNJ02_1_48,y2013,October,332.5,206.6,2.3,37.68421053,42,9.24,2.82,1.39
8,40,CNJ02_1_49,y2013,October,504.1,425.7,1.8,15.41360841,33,7.7,2.72,1.11
8,41,CNJ02_1_50,y2013,October,322.1,157.1,1.9,50.97795716,48,9.9,2.82,1.32
8,42,CNJ02_1_51,y2013,October,429.9,316.7,2.3,26.19213771,27,8.8,2.55,1.13
8,43,CNJ02_1_52,y2013,October,190.7,129,2.1,32.3020451,35,9.9,2.81,1.06
8,44,CNJ02_1_53,y2013,October,444.8,390.4,2,12.11780576,47,8.36,2.8,1.31
8,45,CNJ02_1_54,y2013,October,306.2,258.6,1.9,15.41476159,26,9.02,2.82,1.48
8,46,CNJ02_1_55,y2013,October,249.3,201.1,2.4,19.29402327,45,8.36,2.45,1.11
8,47,CNJ02_1_56,y2013,October,389.2,315.2,2.5,18.88489209,60,10.56,2.89,1.09
8,48,CNJ02_1_57,y2013,October,320.7,261,2.8,18.45961958,35,8.36,2.89,1.36
8,49,CNJ02_1_58,y2013,October,273.4,147,2.6,46.19604974,60,8.14,2.56,1.32
8,50,CNJ02_1_59,y2013,October,345.4,271.1,1.7,21.45338738,32,8.58,2.55,1.35
8,51,CNJ02_1_60,y2013,October,249.7,168,2.5,32.51902283,31,10.12,3.11,1.33
8,52,CNJ02_1_61,y2013,October,420.5,342.9,2.2,18.3353151,29,8.14,2.56,1.28
8,53,CNJ02_1_62,y2013,October,340.2,293,1.9,13.8154027,24,8.8,2.62,1.16
8,54,CNJ02_1_63,y2013,October,383.1,150.6,2.1,60.53249804,33,7.92,2.9,1.6
9,1,CNJ02_1_64,y2013,October,158.2,87.4,1.2,44.18457649,51,10.12,2.34,1.93
9,2,CNJ02_1_65,y2013,October,139.6,75.5,1.5,45.2722063,35,9.46,2.18,1.39
9,3,CNJ02_1_66,y2013,October,235,167.8,1.7,28.21276596,39,10.34,2.77,1.61
9,4,CNJ02_1_67,y2013,October,81.7,17.9,1.2,77.60097919,65,9.9,2.6,1.95
9,5,CNJ02_1_68,y2013,October,161.3,105.7,1.8,33.91196528,33,7.92,2.44,1.32
9,6,CNJ02_1_69,y2013,October,184.3,76.9,1.5,58.05751492,35,9.24,2.52,1.62
9,7,CNJ02_1_70,y2013,October,188.1,164.4,1.7,10.84529506,34,9.46,2.5,1.45
9,8,CNJ02_1_71,y2013,October,203.1,163.1,1.5,19.35007386,25,8.36,2.43,1.07
9,9,CNJ02_1_72,y2013,October,376.5,252.6,2.1,32.80212483,30,7.7,2.69,1.64
9,10,CNJ02_1_73,y2013,October,68.5,40.9,1.1,39.41605839,28,7.7,2.82,2.88
9,11,CNJ02_1_74,y2013,October,152.9,124.1,1.6,18.77043819,42,8.36,2.77,1.56
9,12,CNJ02_1_75,y2013,October,317.2,264.1,2.3,16.58259773,33,7.48,2.5,1.52
9,13,CNJ02_1_76,y2013,October,151.8,81.8,1.9,45.84980237,52,8.36,2.81,2.56
9,14,CNJ02_1_77,y2013,October,214.2,113.8,2.4,46.63865546,30,9.9,2.65,2.22
9,15,CNJ02_1_78,y2013,October,206.8,101.2,1.9,49.8065764,65,9.02,2.77,2.32
9,16,CNJ02_1_79,y2013,October,252.3,203.6,1.7,19.14387634,33,9.46,2.73,2.17
9,17,CNJ02_1_80,y2013,October,245.4,191.8,2.1,21.84189079,29,8.58,2.3,1.41
9,18,CNJ02_1_81,y2013,October,327.7,226.3,2.1,30.94293561,28,6.82,2.72,1.73
9,19,CNJ02_1_82,y2013,October,175.8,84.7,2.1,51.592719,32,8.8,2.76,1.79
9,20,CNJ02_1_83,y2013,October,248.4,227.8,2.4,8.212560386,22,9.46,2.99,1.47
9,21,CNJ02_1_84,y2013,October,315.5,219.8,1.7,30.04754358,34,8.14,2.53,1.55
9,22,CNJ02_1_85,y2013,October,390.5,240.6,1.8,37.74647887,22,9.46,2.54,0.91
9,23,CNJ02_1_86,y2013,October,333.8,254,2.1,23.81665668,29,8.36,2.82,1.23
9,24,CNJ02_1_87,y2013,October,355.6,322.9,2.2,8.914510686,31,10.12,2.77,1.17
9,25,CNJ02_1_88,y2013,October,257.5,122.6,1,51.68932039,53,9.9,2.73,1.28
9,26,CNJ02_1_89,y2013,October,327.8,191.7,1.9,41.27516779,35,8.36,2.53,1.58
9,27,CNJ02_1_90,y2013,October,154.2,102.8,1.9,32.94422827,46,10.12,2.35,1.41
9,28,CNJ02_1_91,y2013,October,128.9,30.1,1.8,75.95034911,49,8.58,2.52,1.35
9,29,CNJ02_1_92,y2013,October,549,481.1,2,11.96721311,39,9.68,2.53,1.23
9,30,CNJ02_1_93,y2013,October,227.5,119.9,1.9,46.98901099,30,9.9,2.59,1.27
9,31,CNJ02_1_94,y2013,October,344.3,154.8,1.2,54.6616323,52,9.9,2.38,1.32
9,32,CNJ02_1_95,y2013,October,118.7,89.6,1.9,24.43133951,40,9.9,2.69,1.14
9,33,CNJ02_1_96,y2013,October,299,236.6,1.7,20.66889632,30,8.8,2.58,1.11
9,34,CNJ02_1_97,y2013,October,308,238.2,1.7,22.66233766,36,10.12,2.34,1.16
9,35,CNJ02_1_98,y2013,October,203.7,148.8,2,26.4604811,26,8.14,2.36,1.39
9,36,CNJ02_1_99,y2013,October,460.6,317.2,2.1,31.08988276,30,8.8,2.81,1.11
9,37,CNJ02_1_100,y2013,October,229.9,162.8,2.2,28.49064811,77,9.68,2.66,1.59
9,38,CNJ02_1_101,y2013,October,391.6,377.2,2.3,3.524004086,44,9.24,2.74,1.65
9,39,CNJ02_1_102,y2013,October,479.8,433.2,2,9.629012088,24,8.36,2.93,1.14
9,40,CNJ02_1_103,y2013,October,358.7,307.5,2,14.19013103,22,8.36,2.59,0.92
9,41,CNJ02_1_104,y2013,October,272,140.5,2,48.16176471,23,9.24,2.92,1.47
9,42,CNJ02_1_105,y2013,October,374.8,323.5,2.1,13.6339381,30,8.58,2.75,1.15
9,43,CNJ02_1_106,y2013,October,241.9,107.7,2,54.98139727,39,9.24,2.52,1.1
9,44,CNJ02_1_107,y2013,October,123.2,15.2,2.2,87.17532468,66,9.24,2.82,NA
9,45,CNJ02_1_108,y2013,October,216.2,35.1,2.3,83.5800185,53,8.14,2.36,NA
9,46,CNJ02_1_109,y2013,October,205.4,158.9,2.4,22.59006816,26,7.92,2.82,1.34
9,47,CNJ02_1_110,y2013,October,439.9,325,2.2,25.89224824,59,8.36,2.65,1.39
9,48,CNJ02_1_111,y2013,October,301.7,177.8,1.9,40.86841233,44,10.34,3.07,1.7
9,49,CNJ02_1_112,y2013,October,153.4,71,1.4,53.06388527,30,10.56,2.82,1.28
9,50,CNJ02_1_113,y2013,October,305.6,111.9,2.1,63.18717277,28,8.58,2.4,0.92
9,51,CNJ02_1_114,y2013,October,229.3,178.2,2.4,22.1543829,41,10.12,2.84,1.42
9,52,CNJ02_1_115,y2013,October,368.6,326.8,2.1,11.28594683,26,9.02,2.73,1.31
9,53,CNJ02_1_116,y2013,October,201.4,102.3,2,48.70903674,47,10.56,2.83,1.44
9,54,CNJ02_1_117,y2013,October,231.8,157.8,2.2,31.88093184,28,8.58,2.79,1.67
10,2,CNJ02_1_118,y2013,October,93.9,34.9,1.6,61.8743344,35,8.36,2.55,2.13
10,3,CNJ02_1_119,y2013,October,NA,NA,NA,NA,NA,NA,NA,NA
10,4,CNJ02_1_120,y2013,October,NA,NA,NA,NA,NA,NA,NA,NA
10,5,CNJ02_1_121,y2013,October,216.2,121.6,1.5,42.18316374,29,9.24,2.75,1.45
10,6,CNJ02_1_122,y2013,October,116.1,102.2,1.6,11.97243755,27,9.24,2.46,1.07
10,7,CNJ02_1_123,y2013,October,NA,NA,NA,NA,NA,NA,NA,NA
10,8,CNJ02_1_124,y2013,October,192.2,130.1,1.8,31.99791883,38,9.9,2.28,1.75
10,9,CNJ02_1_125,y2013,October,NA,NA,NA,NA,NA,NA,NA,NA
10,10,CNJ02_1_126,y2013,October,44.3,13.4,1.3,68.3972912,NA,NA,NA,NA
10,11,CNJ02_1_127,y2013,October,209.3,171.2,2,18.15575729,33,9.46,2.54,1.36
10,12,CNJ02_1_128,y2013,October,283.3,231.2,2,16.55488881,24,9.02,2.65,0.87
10,13,CNJ02_1_129,y2013,October,182.6,93.2,1.8,48.6856517,28,9.24,2.26,1.85
10,14,CNJ02_1_130,y2013,October,171.7,80.9,1.7,52.82469423,27,9.9,2.28,1.93
10,15,CNJ02_1_131,y2013,October,101.5,38,1.8,62.56157635,66,9.02,2.47,1.75
10,16,CNJ02_1_132,y2013,October,127.5,29.8,1.9,76,27,8.58,2.54,1.81
10,17,CNJ02_1_133,y2013,October,191,120.7,2.1,36.28272251,44,7.92,2.18,1.18
10,18,CNJ02_1_134,y2013,October,418.7,387.7,1.7,6.99785049,24,9.68,2.82,1.36
10,19,CNJ02_1_135,y2013,October,131.7,113.7,1.6,13.2118451,41,9.9,2.34,1.45
10,20,CNJ02_1_136,y2013,October,374.1,352,2.1,5.907511361,36,8.58,2.58,1.31
10,21,CNJ02_1_137,y2013,October,192,47.8,2.1,74.89583333,53,8.8,2.63,1.79
10,22,CNJ02_1_138,y2013,October,168.1,69.3,1.6,58.77453896,56,7.92,2.47,1.9
10,23,CNJ02_1_139,y2013,October,233.6,182,1.7,22.04623288,38,10.34,2.62,1.6
10,24,CNJ02_1_140,y2013,October,145.9,57.3,1.8,60.72652502,47,8.8,2.46,1.53
10,25,CNJ02_1_141,y2013,October,154.5,28.6,1.7,80.90614887,55,8.58,2.44,NA
10,26,CNJ02_1_142,y2013,October,126.4,94.7,2.1,25,30,9.24,2.26,1.2
10,27,CNJ02_1_143,y2013,October,195.4,124.4,2,36.28454452,27,9.24,2.81,1.17
10,28,CNJ02_1_144,y2013,October,235.9,203.7,2.3,13.5226791,27,9.02,2.51,1.18
10,29,CNJ02_1_145,y2013,October,374.6,186,1.8,49.65296316,34,9.24,2.87,1.49
10,30,CNJ02_1_146,y2013,October,88.7,38.7,1.8,56.36978579,60,9.02,2.47,1.89
10,31,CNJ02_1_147,y2013,October,115.4,22.4,NA,80.24263432,36,9.9,2.26,1.16
10,32,CNJ02_1_148,y2013,October,334.8,298.3,2,10.84229391,48,8.8,2.82,1.29
10,33,CNJ02_1_149,y2013,October,383.8,159.7,2.6,58.10317874,42,8.36,2.07,1.24
10,34,CNJ02_1_150,y2013,October,48.9,34.4,1.6,29.44785276,66,9.46,2.74,1.39
10,35,CNJ02_1_151,y2013,October,281.3,224.7,2.1,19.94312122,60,8.8,2.32,1.89
10,36,CNJ02_1_152,y2013,October,135.2,98.2,1.4,25.96153846,38,9.24,2.48,1.71
10,37,CNJ02_1_153,y2013,October,201.9,111.6,1.8,44.42793462,44,9.68,2.54,1.24
10,38,CNJ02_1_154,y2013,October,298.7,245.4,1.8,17.67659859,30,11.22,2.47,1.35
10,39,CNJ02_1_155,y2013,October,140,85.3,1.6,38.92857143,53,8.58,2.78,1.8
10,40,CNJ02_1_156,y2013,October,228.7,143.3,2,37.2540446,40,8.8,2.37,1.49
10,41,CNJ02_1_157,y2013,October,147.5,90.7,1.7,37.49152542,33,8.8,2.82,1.67
