"marker","chr","pos"
"SCAFFOLD00033.2_304170"," 9"," 0.0001000"
"SCAFFOLD00033.2_907638"," 9"," 0.0000000"
"SCAFFOLD00033.2_907763"," 9"," 0.0002000"
"SCAFFOLD00033.1_720378"," 9"," 0.0003000"
"SCAFFOLD00033.1_717442"," 9"," 0.5888876"
"SCAFFOLD00033.2_130780"," 9"," 0.5885876"
"SCAFFOLD00033.2_296369"," 9"," 0.5887876"
"SCAFFOLD00033.2_528225"," 9"," 0.5886876"
"SCAFFOLD00020.1_601313"," 9"," 1.1771751"
"SCAFFOLD00020.1_555897"," 9"," 1.7655627"
"SCAFFOLD00109.1_140379"," 9"," 1.7656627"
"SCAFFOLD00033.2_568491"," 9"," 1.7654627"
"SCAFFOLD00033.1_190239"," 9"," 2.3539503"
"SCAFFOLD00020.2_836055"," 9"," 2.9422364"
"SCAFFOLD00020.2_68776"," 9"," 4.1188841"
"SCAFFOLD00020.2_1152683"," 9"," 4.7071672"
"SCAFFOLD00020.2_2040694"," 9"," 6.4726627"
"SCAFFOLD00020.2_2324190"," 9"," 6.4725627"
"SCAFFOLD00020.2_1977923"," 9"," 6.4727627"
"SCAFFOLD00020.2_1952156"," 9"," 7.6494028"
"SCAFFOLD00008_1298018"," 9","10.5939554"
"SCAFFOLD00008_1011625"," 9","12.9485932"
"SCAFFOLD00008_733527"," 9","15.3032369"
"SCAFFOLD00008_1637204"," 9","15.8915200"
"SCAFFOLD00022.2_997459"," 9","16.4798076"
"SCAFFOLD00008_1977121"," 9","17.0681952"
"SCAFFOLD00008_1982154"," 9","17.0680952"
"SCAFFOLD00008_2224982"," 9","19.4229342"
"SCAFFOLD00008_3724365"," 9","19.4230342"
"SCAFFOLD00008_2414223"," 9","19.4228342"
"SCAFFOLD00008_3118728"," 9","20.0113217"
"SCAFFOLD00008_3736652"," 9","20.0114217"
"SCAFFOLD00008_3432865"," 9","20.5997063"
"SCAFFOLD00008_3073784"," 9","22.3651048"
"SCAFFOLD00183_888281"," 9","22.9533894"
"SCAFFOLD00183_398518"," 9","23.5416755"
"SCAFFOLD00117_1246299"," 9","24.7184217"
"SCAFFOLD00117_1103687"," 9","24.7183217"
"SCAFFOLD00117_1290917"," 9","25.8950664"
"SCAFFOLD00117_523384"," 9","25.8951664"
"SCAFFOLD00116_694597"," 9","27.6605588"
"SCAFFOLD00117_175172"," 9","27.6608588"
"SCAFFOLD00117_36976"," 9","27.6607588"
"SCAFFOLD00578_26463"," 9","27.6606588"
"SCAFFOLD00285_361815"," 9","29.4262543"
"SCAFFOLD00285_284730"," 9","30.0145344"
"SCAFFOLD00058.1_775136"," 9","32.3691826"
"SCAFFOLD00058.2_581575"," 9","32.9574656"
"SCAFFOLD00058.2_685293"," 9","33.5457532"
"SCAFFOLD00058.2_241950"," 9","34.1340393"
"SCAFFOLD00013.1_1504771"," 9","35.3106840"
"SCAFFOLD00058.2_241856"," 9","37.0760781"
"SCAFFOLD00170_535450"," 9","37.0761781"
"SCAFFOLD00170_172979"," 9","37.0762781"
"SCAFFOLD00202_727739"," 9","37.6645641"
"SCAFFOLD00202_513320"," 9","38.8412118"
"SCAFFOLD00086_1650153"," 9","39.4294934"
"SCAFFOLD00086_1269933"," 9","41.7841416"
"SCAFFOLD00086_727675"," 9","42.3724232"
"SCAFFOLD00139_1027938"," 9","43.5490709"
"SCAFFOLD00139_853140"," 9","44.1373555"
"SCAFFOLD00086_248687"," 9","45.3140032"
"SCAFFOLD00175.2_2397"," 9","45.9022893"
"SCAFFOLD00175.2_12321"," 9","46.4905769"
"SCAFFOLD00175.2_174576"," 9","47.0788644"
"SCAFFOLD00326_239905"," 9","47.6671520"
"SCAFFOLD00326_90742"," 9","47.6672520"
"SCAFFOLD00326_239973"," 9","49.4326460"
"SCAFFOLD00149_1090771"," 9","50.6092878"
"SCAFFOLD00149_845938"," 9","52.3746819"
"SCAFFOLD00186_835131"," 9","54.1400730"
"SCAFFOLD00304_175604"," 9","56.4956136"
"SCAFFOLD00119_863693"," 9","56.4950136"
"SCAFFOLD00097_1243360"," 9","56.4949136"
"SCAFFOLD00388_13154"," 9","56.4958136"
"SCAFFOLD00041.2_288602"," 9","56.4952136"
"SCAFFOLD00041.2_1035339"," 9","56.4953136"
"SCAFFOLD00041.2_674928"," 9","56.4948136"
"SCAFFOLD00013.2_484104"," 9","56.4955136"
"SCAFFOLD00228_305330"," 9","56.4951136"
"SCAFFOLD00186_374314"," 9","56.4954136"
"SCAFFOLD00186_415581"," 9","56.4947136"
"SCAFFOLD00149_446067"," 9","56.4957136"
"SCAFFOLD00149_412866"," 9","57.0841012"
"SCAFFOLD00149_413439"," 9","57.0842012"
"SCAFFOLD00149_244142"," 9","57.0844012"
"SCAFFOLD00041.2_222607"," 9","57.0843012"
"SCAFFOLD00041.2_222693"," 9","57.6728887"
"SCAFFOLD00041.2_84488"," 9","57.6726887"
"SCAFFOLD00041.1_636210"," 9","57.6729887"
"SCAFFOLD00041.2_264162"," 9","57.6727887"
"SCAFFOLD00228_184053"," 9","58.2612748"
"SCAFFOLD00052_2041694"," 9","59.4379225"
"SCAFFOLD00052_1985357"," 9","60.0262071"
"SCAFFOLD00052_2116596"," 9","61.2029533"
"SCAFFOLD00052_1782975"," 9","61.2028533"
"SCAFFOLD00052_273059"," 9","62.3795995"
"SCAFFOLD00052_284528"," 9","62.9682856"
"SCAFFOLD00035.2_1171659"," 9","62.9681856"
"SCAFFOLD00035.2_1145967"," 9","62.9680856"
"SCAFFOLD00035.2_19420"," 9","62.9679856"
"SCAFFOLD00052_949788"," 9","62.9678856"
"SCAFFOLD00035.2_1037933"," 9","62.9683856"
"SCAFFOLD00069_1245437"," 9","63.5566732"
"SCAFFOLD00069_1563851"," 9","64.1451608"
"SCAFFOLD00134_678226"," 9","64.1450608"
"SCAFFOLD00069_1526501"," 9","64.1453608"
"SCAFFOLD00134_678168"," 9","64.1454608"
"SCAFFOLD00069_1601067"," 9","64.1449608"
"SCAFFOLD00069_1542003"," 9","64.1452608"
"SCAFFOLD00134_1249830"," 9","64.7339483"
"SCAFFOLD00035.1_244177"," 9","64.7337483"
"SCAFFOLD00035.1_1041319"," 9","64.7338483"
"SCAFFOLD00035.1_1041284"," 9","65.3223359"
"SCAFFOLD00035.1_439711"," 9","65.3222359"
"SCAFFOLD00069_704376"," 9","65.9107235"
"SCAFFOLD00273_412452"," 9","65.9106235"
"SCAFFOLD00309_53485"," 9","66.4991110"
"SCAFFOLD00273_411667"," 9","66.4992110"
"SCAFFOLD00273_411756"," 9","66.4990110"
"SCAFFOLD00161_932372"," 9","67.0874986"
"SCAFFOLD00161_432944"," 9","67.0876986"
"SCAFFOLD00069_1545892"," 9","67.0875986"
"SCAFFOLD00295_254940"," 8","70.6927285"
"SCAFFOLD00126_957689"," 8","70.1048239"
"SCAFFOLD00298_283131"," 8","69.5164489"
"SCAFFOLD00126_922144"," 8","69.5165489"
"SCAFFOLD00126_370484"," 8","67.7510285"
"SCAFFOLD00027_3069143"," 8","67.1627580"
"SCAFFOLD00027_1254688"," 8","67.1626580"
"SCAFFOLD00027_1292003"," 8","66.5743852"
"SCAFFOLD00027_1652368"," 8","65.3975167"
"SCAFFOLD00027_1254886"," 8","65.3976167"
"SCAFFOLD00027_1291898"," 8","65.3977167"
"SCAFFOLD00027_1813146"," 8","65.3973167"
"SCAFFOLD00027_1333002"," 8","65.3974167"
"SCAFFOLD00027_497263"," 8","63.6318964"
"SCAFFOLD00264_225297"," 8","63.0436303"
"SCAFFOLD00027_314003"," 8","61.2782098"
"SCAFFOLD00027_313962"," 8","59.5126939"
"SCAFFOLD00060.1_526700"," 8","59.5127939"
"SCAFFOLD00060.1_467998"," 8","58.9243189"
"SCAFFOLD00060.1_409320"," 8","58.9244189"
"SCAFFOLD00060.1_467964"," 8","57.7475527"
"SCAFFOLD00060.1_1019208"," 8","57.7476527"
"SCAFFOLD00060.1_838419"," 8","57.1591777"
"SCAFFOLD00060.1_838341"," 8","57.1592777"
"SCAFFOLD00060.1_838328"," 8","55.9825137"
"SCAFFOLD00060.2_340023"," 8","54.2170999"
"SCAFFOLD00076.2_353017"," 8","51.2725248"
"SCAFFOLD00076.1_823551"," 8","50.6842589"
"SCAFFOLD00076.2_22862"," 8","50.0959838"
"SCAFFOLD00076.1_746422"," 8","49.5077133"
"SCAFFOLD00250_319996"," 8","47.7422906"
"SCAFFOLD00250_233297"," 8","46.5656243"
"SCAFFOLD00250_71215"," 8","45.9773515"
"SCAFFOLD00250_73786"," 8","45.9772515"
"SCAFFOLD00250_427130"," 8","45.3889765"
"SCAFFOLD00001.1_702446"," 8","44.8007015"
"SCAFFOLD00001.1_835856"," 8","44.2124264"
"SCAFFOLD00001.1_1591601"," 8","44.2123264"
"SCAFFOLD00001.1_350717"," 8","43.6239514"
"SCAFFOLD00001.1_350811"," 8","43.6240514"
"SCAFFOLD00250_540844"," 8","43.0356764"
"SCAFFOLD00001.1_1337096"," 8","43.0355764"
"SCAFFOLD00001.2_479788"," 8","41.2701561"
"SCAFFOLD00001.2_279704"," 8","40.6818855"
"SCAFFOLD00001.2_539961"," 8","40.0935105"
"SCAFFOLD00562_61060"," 8","40.0936105"
"SCAFFOLD00156_785391"," 8","39.5052355"
"SCAFFOLD00051.1_40656"," 8","38.9160605"
"SCAFFOLD00182_752781"," 8","38.9168605"
"SCAFFOLD00182_515579"," 8","38.9164605"
"SCAFFOLD00182_109419"," 8","38.9166605"
"SCAFFOLD00182_127055"," 8","38.9161605"
"SCAFFOLD00182_285682"," 8","38.9167605"
"SCAFFOLD00001.5_1214181"," 8","38.9162605"
"SCAFFOLD00562_61214"," 8","38.9169605"
"SCAFFOLD00001.5_1290155"," 8","38.9165605"
"SCAFFOLD00001.5_185683"," 8","38.9158605"
"SCAFFOLD00001.5_1405749"," 8","38.9163605"
"SCAFFOLD00182_286827"," 8","38.9159605"
"SCAFFOLD00001.2_559424"," 8","38.3275877"
"SCAFFOLD00010_2758056"," 8","37.1509192"
"SCAFFOLD00051.1_98467"," 8","37.1508192"
"SCAFFOLD00081_1594159"," 8","36.5624442"
"SCAFFOLD00182_752881"," 8","36.5625442"
"SCAFFOLD00182_898976"," 8","35.9741714"
"SCAFFOLD00051.1_746537"," 8","34.7975007"
"SCAFFOLD00051.2_68644"," 8","34.2092393"
"SCAFFOLD00051.2_51013"," 8","30.6739441"
"SCAFFOLD00374_162225"," 8","30.0857117"
"SCAFFOLD00013.1_1229107"," 8","21.7746659"
"SCAFFOLD00013.2_31053"," 8","20.0092764"
"SCAFFOLD00013.1_2261429"," 8","18.2438581"
"SCAFFOLD00013.1_2388337"," 8","17.0671940"
"SCAFFOLD00013.2_7027"," 8","15.8905277"
"SCAFFOLD00013.2_58"," 8","14.7138614"
"SCAFFOLD00013.2_391273"," 8","14.7137614"
"SCAFFOLD00253_34452"," 8","13.5370952"
"SCAFFOLD00392_78893"," 8","13.5369952"
"SCAFFOLD00392_79006"," 8","13.5368952"
"SCAFFOLD00253_341076"," 8","12.9486202"
"SCAFFOLD00265_84412"," 8","12.3602452"
"SCAFFOLD00001.1_379308"," 8","12.3601452"
"SCAFFOLD00392_78903"," 8","12.3603452"
"SCAFFOLD00265_267469"," 8","10.5947315"
"SCAFFOLD00043_860334"," 8"," 8.2400714"
"SCAFFOLD00043_1563975"," 8"," 5.2954986"
"SCAFFOLD00043_1799949"," 8"," 4.7072326"
"SCAFFOLD00043_1799968"," 8"," 4.1189598"
"SCAFFOLD00043_2363860"," 8"," 2.9422891"
"SCAFFOLD00018.1_475263"," 8"," 2.3540163"
"SCAFFOLD00124_1043205"," 8"," 2.3539163"
"SCAFFOLD00124_1043207"," 8"," 1.1772478"
"SCAFFOLD00090_1152659"," 8"," 0.5889750"
"SCAFFOLD00090_250508"," 8"," 0.5888750"
"SCAFFOLD00090_368355"," 8"," 0.0002000"
"SCAFFOLD00145_1011697"," 8"," 0.0000000"
"SCAFFOLD00090_202178"," 8"," 0.0001000"
"SCAFFOLD00145_160678"," 8"," 0.0003000"
"SCAFFOLD00018.1_803187"," 8"," 0.0005000"
"SCAFFOLD00360_135365"," 8"," 0.0006000"
"SCAFFOLD00474_43661"," 8"," 0.0004000"
"SCAFFOLD00075_127625"," 2"," 0.0000000"
"SCAFFOLD00075_785248"," 2"," 0.5881046"
"SCAFFOLD00075_930470"," 2"," 0.5879046"
"SCAFFOLD00075_691929"," 2"," 0.5880046"
"SCAFFOLD00075_1523388"," 2"," 0.5882046"
"SCAFFOLD00075_1523437"," 2"," 1.7648709"
"SCAFFOLD00223_105262"," 2"," 2.9415371"
"SCAFFOLD00075_1661064"," 2"," 2.9416371"
"SCAFFOLD00223_424388"," 2"," 3.5300121"
"SCAFFOLD00375_80489"," 2"," 3.5299121"
"SCAFFOLD00375_6057"," 2"," 4.1182871"
"SCAFFOLD00132_959991"," 2"," 4.7065531"
"SCAFFOLD00132_774480"," 2"," 7.6511237"
"SCAFFOLD00132_293132"," 2","10.5956921"
"SCAFFOLD00113_1297609"," 2","11.7724515"
"SCAFFOLD00113_943953"," 2","11.7723515"
"SCAFFOLD00113_613253"," 2","12.3607151"
"SCAFFOLD00113_660328"," 2","15.8960103"
"SCAFFOLD00083_1640814"," 2","16.4843739"
"SCAFFOLD00083_574603"," 2","16.4842739"
"SCAFFOLD00226_661319"," 2","18.8390405"
"SCAFFOLD00083_1099636"," 2","19.4274087"
"SCAFFOLD00083_1099613"," 2","19.4273087"
"SCAFFOLD00083_837124"," 2","20.0156837"
"SCAFFOLD00083_145089"," 2","20.6039473"
"SCAFFOLD00226_215649"," 2","24.1392382"
"SCAFFOLD00490_70747"," 2","25.9047472"
"SCAFFOLD00286_134526"," 2","25.9046472"
"SCAFFOLD00072_664944"," 2","26.4930222"
"SCAFFOLD00072_278294"," 2","26.4931222"
"SCAFFOLD00072_846579"," 2","27.6698885"
"SCAFFOLD00072_617984"," 2","27.6697885"
"SCAFFOLD00410_65912"," 2","28.2581612"
"SCAFFOLD00001.5_348622"," 2","29.4348297"
"SCAFFOLD00146_661365"," 2","29.4349297"
"SCAFFOLD00049.2_1133489"," 2","30.0232025"
"SCAFFOLD00565_56473"," 2","31.1998710"
"SCAFFOLD00234_620856"," 2","31.1999710"
"SCAFFOLD00234_620851"," 2","32.3767372"
"SCAFFOLD00234_490516"," 2","32.3766372"
"SCAFFOLD00279_173732"," 2","32.9650122"
"SCAFFOLD00357_73747"," 2","33.5532873"
"SCAFFOLD00173_956620"," 2","34.1415601"
"SCAFFOLD00173_677416"," 2","35.3182308"
"SCAFFOLD00279_397952"," 2","35.9065036"
"SCAFFOLD00279_240514"," 2","36.4947719"
"SCAFFOLD00048_849220"," 2","38.8494431"
"SCAFFOLD00026.1_540373"," 2","40.0262049"
"SCAFFOLD00026.1_338081"," 2","40.0261049"
"SCAFFOLD00026.1_338357"," 2","40.6144799"
"SCAFFOLD00026.1_1165243"," 2","41.2028549"
"SCAFFOLD00026.1_1087925"," 2","41.2029549"
"SCAFFOLD00026.2_126"," 2","41.2027549"
"SCAFFOLD00026.1_1165247"," 2","42.3796234"
"SCAFFOLD00026.2_565428"," 2","42.9681962"
"SCAFFOLD00026.3_444654"," 2","42.9679962"
"SCAFFOLD00026.3_409975"," 2","42.9678962"
"SCAFFOLD00026.3_444574"," 2","42.9682962"
"SCAFFOLD00026.3_96972"," 2","42.9680962"
"SCAFFOLD00026.3_97512"," 2","43.5567712"
"SCAFFOLD00039_2434417"," 2","43.5565712"
"SCAFFOLD00001.2_1305610"," 2","43.5568712"
"SCAFFOLD00039_1849894"," 2","43.5566712"
"SCAFFOLD00039_1889087"," 2","44.1451462"
"SCAFFOLD00026.3_572227"," 2","44.7339212"
"SCAFFOLD00039_1946727"," 2","44.7337212"
"SCAFFOLD00026.3_585944"," 2","44.7335212"
"SCAFFOLD00008_2077735"," 2","44.7340212"
"SCAFFOLD00251_224420"," 2","44.7336212"
"SCAFFOLD00251_224282"," 2","44.7341212"
"SCAFFOLD00039_1697988"," 2","44.7334212"
"SCAFFOLD00039_1190619"," 2","44.7338212"
"SCAFFOLD00129_968696"," 2","45.3224962"
"SCAFFOLD00039_1078463"," 2","45.3225962"
"SCAFFOLD00039_1942719"," 2","45.3223962"
"SCAFFOLD00039_2712200"," 2","45.9108690"
"SCAFFOLD00165_977969"," 2","47.0876375"
"SCAFFOLD00406_48743"," 2","47.0878375"
"SCAFFOLD00165_702073"," 2","47.0877375"
"SCAFFOLD00165_701982"," 2","47.0875375"
"SCAFFOLD00129_1088033"," 2","47.6761125"
"SCAFFOLD00314_88389"," 2","48.2643853"
"SCAFFOLD00314_179841"," 2","49.4412538"
"SCAFFOLD00036.2_968197"," 2","49.4410538"
"SCAFFOLD00036.2_1026651"," 2","49.4413538"
"SCAFFOLD00036.2_1538366"," 2","49.4411538"
"SCAFFOLD00036.2_934881"," 2","50.0296288"
"SCAFFOLD00036.2_579057"," 2","50.6181038"
"SCAFFOLD00036.2_167186"," 2","50.6180038"
"SCAFFOLD00036.1_243861"," 2","50.6179038"
"SCAFFOLD00118_1310878"," 2","51.7947723"
"SCAFFOLD00118_1310838"," 2","52.3830451"
"SCAFFOLD00036.1_525442"," 2","52.9713156"
"SCAFFOLD00118_1298049"," 2","54.7368360"
"SCAFFOLD00118_454407"," 2","54.7369360"
"SCAFFOLD00118_454395"," 2","54.7367360"
"SCAFFOLD00118_588323"," 2","55.3252088"
"SCAFFOLD00270_382203"," 2","56.5018796"
"SCAFFOLD00270_81304"," 2","57.0901456"
"SCAFFOLD00166_876887"," 2","59.4448190"
"SCAFFOLD00368_165483"," 2","60.0330782"
"SCAFFOLD00368_145875"," 2","62.9776555"
"SCAFFOLD00346_203079"," 2","64.1543105"
"SCAFFOLD00346_94615"," 2","66.5090749"
"SCAFFOLD00345_217253"," 2","66.5089749"
"SCAFFOLD00345_233139"," 2","66.5091749"
"SCAFFOLD00345_113305"," 2","67.0974499"
"SCAFFOLD00154_1036036"," 2","67.6857249"
"SCAFFOLD00154_344242"," 2","68.2741999"
"SCAFFOLD00237_96765"," 2","68.2743999"
"SCAFFOLD00154_653187"," 2","68.2739999"
"SCAFFOLD00154_664801"," 2","68.2740999"
"SCAFFOLD00154_100138"," 2","68.2742999"
"SCAFFOLD00154_933257"," 2","68.8627749"
"SCAFFOLD00189_658378"," 2","68.8626749"
"SCAFFOLD00204_446857"," 2","70.0394411"
"SCAFFOLD00189_577647"," 2","70.0395411"
"SCAFFOLD00189_90574"," 2","71.2162074"
"SCAFFOLD00012.1_738606"," 2","72.3928760"
"SCAFFOLD00012.2_631094"," 2","72.9811487"
"SCAFFOLD00012.2_253212"," 2","73.5694170"
"SCAFFOLD00012.1_546830"," 2","75.9240860"
"SCAFFOLD00115_1175046"," 2","77.6895020"
"SCAFFOLD00115_826384"," 2","78.8661661"
"SCAFFOLD00225_235459"," 2","80.0428347"
"SCAFFOLD00225_235532"," 2","80.6312074"
"SCAFFOLD00115_639524"," 2","80.6311074"
"SCAFFOLD00225_166500"," 2","81.2194825"
"SCAFFOLD00115_609419"," 2","81.2196825"
"SCAFFOLD00261_269715"," 2","81.2195825"
"SCAFFOLD00419_37893"," 2","82.3963487"
"SCAFFOLD00193_764668"," 2","83.5726487"
"SCAFFOLD00336_175629"," 3","79.4657632"
"SCAFFOLD00093.2_158159"," 3","79.4658632"
"SCAFFOLD00093.1_297559"," 3","79.4653632"
"SCAFFOLD00057.1_1109205"," 3","79.4654632"
"SCAFFOLD00157_334535"," 3","79.4655632"
"SCAFFOLD00157_334598"," 3","79.4656632"
"SCAFFOLD00093.1_40884"," 3","78.8770882"
"SCAFFOLD00157_978216"," 3","78.2888176"
"SCAFFOLD00055_933195"," 3","76.5232973"
"SCAFFOLD00001.6_1295343"," 3","76.5233973"
"SCAFFOLD00001.6_1295345"," 3","74.7578882"
"SCAFFOLD00001.6_859220"," 3","71.2225090"
"SCAFFOLD00001.6_484820"," 3","71.2226090"
"SCAFFOLD00001.6_632841"," 3","69.4570886"
"SCAFFOLD00691_40254"," 3","68.8688181"
"SCAFFOLD00218_735067"," 3","68.2805431"
"SCAFFOLD00218_335659"," 3","67.6922680"
"SCAFFOLD00369_65418"," 3","67.1040044"
"SCAFFOLD00095_886706"," 3","63.5687136"
"SCAFFOLD00096_560993"," 3","61.8033044"
"SCAFFOLD00096_548323"," 3","60.0378976"
"SCAFFOLD00096_267508"," 3","55.9108181"
"SCAFFOLD00319_106152"," 3","55.9109181"
"SCAFFOLD00156_865199"," 3","54.7340519"
"SCAFFOLD00156_127606"," 3","54.7341519"
"SCAFFOLD00156_300957"," 3","52.9686337"
"SCAFFOLD00156_428178"," 3","51.7919674"
"SCAFFOLD00094_1381830"," 3","51.2036946"
"SCAFFOLD00094_1456764"," 3","51.2035946"
"SCAFFOLD00094_29911"," 3","50.6153334"
"SCAFFOLD00079.1_366601"," 3","46.4880495"
"SCAFFOLD00024.1_200695"," 3","46.4882495"
"SCAFFOLD00168_678076"," 3","46.4883495"
"SCAFFOLD00208_296314"," 3","46.4881495"
"SCAFFOLD00168_764089"," 3","45.8995745"
"SCAFFOLD00203_305718"," 3","45.8997745"
"SCAFFOLD00203_674221"," 3","45.8993745"
"SCAFFOLD00094_211544"," 3","45.8994745"
"SCAFFOLD00208_693374"," 3","45.8996745"
"SCAFFOLD00208_671699"," 3","45.3106995"
"SCAFFOLD00168_717279"," 3","45.3107995"
"SCAFFOLD00208_284835"," 3","45.3105995"
"SCAFFOLD00208_284700"," 3","45.3108995"
"SCAFFOLD00094_1176019"," 3","45.3103995"
"SCAFFOLD00094_789449"," 3","45.3104995"
"SCAFFOLD00208_278503"," 3","45.3102995"
"SCAFFOLD00208_296260"," 3","45.3109995"
"SCAFFOLD00208_296356"," 3","45.3110995"
"SCAFFOLD00208_520157"," 3","44.7218245"
"SCAFFOLD00363_70592"," 3","44.7220245"
"SCAFFOLD00306_329952"," 3","44.7219245"
"SCAFFOLD00079.2_586980"," 3","44.7217245"
"SCAFFOLD00079.2_367684"," 3","43.5445583"
"SCAFFOLD00024.2_705323"," 3","43.5448583"
"SCAFFOLD00024.2_717871"," 3","43.5444583"
"SCAFFOLD00208_520221"," 3","43.5443583"
"SCAFFOLD00168_790206"," 3","43.5450583"
"SCAFFOLD00704_40493"," 3","43.5446583"
"SCAFFOLD00363_70739"," 3","43.5447583"
"SCAFFOLD00363_70568"," 3","43.5449583"
"SCAFFOLD00079.1_581305"," 3","42.3676920"
"SCAFFOLD00024.2_1987696"," 3","41.1910280"
"SCAFFOLD00191_300947"," 3","39.4256052"
"SCAFFOLD00191_435084"," 3","38.8373347"
"SCAFFOLD00213_64186"," 3","38.2490597"
"SCAFFOLD00182_91357"," 3","37.6604846"
"SCAFFOLD00015.2_1505789"," 3","37.6606846"
"SCAFFOLD00213_597683"," 3","37.6605846"
"SCAFFOLD00213_585841"," 3","37.6607846"
"SCAFFOLD00213_452494"," 3","37.0721096"
"SCAFFOLD00213_452496"," 3","37.0722096"
"SCAFFOLD00015.2_1930505"," 3","37.0720096"
"SCAFFOLD00015.2_1878480"," 3","35.8953412"
"SCAFFOLD00015.2_1731386"," 3","35.3070684"
"SCAFFOLD00015.2_1223687"," 3","34.7187956"
"SCAFFOLD00015.2_1230056"," 3","33.5421271"
"SCAFFOLD00015.2_417090"," 3","33.5420271"
"SCAFFOLD00015.2_223147"," 3","33.5419271"
"SCAFFOLD00114_854684"," 3","31.7765067"
"SCAFFOLD00015.1_1174437"," 3","31.1882362"
"SCAFFOLD00015.1_1356631"," 3","30.5999611"
"SCAFFOLD00015.1_1372271"," 3","30.0115861"
"SCAFFOLD00015.1_1372285"," 3","30.0116861"
"SCAFFOLD00015.1_1174482"," 3","28.2460703"
"SCAFFOLD00015.1_1184690"," 3","28.2461703"
"SCAFFOLD00015.1_698051"," 3","26.4806545"
"SCAFFOLD00015.1_1017879"," 3","26.4805545"
"SCAFFOLD00015.1_735096"," 3","25.3038860"
"SCAFFOLD00015.1_313580"," 3","24.7156132"
"SCAFFOLD00316_78400"," 3","24.1273382"
"SCAFFOLD00032.1_692514"," 3","23.5390654"
"SCAFFOLD00032.1_960166"," 3","22.3623991"
"SCAFFOLD00032.1_1734836"," 3","20.5969786"
"SCAFFOLD00032.1_1938744"," 3","19.4203167"
"SCAFFOLD00032.1_1569254"," 3","17.6548940"
"SCAFFOLD00032.1_2129236"," 3","17.0666235"
"SCAFFOLD00032.1_2243756"," 3","17.0665235"
"SCAFFOLD00032.2_564467"," 3","14.7116638"
"SCAFFOLD00029_2780908"," 3","14.7118638"
"SCAFFOLD00029_2248337"," 3","14.7117638"
"SCAFFOLD00029_2248327"," 3","13.5349953"
"SCAFFOLD00029_2415814"," 3","12.9467225"
"SCAFFOLD00029_1619414"," 3","12.9466225"
"SCAFFOLD00029_1376085"," 3","12.3583497"
"SCAFFOLD00029_1399823"," 3","11.1815813"
"SCAFFOLD00029_1419936"," 3","11.1816813"
"SCAFFOLD00029_1294130"," 3","10.5933085"
"SCAFFOLD00011_2262834"," 3"," 9.4166400"
"SCAFFOLD00029_683175"," 3"," 9.4165400"
"SCAFFOLD00029_528679"," 3"," 7.0617803"
"SCAFFOLD00029_333117"," 3"," 7.0618803"
"SCAFFOLD00029_132565"," 3"," 6.4734053"
"SCAFFOLD00029_119260"," 3"," 6.4735053"
"SCAFFOLD00305_161376"," 3"," 5.8851303"
"SCAFFOLD00332_233320"," 3"," 5.2968597"
"SCAFFOLD00332_63470"," 3"," 3.5314348"
"SCAFFOLD00011_822545"," 3"," 2.9430643"
"SCAFFOLD00011_1205298"," 3"," 2.9431643"
"SCAFFOLD00011_2479724"," 3"," 0.5881046"
"SCAFFOLD00011_3237588"," 3"," 0.5884046"
"SCAFFOLD00011_3077436"," 3"," 0.5882046"
"SCAFFOLD00011_3051620"," 3"," 0.5880046"
"SCAFFOLD00011_3148826"," 3"," 0.5879046"
"SCAFFOLD00011_3465385"," 3"," 0.5883046"
"SCAFFOLD00011_3869236"," 3"," 0.0000000"
"SCAFFOLD00003.5_394171"," 4","81.2443668"
"SCAFFOLD00003.5_394070"," 4","81.2445668"
"SCAFFOLD00003.5_108628"," 4","81.2444668"
"SCAFFOLD00003.5_1251495"," 4","81.2446668"
"SCAFFOLD00003.5_1529274"," 4","80.6560807"
"SCAFFOLD00003.5_967932"," 4","79.4794345"
"SCAFFOLD00003.5_422013"," 4","79.4793345"
"SCAFFOLD00003.4_964118"," 4","78.3026883"
"SCAFFOLD00003.3_2091030"," 4","77.7144023"
"SCAFFOLD00003.3_1124531"," 4","77.7143023"
"SCAFFOLD00003.3_1977181"," 4","75.9487098"
"SCAFFOLD00003.3_1143123"," 4","75.9488098"
"SCAFFOLD00003.3_2156768"," 4","75.9489098"
"SCAFFOLD00003.3_1118961"," 4","73.5939708"
"SCAFFOLD00003.2_254359"," 4","73.5940708"
"SCAFFOLD00003.3_637115"," 4","70.0587195"
"SCAFFOLD00022.2_2101356"," 4","65.9317623"
"SCAFFOLD00003.1_51968"," 4","65.3434839"
"SCAFFOLD00003.1_151938"," 4","64.7551978"
"SCAFFOLD00176_863657"," 4","63.5785501"
"SCAFFOLD00176_751394"," 4","62.9902685"
"SCAFFOLD00176_323428"," 4","60.6356218"
"SCAFFOLD00594_1297"," 4","59.4589786"
"SCAFFOLD00047.2_497193"," 4","58.8706925"
"SCAFFOLD00047.2_326678"," 4","58.2824049"
"SCAFFOLD00047.2_391244"," 4","57.6941173"
"SCAFFOLD00047.2_896176"," 4","57.6940173"
"SCAFFOLD00047.2_745399"," 4","57.1057298"
"SCAFFOLD00047.2_743741"," 4","57.1056298"
"SCAFFOLD00049.2_1195123"," 4","55.3402388"
"SCAFFOLD00049.2_595629"," 4","52.9855950"
"SCAFFOLD00049.2_595926"," 4","51.8089533"
"SCAFFOLD00049.2_908720"," 4","51.8088533"
"SCAFFOLD00049.2_977670"," 4","51.2205657"
"SCAFFOLD00047.2_337555"," 4","50.6319782"
"SCAFFOLD00049.2_1133442"," 4","50.6318782"
"SCAFFOLD00047.1_43993"," 4","50.6321782"
"SCAFFOLD00049.2_973089"," 4","50.6322782"
"SCAFFOLD00047.1_51771"," 4","50.6320782"
"SCAFFOLD00047.1_17905"," 4","50.0435906"
"SCAFFOLD00049.2_596211"," 4","49.4553045"
"SCAFFOLD00049.2_725624"," 4","48.2786628"
"SCAFFOLD00049.1_415196"," 4","45.3341119"
"SCAFFOLD00010_1775565"," 4","45.3336119"
"SCAFFOLD00001.2_2002664"," 4","45.3337119"
"SCAFFOLD00010_2428157"," 4","45.3338119"
"SCAFFOLD00010_2063030"," 4","45.3335119"
"SCAFFOLD00010_2418165"," 4","45.3339119"
"SCAFFOLD00010_2553612"," 4","45.3340119"
"SCAFFOLD00010_2049244"," 4","44.7449244"
"SCAFFOLD00010_4343850"," 4","44.7448244"
"SCAFFOLD00007.2_49473"," 4","44.7451244"
"SCAFFOLD00049.1_379296"," 4","44.7452244"
"SCAFFOLD00010_2445237"," 4","44.7450244"
"SCAFFOLD00006.2_1184721"," 4","44.1565368"
"SCAFFOLD00049.2_293160"," 4","43.5674492"
"SCAFFOLD00121_3486"," 4","43.5681492"
"SCAFFOLD00006.3_282981"," 4","43.5676492"
"SCAFFOLD00006.2_188896"," 4","43.5680492"
"SCAFFOLD00006.2_841865"," 4","43.5675492"
"SCAFFOLD00006.2_997186"," 4","43.5678492"
"SCAFFOLD00006.2_1184728"," 4","43.5679492"
"SCAFFOLD00010_131848"," 4","43.5677492"
"SCAFFOLD00010_131692"," 4","43.5682492"
"SCAFFOLD00006.2_446007"," 4","42.3908045"
"SCAFFOLD00006.2_346930"," 4","42.3907045"
"SCAFFOLD00006.2_294354"," 4","40.6253091"
"SCAFFOLD00006.1_2396107"," 4","40.0370245"
"SCAFFOLD00006.1_2566658"," 4","39.4487414"
"SCAFFOLD00006.1_1925081"," 4","37.0940978"
"SCAFFOLD00006.1_1298358"," 4","37.0939978"
"SCAFFOLD00006.1_1135380"," 4","36.5057132"
"SCAFFOLD00006.1_1137014"," 4","34.7403177"
"SCAFFOLD00006.1_375015"," 4","32.9749251"
"SCAFFOLD00287_211212"," 4","31.2095295"
"SCAFFOLD00188_81882"," 4","30.6212464"
"SCAFFOLD00287_127428"," 4","29.4445002"
"SCAFFOLD00188_326750"," 4","29.4446002"
"SCAFFOLD00188_213210"," 4","29.4444002"
"SCAFFOLD00432_100221"," 4","29.4443002"
"SCAFFOLD00127_172048"," 4","28.8560126"
"SCAFFOLD00187_318834"," 4","28.2677280"
"SCAFFOLD00127_187275"," 4","26.5023310"
"SCAFFOLD00127_489017"," 4","25.3256877"
"SCAFFOLD00127_808785"," 4","24.1490445"
"SCAFFOLD00131_262539"," 4","22.3836474"
"SCAFFOLD00131_272521"," 4","21.7953658"
"SCAFFOLD00131_289032"," 4","20.0299704"
"SCAFFOLD00131_256162"," 4","20.0298704"
"SCAFFOLD00131_766716"," 4","17.0853270"
"SCAFFOLD00066_981445"," 4","12.9583788"
"SCAFFOLD00417_26285"," 4"," 8.2385424"
"SCAFFOLD00164_671982"," 4"," 7.6502686"
"SCAFFOLD00150_387696"," 4"," 5.8848716"
"SCAFFOLD00068.2_959433"," 4"," 4.7081284"
"SCAFFOLD00268_385160"," 4"," 4.7082284"
"SCAFFOLD00302_314632"," 4"," 2.3534894"
"SCAFFOLD00268_410155"," 4"," 2.3533894"
"SCAFFOLD00268_339752"," 4"," 1.1767447"
"SCAFFOLD00302_294827"," 4"," 0.0000000"
"SCAFFOLD00066_1806269"," 4"," 0.0001000"
"SCAFFOLD00007.2_1097590","12","55.9091574"
"SCAFFOLD00007.2_457397","12","55.9092574"
"SCAFFOLD00007.2_654172","12","55.3205698"
"SCAFFOLD00007.2_4342","12","55.3196698"
"SCAFFOLD00007.2_654271","12","55.3201698"
"SCAFFOLD00007.2_685002","12","55.3202698"
"SCAFFOLD00007.2_138602","12","55.3199698"
"SCAFFOLD00007.2_160152","12","55.3197698"
"SCAFFOLD00007.2_1085794","12","55.3208698"
"SCAFFOLD00007.1_931266","12","55.3200698"
"SCAFFOLD00163_535580","12","55.3206698"
"SCAFFOLD00163_548502","12","55.3204698"
"SCAFFOLD00007.1_833744","12","55.3198698"
"SCAFFOLD00007.2_166","12","55.3207698"
"SCAFFOLD00007.1_1769405","12","55.3203698"
"SCAFFOLD00007.2_2329491","12","54.7313837"
"SCAFFOLD00007.2_2435250","12","53.5547375"
"SCAFFOLD00007.2_2304807","12","52.3779928"
"SCAFFOLD00007.2_2528802","12","52.3780928"
"SCAFFOLD00238_211917","12","51.7897052"
"SCAFFOLD00238_340319","12","51.7896052"
"SCAFFOLD00238_208590","12","50.0242097"
"SCAFFOLD00238_208616","12","49.4359251"
"SCAFFOLD00065.1_513365","12","48.8476376"
"SCAFFOLD00065.1_271319","12","48.2592500"
"SCAFFOLD00065.2_234126","12","48.2593500"
"SCAFFOLD00065.2_161771","12","47.6709639"
"SCAFFOLD00065.2_997404","12","46.4943177"
"SCAFFOLD00216_254063","12","46.4942177"
"SCAFFOLD00293_108941","12","45.9059316"
"SCAFFOLD00216_224996","12","44.7292869"
"SCAFFOLD00327_109291","12","42.9638929"
"SCAFFOLD00276_70859","12","42.9637929"
"SCAFFOLD00081_609326","12","40.0192406"
"SCAFFOLD00128_275024","12","39.4301590"
"SCAFFOLD00128_1143069","12","39.4309590"
"SCAFFOLD00106.1_252240","12","39.4300590"
"SCAFFOLD00128_1038414","12","39.4307590"
"SCAFFOLD00179_636658","12","39.4304590"
"SCAFFOLD00179_518954","12","39.4306590"
"SCAFFOLD00081_1382764","12","39.4308590"
"SCAFFOLD00327_205305","12","39.4299590"
"SCAFFOLD00327_205371","12","39.4303590"
"SCAFFOLD00081_317469","12","39.4298590"
"SCAFFOLD00287_134075","12","39.4305590"
"SCAFFOLD00179_874542","12","39.4302590"
"SCAFFOLD00179_497279","12","38.8414715"
"SCAFFOLD00179_519072","12","38.8415715"
"SCAFFOLD00106.1_676970","12","38.2531839"
"SCAFFOLD00106.1_514841","12","38.2529839"
"SCAFFOLD00106.1_517778","12","38.2528839"
"SCAFFOLD00106.1_650981","12","38.2530839"
"SCAFFOLD00106.1_538966","12","38.2527839"
"SCAFFOLD00106.1_650857","12","37.0755392"
"SCAFFOLD00215_554482","12","37.0750392"
"SCAFFOLD00215_549975","12","37.0756392"
"SCAFFOLD00423_58892","12","37.0751392"
"SCAFFOLD00215_123609","12","37.0760392"
"SCAFFOLD00038_2427270","12","37.0752392"
"SCAFFOLD00038_66608","12","37.0757392"
"SCAFFOLD00010_1332711","12","37.0753392"
"SCAFFOLD00038_1394633","12","37.0759392"
"SCAFFOLD00038_592824","12","37.0758392"
"SCAFFOLD00038_832623","12","37.0761392"
"SCAFFOLD00137_245490","12","37.0754392"
"SCAFFOLD00423_81358","12","35.3096467"
"SCAFFOLD00063_1744472","12","33.5442511"
"SCAFFOLD00063_979815","12","32.9559665"
"SCAFFOLD00063_1669301","12","32.3676820"
"SCAFFOLD00063_1023175","12","30.6022834"
"SCAFFOLD00063_440050","12","30.0139988"
"SCAFFOLD00063_389997","12","29.4255112"
"SCAFFOLD00063_390038","12","29.4253112"
"SCAFFOLD00063_427794","12","29.4252112"
"SCAFFOLD00063_491713","12","29.4257112"
"SCAFFOLD00063_467799","12","29.4254112"
"SCAFFOLD00063_266546","12","29.4256112"
"SCAFFOLD00244_83270","12","28.8369282"
"SCAFFOLD00195_861900","12","26.4822800"
"SCAFFOLD00195_573933","12","25.8938970"
"SCAFFOLD00133_165711","12","25.8937970"
"SCAFFOLD00468_11730","12","25.8939970"
"SCAFFOLD00141.1_166391","12","24.7171523"
"SCAFFOLD00102_341229","12","24.7170523"
"SCAFFOLD00141.1_388582","12","24.1287647"
"SCAFFOLD00062_820699","12","24.1285647"
"SCAFFOLD00193_764630","12","24.1286647"
"SCAFFOLD00141.1_370986","12","23.5402771"
"SCAFFOLD00156_1028221","12","22.9519896"
"SCAFFOLD00039_1786917","12","22.9518896"
"SCAFFOLD00039_1786908","12","22.3636020"
"SCAFFOLD00106.1_139944","12","22.3635020"
"SCAFFOLD00141.2_523477","12","21.1868558"
"SCAFFOLD00171_864646","12","20.5985697"
"SCAFFOLD00171_564631","12","20.0102821"
"SCAFFOLD00272_222262","12","20.0100821"
"SCAFFOLD00272_399346","12","20.0101821"
"SCAFFOLD00171_162779","12","20.0099821"
"SCAFFOLD00272_244016","12","18.8332375"
"SCAFFOLD00282_429024","12","18.8326375"
"SCAFFOLD00282_328471","12","18.8328375"
"SCAFFOLD00141.1_169175","12","18.8330375"
"SCAFFOLD00141.1_169186","12","18.8327375"
"SCAFFOLD00098_1298599","12","18.8333375"
"SCAFFOLD00018.2_1188877","12","18.8325375"
"SCAFFOLD00567_4013","12","18.8329375"
"SCAFFOLD00182_91320","12","18.8331375"
"SCAFFOLD00567_4063","12","18.2442544"
"SCAFFOLD00141.1_169206","12","15.8896062"
"SCAFFOLD00018.2_889776","12","15.3013232"
"SCAFFOLD00018.2_1021467","12","14.7130356"
"SCAFFOLD00018.2_1021505","12","14.7129356"
"SCAFFOLD00018.2_388876","12","14.1246480"
"SCAFFOLD00046.3_7483","12","13.5363619"
"SCAFFOLD00046.3_29853","12","12.3596157"
"SCAFFOLD00046.3_43697","12","12.3597157"
"SCAFFOLD00018.2_154622","12","11.7713281"
"SCAFFOLD00046.3_43830","12","11.1829406"
"SCAFFOLD00046.2_286176","12","11.1830406"
"SCAFFOLD00046.1_831782","12","10.5942530"
"SCAFFOLD00046.1_840242","12","10.5943530"
"SCAFFOLD00046.2_407579","12","10.5946530"
"SCAFFOLD00046.2_155895","12","10.5944530"
"SCAFFOLD00046.1_838396","12","10.5945530"
"SCAFFOLD00046.1_507171","12"," 8.8288605"
"SCAFFOLD00180_151792","12"," 8.8287605"
"SCAFFOLD00180_151756","12"," 7.6521144"
"SCAFFOLD00366_134981","12"," 7.0636283"
"SCAFFOLD00366_38610","12"," 7.0638283"
"SCAFFOLD00232_496140","12"," 7.0637283"
"SCAFFOLD00249_49689","12"," 5.2982388"
"SCAFFOLD00249_454865","12"," 2.3534894"
"SCAFFOLD00112_376055","12"," 2.3536894"
"SCAFFOLD00112_365055","12"," 2.3535894"
"SCAFFOLD00112_531252","12"," 1.1768447"
"SCAFFOLD00143_389542","12"," 0.0000000"
"SCAFFOLD00143_231794","12"," 0.0002000"
"SCAFFOLD00136_280607","12"," 0.0001000"
"SCAFFOLD00179_223399","10"," 0.0001000"
"SCAFFOLD00012.1_89253","10"," 0.0000000"
"SCAFFOLD00108_589127","10"," 0.0002000"
"SCAFFOLD00108_752297","10"," 1.1773447"
"SCAFFOLD00108_782515","10"," 1.1769447"
"SCAFFOLD00108_752371","10"," 1.1768447"
"SCAFFOLD00108_781055","10"," 1.1771447"
"SCAFFOLD00108_932781","10"," 1.1770447"
"SCAFFOLD00108_752303","10"," 1.1772447"
"SCAFFOLD00108_1228557","10"," 2.9427371"
"SCAFFOLD00061_958955","10"," 2.9428371"
"SCAFFOLD00061_1795916","10"," 5.2974807"
"SCAFFOLD00147_525792","10"," 5.8857592"
"SCAFFOLD00147_182569","10"," 8.2404060"
"SCAFFOLD00077.2_251531","10"," 9.4170447"
"SCAFFOLD00077.2_351284","10","11.7716914"
"SCAFFOLD00077.1_645348","10","12.3599730"
"SCAFFOLD00077.1_370917","10","13.5366192"
"SCAFFOLD00184_355465","10","14.7132639"
"SCAFFOLD00184_740476","10","15.8899071"
"SCAFFOLD00184_582266","10","17.6553042"
"SCAFFOLD00142_340110","10","18.2435843"
"SCAFFOLD00142_1015983","10","20.5982324"
"SCAFFOLD00337_33866","10","21.1866155"
"SCAFFOLD00142_1220349","10","21.1867155"
"SCAFFOLD00220_508053","10","21.1871155"
"SCAFFOLD00259_359007","10","21.1870155"
"SCAFFOLD00081_1281068","10","21.1869155"
"SCAFFOLD00084_742221","10","21.1865155"
"SCAFFOLD00259_112616","10","21.1872155"
"SCAFFOLD00160_719667","10","21.1868155"
"SCAFFOLD00084_742199","10","22.9526080"
"SCAFFOLD00087_539502","10","24.7180036"
"SCAFFOLD00087_684751","10","25.3062882"
"SCAFFOLD00087_700109","10","25.8945728"
"SCAFFOLD00044_2481237","10","27.6599683"
"SCAFFOLD00044_1988607","10","29.4254609"
"SCAFFOLD00092_895263","10","29.4255609"
"SCAFFOLD00092_88792","10","29.4253609"
"SCAFFOLD00044_653910","10","30.0138484"
"SCAFFOLD00025_2688309","10","30.0139484"
"SCAFFOLD00044_360959","10","30.6022360"
"SCAFFOLD00190_37543","10","30.6023360"
"SCAFFOLD00100_1208722","10","31.1906236"
"SCAFFOLD00100_1436288","10","31.7789112"
"SCAFFOLD00100_1442848","10","31.7790112"
"SCAFFOLD00100_1010705","10","31.7792112"
"SCAFFOLD00100_1108825","10","31.7791112"
"SCAFFOLD00100_794867","10","32.3675987"
"SCAFFOLD00100_435644","10","32.3674987"
"SCAFFOLD00100_940500","10","32.3676987"
"SCAFFOLD00080_1451984","10","32.9561863"
"SCAFFOLD00080_1392670","10","32.9560863"
"SCAFFOLD00080_1176648","10","32.9559863"
"SCAFFOLD00080_316046","10","33.5450739"
"SCAFFOLD00034_2319884","10","33.5445739"
"SCAFFOLD00034_2332701","10","33.5452739"
"SCAFFOLD00092_302629","10","33.5455739"
"SCAFFOLD00044_1241265","10","33.5449739"
"SCAFFOLD00044_1325845","10","33.5454739"
"SCAFFOLD00190_634591","10","33.5448739"
"SCAFFOLD00044_626070","10","33.5453739"
"SCAFFOLD00044_1110664","10","33.5444739"
"SCAFFOLD00044_1365186","10","33.5446739"
"SCAFFOLD00092_88901","10","33.5456739"
"SCAFFOLD00100_1403065","10","33.5447739"
"SCAFFOLD00100_940477","10","33.5451739"
"SCAFFOLD00100_603206","10","34.7223201"
"SCAFFOLD00080_1547139","10","35.3106062"
"SCAFFOLD00080_1452016","10","35.8989937"
"SCAFFOLD00080_676395","10","35.8988937"
"SCAFFOLD00080_708225","10","35.8992937"
"SCAFFOLD00080_670948","10","35.8990937"
"SCAFFOLD00080_147843","10","35.8991937"
"SCAFFOLD00080_315937","10","35.8993937"
"SCAFFOLD00080_599267","10","37.0760384"
"SCAFFOLD00034_2349323","10","38.2526817"
"SCAFFOLD00034_2435512","10","40.0180743"
"SCAFFOLD00034_1654313","10","42.3727195"
"SCAFFOLD00034_1252577","10","42.9609996"
"SCAFFOLD00034_1141005","10","44.7263951"
"SCAFFOLD00001.6_1814148","10","46.4917862"
"SCAFFOLD00159_586752","10","48.8464239"
"SCAFFOLD00159_509068","10","52.3816862"
"SCAFFOLD00159_186527","10","53.5583248"
"SCAFFOLD00637_39483","10","54.7349695"
"SCAFFOLD00119_1357867","10","55.9116128"
"SCAFFOLD00119_648967","10","57.6770068"
"SCAFFOLD00274_73632","10","59.4423979"
"SCAFFOLD00104_72196","10","61.7970417"
"SCAFFOLD00104_902808","10","62.9736834"
"SCAFFOLD00104_1460463","10","64.1503281"
"SCAFFOLD00104_1321288","10","64.1504281"
"SCAFFOLD00104_1351322","10","65.3272728"
"SCAFFOLD00294_351738","10","65.3270728"
"SCAFFOLD00587_20043","10","65.3271728"
"SCAFFOLD00104_1321148","10","65.9155604"
"SCAFFOLD00027_96771","10","66.5039479"
"SCAFFOLD00181_209821","10","66.5038479"
"SCAFFOLD00181_189068","10","67.6805926"
"SCAFFOLD00181_333418","10","67.6806926"
"SCAFFOLD00181_782568","10","70.0353316"
"SCAFFOLD00181_782625","10","70.0354316"
"SCAFFOLD00121_246848","10","70.6238192"
"SCAFFOLD00121_466302","10","70.6237192"
"SCAFFOLD00264_30965","10","70.6239192"
"SCAFFOLD00227_247878","10","70.6240192"
"SCAFFOLD00030_2409347"," 5","85.3465175"
"SCAFFOLD00030_436566"," 5","85.3464175"
"SCAFFOLD00030_1711056"," 5","84.7580425"
"SCAFFOLD00030_1561919"," 5","84.7581425"
"SCAFFOLD00030_1590430"," 5","84.1697675"
"SCAFFOLD00030_1561872"," 5","84.1696675"
"SCAFFOLD00030_130458"," 5","83.5813925"
"SCAFFOLD00030_541177"," 5","83.5812925"
"SCAFFOLD00028_27139"," 5","81.8158744"
"SCAFFOLD00295_254948"," 5","80.6392125"
"SCAFFOLD00030_2891226"," 5","78.8737898"
"SCAFFOLD00028_1083516"," 5","78.2855193"
"SCAFFOLD00028_1050772"," 5","78.2854193"
"SCAFFOLD00028_1640714"," 5","77.6971443"
"SCAFFOLD00028_1499549"," 5","77.1087693"
"SCAFFOLD00028_1989121"," 5","77.1088693"
"SCAFFOLD00028_1989314"," 5","75.9321008"
"SCAFFOLD00028_2541791"," 5","75.3438280"
"SCAFFOLD00028_2459020"," 5","74.7555529"
"SCAFFOLD00028_2480858"," 5","74.1671779"
"SCAFFOLD00028_2480894"," 5","74.1670779"
"SCAFFOLD00028_2859012"," 5","74.1672779"
"SCAFFOLD00054.1_383728"," 5","73.5788029"
"SCAFFOLD00054.1_476899"," 5","73.5787029"
"SCAFFOLD00054.1_641472"," 5","71.2240408"
"SCAFFOLD00038_2471927"," 5","69.4586270"
"SCAFFOLD00054.1_1028787"," 5","67.6932087"
"SCAFFOLD00054.2_235387"," 5","66.5165446"
"SCAFFOLD00054.2_231389"," 5","65.3398761"
"SCAFFOLD00054.2_580142"," 5","64.7516078"
"SCAFFOLD00120_301048"," 5","62.9861942"
"SCAFFOLD00120_1239441"," 5","59.4508150"
"SCAFFOLD00120_1349098"," 5","59.4509150"
"SCAFFOLD00120_1281032"," 5","58.8625400"
"SCAFFOLD00120_1281060"," 5","58.8622400"
"SCAFFOLD00120_826721"," 5","58.8623400"
"SCAFFOLD00120_949016"," 5","58.8624400"
"SCAFFOLD00045.1_641342"," 5","55.3269630"
"SCAFFOLD00045.1_803170"," 5","52.9723030"
"SCAFFOLD00045.1_641183"," 5","51.7956413"
"SCAFFOLD00045.1_1353120"," 5","51.7955413"
"SCAFFOLD00045.1_1067861"," 5","50.6188750"
"SCAFFOLD00045.1_1353178"," 5","50.6187750"
"SCAFFOLD00045.1_1655574"," 5","48.8533614"
"SCAFFOLD00045.2_665160"," 5","46.4986990"
"SCAFFOLD00224_584713"," 5","44.1440322"
"SCAFFOLD00300_122369"," 5","43.5557640"
"SCAFFOLD00144.3_343543"," 5","43.5556640"
"SCAFFOLD00144.3_53427"," 5","41.7901482"
"SCAFFOLD00031_844050"," 5","41.7902482"
"SCAFFOLD00144.1_69477"," 5","41.2017732"
"SCAFFOLD00144.1_69539"," 5","41.2018732"
"SCAFFOLD00031_1860387"," 5","41.2014732"
"SCAFFOLD00205_515145"," 5","41.2015732"
"SCAFFOLD00031_999639"," 5","41.2012732"
"SCAFFOLD00381_97897"," 5","41.2016732"
"SCAFFOLD00014.2_273447"," 5","41.2013732"
"SCAFFOLD00031_102950"," 5","40.6129982"
"SCAFFOLD00063_1228931"," 5","40.0241231"
"SCAFFOLD00084_1480269"," 5","40.0243231"
"SCAFFOLD00084_6232"," 5","40.0240231"
"SCAFFOLD00031_912904"," 5","40.0245231"
"SCAFFOLD00031_844105"," 5","40.0242231"
"SCAFFOLD00031_964442"," 5","40.0246231"
"SCAFFOLD00144.1_153769"," 5","40.0244231"
"SCAFFOLD00102_146025"," 5","40.0247231"
"SCAFFOLD00124_291878"," 5","39.4357549"
"SCAFFOLD00004.1_1747034"," 5","37.0810837"
"SCAFFOLD00271.2_228336"," 5","35.9044310"
"SCAFFOLD00297_65065"," 5","32.3690496"
"SCAFFOLD00297_72184"," 5","32.3689496"
"SCAFFOLD00172_314140"," 5","32.3691496"
"SCAFFOLD00172_71284"," 5","31.7806768"
"SCAFFOLD00172_447946"," 5","30.6040083"
"SCAFFOLD00172_955297"," 5","29.4273397"
"SCAFFOLD00247_508952"," 5","28.8390669"
"SCAFFOLD00247_117656"," 5","28.8389669"
"SCAFFOLD00247_532887"," 5","25.8943989"
"SCAFFOLD00070_1443059"," 5","24.7171394"
"SCAFFOLD00070_1226806"," 5","24.7174394"
"SCAFFOLD00070_1096095"," 5","24.7177394"
"SCAFFOLD00070_1425973"," 5","24.7176394"
"SCAFFOLD00070_1806125"," 5","24.7175394"
"SCAFFOLD00070_734585"," 5","24.7172394"
"SCAFFOLD00070_241091"," 5","24.7173394"
"SCAFFOLD00162_50543"," 5","23.5404709"
"SCAFFOLD00008_1849381"," 5","22.9522004"
"SCAFFOLD00153_887892"," 5","21.7755386"
"SCAFFOLD00153_887910"," 5","18.8309635"
"SCAFFOLD00153_474443"," 5","17.6541041"
"SCAFFOLD00174_256086"," 5","17.6543041"
"SCAFFOLD00174_242804"," 5","17.6542041"
"SCAFFOLD00174_160188"," 5","17.0658291"
"SCAFFOLD00174_160141"," 5","17.0657291"
"SCAFFOLD00174_160099"," 5","16.4774541"
"SCAFFOLD00174_167360"," 5","16.4773541"
"SCAFFOLD00174_797785"," 5","15.8890835"
"SCAFFOLD00174_916859"," 5","14.1236630"
"SCAFFOLD00174_918625"," 5","12.3582470"
"SCAFFOLD00091_16327"," 5","10.5928287"
"SCAFFOLD00091_931009"," 5"," 9.4161715"
"SCAFFOLD00091_1312857"," 5"," 6.4715034"
"SCAFFOLD00091_1325404"," 5"," 6.4716034"
"SCAFFOLD00091_1502793"," 5"," 5.2948349"
"SCAFFOLD00315_249342"," 5"," 4.7065621"
"SCAFFOLD00135_289203"," 5"," 4.7064621"
"SCAFFOLD00136_611739"," 5"," 3.5297959"
"SCAFFOLD00135_885521"," 5"," 3.5296959"
"SCAFFOLD00135_66675"," 5"," 2.9414231"
"SCAFFOLD00318_65610"," 5"," 1.7647546"
"SCAFFOLD00136_593305"," 5"," 1.7646546"
"SCAFFOLD00135_779824"," 5"," 1.1763796"
"SCAFFOLD00002.1_346842"," 5"," 0.5881046"
"SCAFFOLD00002.1_538665"," 5"," 0.5879046"
"SCAFFOLD00281_87242"," 5"," 0.5880046"
"SCAFFOLD00281_91645"," 5"," 0.0000000"
"SCAFFOLD00182_104437"," 7"," 0.0000000"
"SCAFFOLD00177_267950"," 7"," 0.0001000"
"SCAFFOLD00702_18291"," 7"," 0.5885876"
"SCAFFOLD00177_452175"," 7"," 0.5883876"
"SCAFFOLD00389_76699"," 7"," 0.5884876"
"SCAFFOLD00206_662762"," 7"," 1.1768737"
"SCAFFOLD00206_369338"," 7"," 2.3535199"
"SCAFFOLD00206_691858"," 7"," 3.5302646"
"SCAFFOLD00206_105358"," 7"," 3.5301646"
"SCAFFOLD00206_694418"," 7"," 4.1185522"
"SCAFFOLD00287_134055"," 7"," 4.7068397"
"SCAFFOLD00206_784703"," 7"," 4.7069397"
"SCAFFOLD00206_474437"," 7"," 5.8835859"
"SCAFFOLD00206_691815"," 7"," 6.4718705"
"SCAFFOLD00019_3030847"," 7"," 7.6486167"
"SCAFFOLD00019_2464410"," 7"," 7.6485167"
"SCAFFOLD00019_2392241"," 7"," 8.2369043"
"SCAFFOLD00019_1932059"," 7"," 8.8252919"
"SCAFFOLD00019_2223269"," 7"," 8.8251919"
"SCAFFOLD00019_1950445"," 7"," 9.4135794"
"SCAFFOLD00019_1743352"," 7","10.0019670"
"SCAFFOLD00019_3398008"," 7","10.0018670"
"SCAFFOLD00019_1703124"," 7","11.1787117"
"SCAFFOLD00019_1559017"," 7","11.1786117"
"SCAFFOLD00019_1550369"," 7","11.7669993"
"SCAFFOLD00019_366601"," 7","12.3552868"
"SCAFFOLD00019_756128"," 7","12.9435714"
"SCAFFOLD00019_1009426"," 7","14.7089700"
"SCAFFOLD00019_763134"," 7","15.2972546"
"SCAFFOLD00064_1528709"," 7","15.8855407"
"SCAFFOLD00064_1432659"," 7","17.0621868"
"SCAFFOLD00064_909797"," 7","17.0622868"
"SCAFFOLD00064_1142417"," 7","17.6506744"
"SCAFFOLD00064_516086"," 7","17.6505744"
"SCAFFOLD00064_155156"," 7","19.4160669"
"SCAFFOLD00152_877736"," 7","21.1814625"
"SCAFFOLD00152_668075"," 7","21.7697426"
"SCAFFOLD00152_668074"," 7","24.1243908"
"SCAFFOLD00152_668021"," 7","24.7126708"
"SCAFFOLD00133_594086"," 7","26.4780694"
"SCAFFOLD00105_1412857"," 7","27.0664539"
"SCAFFOLD00133_733183"," 7","27.0665539"
"SCAFFOLD00133_423693"," 7","27.0663539"
"SCAFFOLD00133_423697"," 7","28.2432001"
"SCAFFOLD00133_436510"," 7","28.8314862"
"SCAFFOLD00105_1258819"," 7","28.8315862"
"SCAFFOLD00211_642819"," 7","30.5975787"
"SCAFFOLD00448_71508"," 7","30.5972787"
"SCAFFOLD00105_1064534"," 7","30.5974787"
"SCAFFOLD00105_1064540"," 7","30.5976787"
"SCAFFOLD00105_1210556"," 7","30.5970787"
"SCAFFOLD00105_1214761"," 7","30.5969787"
"SCAFFOLD00105_1076769"," 7","30.5973787"
"SCAFFOLD00262_426363"," 7","30.5971787"
"SCAFFOLD00211_71288"," 7","31.7743234"
"SCAFFOLD00211_137042"," 7","32.9510681"
"SCAFFOLD00162_169997"," 7","32.9509681"
"SCAFFOLD00162_200112"," 7","35.3058071"
"SCAFFOLD00162_266301"," 7","35.3057071"
"SCAFFOLD00229_631851"," 7","35.8940916"
"SCAFFOLD00162_690779"," 7","37.6594887"
"SCAFFOLD00162_266253"," 7","38.8361304"
"SCAFFOLD00162_57001"," 7","40.6015260"
"SCAFFOLD00056_971724"," 7","41.7781707"
"SCAFFOLD00052_1434854"," 7","42.3664568"
"SCAFFOLD00056_952048"," 7","42.9547429"
"SCAFFOLD00056_1155936"," 7","44.1313906"
"SCAFFOLD00017_88933"," 7","44.7196752"
"SCAFFOLD00017_3336587"," 7","45.8963229"
"SCAFFOLD00017_3437891"," 7","46.4846090"
"SCAFFOLD00017_1585802"," 7","47.0728966"
"SCAFFOLD00017_2960690"," 7","47.6611842"
"SCAFFOLD00416_65965"," 7","48.2494718"
"SCAFFOLD00246_330462"," 7","48.8378594"
"SCAFFOLD00246_330594"," 7","48.8380594"
"SCAFFOLD00103.1_27462"," 7","48.8383594"
"SCAFFOLD00010_3417164"," 7","48.8381594"
"SCAFFOLD00388_86059"," 7","48.8377594"
"SCAFFOLD00097_1253714"," 7","48.8382594"
"SCAFFOLD00416_19675"," 7","48.8379594"
"SCAFFOLD00416_118857"," 7","48.8384594"
"SCAFFOLD00097_1137923"," 7","49.4269470"
"SCAFFOLD00246_330634"," 7","49.4268470"
"SCAFFOLD00388_137031"," 7","49.4267470"
"SCAFFOLD00241_426526"," 7","51.7815891"
"SCAFFOLD00103.1_890199"," 7","52.9583308"
"SCAFFOLD00103.2_189419"," 7","52.9584308"
"SCAFFOLD00103.1_748481"," 7","52.9582308"
"SCAFFOLD00103.2_275942"," 7","52.9585308"
"SCAFFOLD00103.2_244079"," 7","53.5468107"
"SCAFFOLD00103.2_275870"," 7","57.0820759"
"SCAFFOLD00128_1038427"," 7","58.8474639"
"SCAFFOLD00002.3_1916636"," 7","60.6128580"
"SCAFFOLD00002.3_499446"," 7","61.7894967"
"SCAFFOLD00002.3_807352"," 7","64.7340508"
"SCAFFOLD00002.2_2321773"," 7","66.4994402"
"SCAFFOLD00002.2_1847769"," 7","66.4995402"
"SCAFFOLD00002.2_1587771"," 7","67.0878278"
"SCAFFOLD00002.2_1761570"," 7","67.6761154"
"SCAFFOLD00002.2_1322666"," 7","68.2644015"
"SCAFFOLD00002.2_900807"," 7","69.4410477"
"SCAFFOLD00002.2_900178"," 7","69.4411477"
"SCAFFOLD00002.2_900064"," 7","70.0294308"
"SCAFFOLD00002.2_882997"," 7","72.3841743"
"SCAFFOLD00002.2_748970"," 7","72.3840743"
"SCAFFOLD00002.2_320417"," 7","74.7388165"
"SCAFFOLD00002.2_44"," 7","75.9154581"
"SCAFFOLD00002.1_3171691"," 7","75.9155581"
"SCAFFOLD00002.1_2689255"," 7","76.5038457"
"SCAFFOLD00002.1_2586753"," 7","77.0921333"
"SCAFFOLD00002.1_1548054"," 7","77.6804209"
"SCAFFOLD00002.1_1366671"," 7","78.2687055"
"SCAFFOLD00160_1050036"," 7","80.0342010"
"SCAFFOLD00160_119596"," 7","80.0343010"
"SCAFFOLD00160_208603"," 7","80.0341010"
"SCAFFOLD00160_745489"," 7","80.0344010"
"SCAFFOLD00002.1_2721335"," 7","80.6228886"
"SCAFFOLD00002.2_593040"," 7","80.6227886"
"SCAFFOLD00024.2_850834"," 7","80.6226886"
"SCAFFOLD00159_770080","11"," 0.0005000"
"SCAFFOLD00028_2694686","11"," 0.0002000"
"SCAFFOLD00231_285403","11"," 0.0000000"
"SCAFFOLD00231_285514","11"," 0.0004000"
"SCAFFOLD00278_311023","11"," 0.0001000"
"SCAFFOLD00158_293877","11"," 0.0003000"
"SCAFFOLD00158_288944","11"," 1.7658955"
"SCAFFOLD00158_456163","11"," 2.3541801"
"SCAFFOLD00067_1900981","11"," 2.3542801"
"SCAFFOLD00498_87437","11"," 4.1196665"
"SCAFFOLD00255_46709","11"," 8.2467188"
"SCAFFOLD00255_512075","11"," 8.2466188"
"SCAFFOLD00245_373806","11"," 9.4233650"
"SCAFFOLD00122_270123","11","10.0116511"
"SCAFFOLD00122_591469","11","10.5999387"
"SCAFFOLD00122_1315857","11","11.1883262"
"SCAFFOLD00073_164199","11","11.1884262"
"SCAFFOLD00073_197027","11","11.1882262"
"SCAFFOLD00073_134651","11","12.3650724"
"SCAFFOLD00122_343094","11","12.9533585"
"SCAFFOLD00073_191886","11","12.9534585"
"SCAFFOLD00073_725619","11","14.7188540"
"SCAFFOLD00073_1138893","11","15.3071356"
"SCAFFOLD00207_244606","11","17.0725311"
"SCAFFOLD00210_509305","11","17.0726311"
"SCAFFOLD00042.1_372626","11","17.6609187"
"SCAFFOLD00042.1_123500","11","18.2492062"
"SCAFFOLD00042.1_876988","11","18.8374923"
"SCAFFOLD00042.1_1074211","11","20.0141386"
"SCAFFOLD00042.1_1107299","11","21.1907772"
"SCAFFOLD00042.2_695413","11","24.7260409"
"SCAFFOLD00093.1_410616","11","26.4914319"
"SCAFFOLD00022.1_49929","11","27.0797165"
"SCAFFOLD00042.2_695371","11","27.0798165"
"SCAFFOLD00042.2_695426","11","28.2564611"
"SCAFFOLD00236.1_196846","11","28.2565611"
"SCAFFOLD00205_234836","11","28.8448487"
"SCAFFOLD00236.1_524281","11","29.4333363"
"SCAFFOLD00236.1_425105","11","29.4332363"
"SCAFFOLD00236.1_401903","11","29.4331363"
"SCAFFOLD00236.2_495","11","30.0216224"
"SCAFFOLD00248_252960","11","31.1982701"
"SCAFFOLD00248_355263","11","31.7865562"
"SCAFFOLD00248_320110","11","31.7866562"
"SCAFFOLD00248_320071","11","32.3749422"
"SCAFFOLD00130_761521","11","33.5515899"
"SCAFFOLD00130_761415","11","34.1398760"
"SCAFFOLD00130_601038","11","34.1399760"
"SCAFFOLD00130_1024799","11","36.4946196"
"SCAFFOLD00021_307587","11","37.0828997"
"SCAFFOLD00021_522701","11","38.8482982"
"SCAFFOLD00021_642250","11","39.4365813"
"SCAFFOLD00021_1770019","11","40.6132290"
"SCAFFOLD00021_1889804","11","41.2016151"
"SCAFFOLD00021_2887691","11","41.2015151"
"SCAFFOLD00021_1515973","11","41.7899027"
"SCAFFOLD00179_74551","11","41.7901027"
"SCAFFOLD00021_2723908","11","41.7900027"
"SCAFFOLD00021_3178774","11","42.3783888"
"SCAFFOLD00235_405420","11","43.5550365"
"SCAFFOLD00235_13856","11","44.1438226"
"SCAFFOLD00194_469053","11","44.1436226"
"SCAFFOLD00057.2_331665","11","44.1435226"
"SCAFFOLD00179_575067","11","44.1437226"
"SCAFFOLD00057.1_320438","11","44.1441226"
"SCAFFOLD00259_186397","11","44.1439226"
"SCAFFOLD00235_13985","11","44.1434226"
"SCAFFOLD00084_338514","11","44.1442226"
"SCAFFOLD00235_121945","11","44.1433226"
"SCAFFOLD00031_2905826","11","44.1440226"
"SCAFFOLD00084_338473","11","44.7325101"
"SCAFFOLD00057.1_879114","11","44.7326101"
"SCAFFOLD00057.2_731265","11","45.3209977"
"SCAFFOLD00111.1_293261","11","45.3208977"
"SCAFFOLD00057.2_729778","11","45.9094853"
"SCAFFOLD00085_593176","11","45.9092853"
"SCAFFOLD00085_487681","11","45.9093853"
"SCAFFOLD00057.2_501055","11","47.0861314"
"SCAFFOLD00220_676681","11","47.6745175"
"SCAFFOLD00048_473750","11","47.6744175"
"SCAFFOLD00048_473660","11","48.8511637"
"SCAFFOLD00048_588716","11","49.4394498"
"SCAFFOLD00048_588629","11","50.0280374"
"SCAFFOLD00048_588645","11","50.0277374"
"SCAFFOLD00048_1110068","11","50.0279374"
"SCAFFOLD00048_582221","11","50.0278374"
"SCAFFOLD00048_582264","11","50.6163250"
"SCAFFOLD00048_1235031","11","51.2047126"
"SCAFFOLD00048_1523197","11","51.2046126"
"SCAFFOLD00048_1609990","11","51.2048126"
"SCAFFOLD00017_2921836","11","51.7931001"
"SCAFFOLD00151.2_64142","11","51.7932001"
"SCAFFOLD00151.1_531600","11","52.3814877"
"SCAFFOLD00151.1_362762","11","52.9697708"
"SCAFFOLD00151.1_362807","11","55.3244189"
"SCAFFOLD00151.1_161823","11","55.9127020"
"SCAFFOLD00022.1_262347","11","56.5009896"
"SCAFFOLD00022.1_508563","11","56.5011896"
"SCAFFOLD00022.1_562349","11","56.5010896"
"SCAFFOLD00022.1_508699","11","57.6779343"
"SCAFFOLD00022.1_508597","11","57.6778343"
"SCAFFOLD00022.1_560572","11","58.2662204"
"SCAFFOLD00022.1_562517","11","59.4428665"
"SCAFFOLD00022.1_508630","11","59.4430665"
"SCAFFOLD00022.2_298480","11","59.4429665"
"SCAFFOLD00022.2_653681","11","60.0313541"
"SCAFFOLD00022.2_929233","11","60.6196417"
"SCAFFOLD00022.2_586912","11","61.2079293"
"SCAFFOLD00022.2_1062055","11","61.2080293"
"SCAFFOLD00077.1_435000","11","61.7963169"
"SCAFFOLD00012.4_359350","11","62.3846030"
"SCAFFOLD00012.4_551934","11","63.5612491"
"SCAFFOLD00022.2_2585106","11","63.5613491"
"SCAFFOLD00022.2_2468232","11","65.9159927"
"SCAFFOLD00022.2_2428701","11","66.5042758"
"SCAFFOLD00022.2_1972031","11","67.0925634"
"SCAFFOLD00008_3776161","11","67.6808510"
"SCAFFOLD00219_701757","11","67.6810510"
"SCAFFOLD00012.4_156","11","67.6809510"
"SCAFFOLD00219_707403","11","68.2695385"
"SCAFFOLD00219_701835","11","68.2693385"
"SCAFFOLD00219_552767","11","68.2694385"
"SCAFFOLD00012.4_50570","11","68.8578231"
"SCAFFOLD00012.4_758871","11","70.6232186"
"SCAFFOLD00012.4_682087","11","70.6233186"
"SCAFFOLD00012.4_1929565","11","72.3887081"
"SCAFFOLD00167_765907","11","75.3332622"
"SCAFFOLD00231_112755","11","76.5099039"
"SCAFFOLD00068.1_300927","11","77.0982899"
"SCAFFOLD00081_1134868","11","77.0981899"
"SCAFFOLD00068.1_222461","11","77.0983899"
"SCAFFOLD00386_122189","11","77.6866760"
"SCAFFOLD00260_288742","11","78.8641222"
"SCAFFOLD00068.1_134097","11","78.8637222"
"SCAFFOLD00074.2_156661","11","78.8636222"
"SCAFFOLD00074.1_736343","11","78.8635222"
"SCAFFOLD00074.1_570213","11","78.8638222"
"SCAFFOLD00074.1_1003871","11","78.8634222"
"SCAFFOLD00074.1_654828","11","78.8640222"
"SCAFFOLD00074.1_54426","11","78.8639222"
"SCAFFOLD00074.1_1003745","11","78.8633222"
"SCAFFOLD00074.1_1021950","11","78.8642222"
"SCAFFOLD00359_121548"," 1"," 0.0000000"
"SCAFFOLD00005_305694"," 1"," 0.0001000"
"SCAFFOLD00040_1313853"," 1"," 0.0002000"
"SCAFFOLD00040_422248"," 1"," 1.1768447"
"SCAFFOLD00098_131976"," 1"," 1.1769447"
"SCAFFOLD00032.2_486632"," 1"," 1.7653322"
"SCAFFOLD00098_720261"," 1"," 1.7652322"
"SCAFFOLD00098_702702"," 1"," 3.5307277"
"SCAFFOLD00098_131973"," 1"," 4.1192123"
"SCAFFOLD00005_386082"," 1"," 4.1191123"
"SCAFFOLD00040_843110"," 1"," 4.1194123"
"SCAFFOLD00040_696216"," 1"," 4.1190123"
"SCAFFOLD00040_2037425"," 1"," 4.1193123"
"SCAFFOLD00005_858034"," 1"," 4.7076999"
"SCAFFOLD00005_869103"," 1"," 5.2959875"
"SCAFFOLD00005_917383"," 1"," 5.2960875"
"SCAFFOLD00005_1665760"," 1"," 5.8844750"
"SCAFFOLD00005_1488036"," 1"," 5.8843750"
"SCAFFOLD00005_2062193"," 1"," 6.4727626"
"SCAFFOLD00005_2054833"," 1"," 7.0610472"
"SCAFFOLD00005_3276869"," 1"," 8.8264443"
"SCAFFOLD00005_3750624"," 1","10.0030875"
"SCAFFOLD00005_4399468"," 1","11.1798322"
"SCAFFOLD00005_4399418"," 1","11.1797322"
"SCAFFOLD00005_4549436"," 1","12.3564784"
"SCAFFOLD00005_3935453"," 1","12.9447645"
"SCAFFOLD00005_3750631"," 1","13.5330491"
"SCAFFOLD00005_4952951"," 1","15.2984476"
"SCAFFOLD00192_338267"," 1","15.8867261"
"SCAFFOLD00192_411324"," 1","18.8312846"
"SCAFFOLD00009.1_554129"," 1","19.4195662"
"SCAFFOLD00009.1_554180"," 1","20.0078537"
"SCAFFOLD00009.1_259699"," 1","20.5961413"
"SCAFFOLD00009.1_725587"," 1","21.1844289"
"SCAFFOLD00009.1_176592"," 1","21.7727150"
"SCAFFOLD00009.1_527188"," 1","22.9493627"
"SCAFFOLD00009.1_1129462"," 1","23.5377488"
"SCAFFOLD00009.1_1301262"," 1","23.5376488"
"SCAFFOLD00009.1_1542758"," 1","24.1260364"
"SCAFFOLD00009.1_2389722"," 1","24.7143210"
"SCAFFOLD00678_2651"," 1","26.4797165"
"SCAFFOLD00039_2549528"," 1","28.2451121"
"SCAFFOLD00009.2_1064839"," 1","28.8333967"
"SCAFFOLD00349_117078"," 1","29.4216828"
"SCAFFOLD00349_117094"," 1","30.5983275"
"SCAFFOLD00009.2_1262444"," 1","32.3637216"
"SCAFFOLD00167_714453"," 1","34.1291172"
"SCAFFOLD00167_807914"," 1","34.7174018"
"SCAFFOLD00323_108752"," 1","34.7175018"
"SCAFFOLD00037.1_2183587"," 1","35.3057893"
"SCAFFOLD00037.1_2094371"," 1","35.3058893"
"SCAFFOLD00037.1_2183668"," 1","37.0712848"
"SCAFFOLD00037.1_702579"," 1","37.6596694"
"SCAFFOLD00037.1_2183624"," 1","37.6595694"
"SCAFFOLD00037.1_2179545"," 1","38.2479570"
"SCAFFOLD00037.1_2180000"," 1","38.8364446"
"SCAFFOLD00167_915015"," 1","38.8365446"
"SCAFFOLD00320_8820"," 1","38.8363446"
"SCAFFOLD00167_118080"," 1","38.8362446"
"SCAFFOLD00178_300573"," 1","39.4249321"
"SCAFFOLD00254_272448"," 1","39.4248321"
"SCAFFOLD00178_928248"," 1","40.0132197"
"SCAFFOLD00072_521499"," 1","40.6015073"
"SCAFFOLD00037.2_86302"," 1","41.1897949"
"SCAFFOLD00424_107786"," 1","41.7781825"
"SCAFFOLD00037.2_83997"," 1","41.7780825"
"SCAFFOLD00037.1_296714"," 1","42.3664655"
"SCAFFOLD00082_1505907"," 1","44.7211122"
"SCAFFOLD00082_1108578"," 1","45.8977540"
"SCAFFOLD00187_334411"," 1","47.0745987"
"SCAFFOLD00187_524944"," 1","47.0743987"
"SCAFFOLD00458_62229"," 1","47.0744987"
"SCAFFOLD00187_828759"," 1","47.6628862"
"SCAFFOLD00187_785204"," 1","48.2512738"
"SCAFFOLD00127_187283"," 1","48.2511738"
"SCAFFOLD00187_298129"," 1","48.8395599"
"SCAFFOLD00252_364958"," 1","50.0162061"
"SCAFFOLD00099_57061"," 1","50.0163061"
"SCAFFOLD00099_500319"," 1","51.7818985"
"SCAFFOLD00099_1134897"," 1","51.7817985"
"SCAFFOLD00099_1391019"," 1","51.7819985"
"SCAFFOLD00014.2_1177"," 1","51.7820985"
"SCAFFOLD00004.2_1244960"," 1","51.7816985"
"SCAFFOLD00004.2_1245011"," 1","52.3704861"
"SCAFFOLD00004.2_1631563"," 1","52.3703861"
"SCAFFOLD00004.2_1135386"," 1","52.9587722"
"SCAFFOLD00004.2_689893"," 1","54.1354184"
"SCAFFOLD00004.2_473233"," 1","55.3120631"
"SCAFFOLD00259_186382"," 1","56.4893078"
"SCAFFOLD00004.1_3100781"," 1","56.4892078"
"SCAFFOLD00198_420763"," 1","56.4891078"
"SCAFFOLD00004.1_3091421"," 1","56.4889078"
"SCAFFOLD00004.1_1751396"," 1","56.4888078"
"SCAFFOLD00004.1_1991582"," 1","56.4890078"
"SCAFFOLD00004.1_23922"," 1","56.4887078"
"SCAFFOLD00004.1_848601"," 1","57.0775924"
"SCAFFOLD00199_488236"," 1","58.8430879"
"SCAFFOLD00044_723442"," 1","58.8429879"
"SCAFFOLD00004.1_1751405"," 1","59.4313740"
"SCAFFOLD00044_723448"," 1","60.6080202"
"SCAFFOLD00078_1360363"," 1","60.6081202"
"SCAFFOLD00084_1286486"," 1","61.7847664"
"SCAFFOLD00044_1134633"," 1","62.3734525"
"SCAFFOLD00078_872725"," 1","62.3732525"
"SCAFFOLD00078_968920"," 1","62.3731525"
"SCAFFOLD00078_1061930"," 1","62.3733525"
"SCAFFOLD00078_832196"," 1","62.3735525"
"SCAFFOLD00137_424560"," 1","62.3730525"
"SCAFFOLD00396_78367"," 1","62.9618400"
"SCAFFOLD00199_488153"," 1","63.5502276"
"SCAFFOLD00078_872688"," 1","63.5503276"
"SCAFFOLD00078_1754721"," 1","63.5501276"
"SCAFFOLD00125_398902"," 1","64.1386152"
"SCAFFOLD00078_1656756"," 1","64.1393152"
"SCAFFOLD00078_1706439"," 1","64.1395152"
"SCAFFOLD00151.1_269843"," 1","64.1387152"
"SCAFFOLD00133_502843"," 1","64.1391152"
"SCAFFOLD00125_1343860"," 1","64.1394152"
"SCAFFOLD00078_1706366"," 1","64.1388152"
"SCAFFOLD00078_1333375"," 1","64.1389152"
"SCAFFOLD00111.2_930862"," 1","64.1390152"
"SCAFFOLD00111.2_877527"," 1","64.1392152"
"SCAFFOLD00125_1001504"," 1","64.7278028"
"SCAFFOLD00125_1342593"," 1","64.7279028"
"SCAFFOLD00125_829500"," 1","64.7280028"
"SCAFFOLD00198_566297"," 1","65.3162903"
"SCAFFOLD00125_10313"," 1","65.3163903"
"SCAFFOLD00111.2_140649"," 1","66.4931350"
"SCAFFOLD00111.2_140577"," 1","66.4930350"
"SCAFFOLD00111.1_266940"," 1","67.0814211"
"SCAFFOLD00071_1259599"," 1","68.2581673"
"SCAFFOLD00071_1514340"," 1","68.2582673"
"SCAFFOLD00450_32687"," 1","68.2583673"
"SCAFFOLD00071_1710339"," 1","68.2580673"
"SCAFFOLD00026.3_171730"," 1","68.8471548"
"SCAFFOLD00071_1709938"," 1","68.8468548"
"SCAFFOLD00111.2_12679"," 1","68.8469548"
"SCAFFOLD00071_1464025"," 1","68.8470548"
"SCAFFOLD00111.2_69"," 1","68.8467548"
"SCAFFOLD00071_937115"," 1","68.8466548"
"SCAFFOLD00071_877274"," 1","69.4354424"
"SCAFFOLD00071_704268"," 1","69.4355424"
"SCAFFOLD00071_704014"," 1","69.4357424"
"SCAFFOLD00071_708807"," 1","69.4356424"
"SCAFFOLD00071_453772"," 1","69.4358424"
"SCAFFOLD00071_453138"," 1","70.6124871"
"SCAFFOLD00062_1845195"," 1","71.7891333"
"SCAFFOLD00062_1528573"," 1","72.3776194"
"SCAFFOLD00062_1301193"," 1","72.3777194"
"SCAFFOLD00062_1013528"," 1","72.3775194"
"SCAFFOLD00062_1082989"," 1","72.3774194"
"SCAFFOLD00062_940498"," 1","72.3778194"
"SCAFFOLD00062_820191"," 1","73.5544656"
"SCAFFOLD00062_820133"," 1","74.1427502"
"SCAFFOLD00062_817272"," 1","75.3194964"
"SCAFFOLD00062_817321"," 1","75.3193964"
"SCAFFOLD00062_447424"," 1","76.4961411"
"SCAFFOLD00062_227927"," 1","77.6728858"
"SCAFFOLD00107_1428129"," 1","77.6727858"
"SCAFFOLD00107_895241"," 1","78.2611733"
"SCAFFOLD00107_897484"," 1","78.8495609"
"SCAFFOLD00107_895297"," 1","78.8494609"
"SCAFFOLD00107_687399"," 1","79.4378485"
"SCAFFOLD00107_236957"," 1","79.4380485"
"SCAFFOLD00107_588141"," 1","79.4379485"
"SCAFFOLD00107_751271"," 1","80.0263361"
"SCAFFOLD00107_244785"," 1","80.6146222"
"SCAFFOLD00114_1154736"," 1","81.7912699"
"SCAFFOLD00114_866127"," 1","82.3797560"
"SCAFFOLD00114_929159"," 1","82.3796560"
"SCAFFOLD00114_1323752"," 1","82.3799560"
"SCAFFOLD00114_1323824"," 1","82.3795560"
"SCAFFOLD00489_58428"," 1","82.3798560"
"SCAFFOLD00367_41268"," 1","82.9682405"
"SCAFFOLD00367_52911"," 1","84.7337360"
"SCAFFOLD00114_207129"," 1","84.7336360"
"SCAFFOLD00059_1811155"," 1","85.3220221"
"SCAFFOLD00196_43163"," 1","86.4986683"
"SCAFFOLD00196_90738"," 1","87.6753146"
"SCAFFOLD00114_493734"," 1","88.2642006"
"SCAFFOLD00296_254673"," 1","88.2640006"
"SCAFFOLD00196_591137"," 1","88.2645006"
"SCAFFOLD00033.1_720254"," 1","88.2643006"
"SCAFFOLD00033.1_720366"," 1","88.2639006"
"SCAFFOLD00059_1811093"," 1","88.2637006"
"SCAFFOLD00196_43220"," 1","88.2641006"
"SCAFFOLD00196_653604"," 1","88.2644006"
"SCAFFOLD00059_209621"," 1","88.2638006"
"SCAFFOLD00204_446804"," 1","88.2636006"
"SCAFFOLD00197_635687"," 1","88.8527867"
"SCAFFOLD00204_15216"," 1","90.0294329"
"SCAFFOLD00059_313397"," 1","90.0295329"
"SCAFFOLD00055_578308"," 6"," 0.0001000"
"SCAFFOLD00055_677072"," 6"," 0.0000000"
"SCAFFOLD00055_321360"," 6"," 0.5883846"
"SCAFFOLD00088.1_791488"," 6"," 2.3538801"
"SCAFFOLD00088.1_715275"," 6"," 2.3537801"
"SCAFFOLD00088.1_807612"," 6"," 3.5305247"
"SCAFFOLD00088.2_254213"," 6"," 3.5306247"
"SCAFFOLD00023_909289"," 6"," 4.1189108"
"SCAFFOLD00023_1755927"," 6"," 5.2955585"
"SCAFFOLD00023_2019055"," 6"," 5.8839446"
"SCAFFOLD00023_1845928"," 6"," 5.8840446"
"SCAFFOLD00023_2354711"," 6"," 5.8838446"
"SCAFFOLD00023_2566873"," 6"," 7.0606908"
"SCAFFOLD00023_2816905"," 6"," 7.6489769"
"SCAFFOLD00023_2827193"," 6"," 8.2372645"
"SCAFFOLD00023_2936511"," 6"," 8.2373645"
"SCAFFOLD00023_421636"," 6"," 8.2374645"
"SCAFFOLD00023_406862"," 6"," 8.8258520"
"SCAFFOLD00088.1_798149"," 6"," 8.8257520"
"SCAFFOLD00088.1_226835"," 6","10.0024982"
"SCAFFOLD00023_335643"," 6","10.5908843"
"SCAFFOLD00023_714676"," 6","10.5907843"
"SCAFFOLD00239_593863"," 6","12.3562768"
"SCAFFOLD00239_414708"," 6","14.1216724"
"SCAFFOLD00193_209180"," 6","14.7099540"
"SCAFFOLD00109.2_748573"," 6","16.4753511"
"SCAFFOLD00193_69769"," 6","17.6519913"
"SCAFFOLD00109.2_79628"," 6","20.0066335"
"SCAFFOLD00109.2_61"," 6","22.3612758"
"SCAFFOLD00223_545708"," 6","23.5379098"
"SCAFFOLD00014.2_2001518"," 6","27.6648716"
"SCAFFOLD00014.2_1986952"," 6","28.8415101"
"SCAFFOLD00014.2_2001396"," 6","29.4297962"
"SCAFFOLD00014.2_1852458"," 6","29.4298962"
"SCAFFOLD00014.2_1881579"," 6","30.6065409"
"SCAFFOLD00014.2_1500761"," 6","30.6066409"
"SCAFFOLD00014.2_799161"," 6","31.1949284"
"SCAFFOLD00014.2_324583"," 6","31.1950284"
"SCAFFOLD00014.1_504506"," 6","34.1395808"
"SCAFFOLD00014.1_283077"," 6","34.7278623"
"SCAFFOLD00074.1_123108"," 6","34.7279623"
"SCAFFOLD00174_256061"," 6","35.3164498"
"SCAFFOLD00014.1_411993"," 6","35.3163498"
"SCAFFOLD00101_99615"," 6","35.3162498"
"SCAFFOLD00101_84768"," 6","37.0818424"
"SCAFFOLD00101_220206"," 6","38.8473349"
"SCAFFOLD00101_423955"," 6","38.8472349"
"SCAFFOLD00031_886777"," 6","39.4357225"
"SCAFFOLD00101_870904"," 6","39.4356225"
"SCAFFOLD00044_2052449"," 6","40.0240101"
"SCAFFOLD00101_1233720"," 6","40.6124976"
"SCAFFOLD00119_863621"," 6","40.6122976"
"SCAFFOLD00119_863658"," 6","40.6123976"
"SCAFFOLD00025_67476"," 6","41.2008852"
"SCAFFOLD00025_157170"," 6","41.2007852"
"SCAFFOLD00025_217898"," 6","41.2010852"
"SCAFFOLD00025_588202"," 6","41.2009852"
"SCAFFOLD00025_598049"," 6","41.7896728"
"SCAFFOLD00025_2099245"," 6","41.7899728"
"SCAFFOLD00025_814310"," 6","41.7897728"
"SCAFFOLD00025_2331371"," 6","41.7893728"
"SCAFFOLD00025_3038392"," 6","41.7895728"
"SCAFFOLD00089_152457"," 6","41.7898728"
"SCAFFOLD00185_571258"," 6","41.7894728"
"SCAFFOLD00025_1453416"," 6","42.3785603"
"SCAFFOLD00082_661438"," 6","42.3783603"
"SCAFFOLD00185_150846"," 6","42.3784603"
"SCAFFOLD00025_1058016"," 6","42.3782603"
"SCAFFOLD00025_2099198"," 6","42.3786603"
"SCAFFOLD00025_916937"," 6","42.9669479"
"SCAFFOLD00025_2856225"," 6","42.9673479"
"SCAFFOLD00242_485000"," 6","42.9670479"
"SCAFFOLD00082_544909"," 6","42.9672479"
"SCAFFOLD00251_124137"," 6","42.9671479"
"SCAFFOLD00185_461075"," 6","43.5556355"
"SCAFFOLD00089_352583"," 6","44.1439231"
"SCAFFOLD00089_297130"," 6","44.7322077"
"SCAFFOLD00089_598546"," 6","46.4976062"
"SCAFFOLD00089_598563"," 6","47.0858908"
"SCAFFOLD00089_1185843"," 6","47.6741784"
"SCAFFOLD00089_767918"," 6","47.6743784"
"SCAFFOLD00089_1185816"," 6","47.6742784"
"SCAFFOLD00089_1409993"," 6","48.2626659"
"SCAFFOLD00089_1447208"," 6","48.2627659"
"SCAFFOLD00089_1359718"," 6","48.2628659"
"SCAFFOLD00089_1525832"," 6","48.8511490"
"SCAFFOLD00019_3250316"," 6","51.2059926"
"SCAFFOLD00019_3250351"," 6","51.2058926"
"SCAFFOLD00076.2_138"," 6","51.2057926"
"SCAFFOLD00075_1301750"," 6","51.2060926"
"SCAFFOLD00209_583296"," 6","51.2063926"
"SCAFFOLD00076.2_66"," 6","51.2062926"
"SCAFFOLD00209_276594"," 6","51.2061926"
"SCAFFOLD00054.1_108185"," 6","52.3830388"
"SCAFFOLD00209_317349"," 6","52.9713249"
"SCAFFOLD00053_19575"," 6","52.9714249"
"SCAFFOLD00053_882663"," 6","54.1480710"
"SCAFFOLD00053_393481"," 6","54.7365571"
"SCAFFOLD00053_341644"," 6","54.7364571"
"SCAFFOLD00053_750636"," 6","54.7363571"
"SCAFFOLD00053_755697"," 6","56.5020496"
"SCAFFOLD00053_892311"," 6","56.5019496"
"SCAFFOLD00053_1209437"," 6","57.6787942"
"SCAFFOLD00053_1225121"," 6","57.6786942"
"SCAFFOLD00053_1225235"," 6","58.2671818"
"SCAFFOLD00448_49463"," 6","58.2670818"
"SCAFFOLD00448_49451"," 6","59.4438280"
"SCAFFOLD00148_89437"," 6","60.0322141"
"SCAFFOLD00207_441262"," 6","60.0323141"
"SCAFFOLD00575_21684"," 6","60.0321141"
"SCAFFOLD00148_325703"," 6","60.6206017"
"SCAFFOLD00148_122996"," 6","61.2092892"
"SCAFFOLD00207_428179"," 6","61.2091892"
"SCAFFOLD00207_746561"," 6","61.2089892"
"SCAFFOLD00053_2103145"," 6","61.2090892"
"SCAFFOLD00148_738107"," 6","61.2088892"
"SCAFFOLD00016.2_567336"," 6","62.9746818"
"SCAFFOLD00016.2_42976"," 6","64.7400773"
"SCAFFOLD00148_1077896"," 6","65.3283574"
"SCAFFOLD00148_1015902"," 6","67.6830026"
"SCAFFOLD00084_1286467"," 6","69.4483952"
"SCAFFOLD00016.1_416313"," 6","70.6250399"
"SCAFFOLD00016.1_1145967"," 6","71.2134260"
"SCAFFOLD00016.1_1146048"," 6","71.2133260"
"SCAFFOLD00016.1_1261592"," 6","71.8017136"
"SCAFFOLD00016.1_483551"," 6","72.3899997"
"SCAFFOLD00155_49179"," 6","73.5666459"
"SCAFFOLD00155_362065"," 6","74.7433906"
"SCAFFOLD00155_374981"," 6","74.7432906"
"SCAFFOLD00140_884460"," 6","75.9200368"
"SCAFFOLD00140_668001"," 6","76.5084229"
"SCAFFOLD00155_988524"," 6","76.5083229"
"SCAFFOLD00155_305931"," 6","77.6850676"
"SCAFFOLD00138_932608"," 6","77.6851676"
"SCAFFOLD00138_241754"," 6","78.2734551"
"SCAFFOLD00138_241735"," 6","78.8617412"
"SCAFFOLD00138_70008"," 6","80.0383889"
"SCAFFOLD00138_417767"," 6","80.6266750"
"SCAFFOLD00138_765649"," 6","81.2150626"
"SCAFFOLD00138_666670"," 6","81.2151626"
"SCAFFOLD00138_865586"," 6","81.2149626"
