marker,consensus,LG
SCAFFOLD00040_259346,0,1
SCAFFOLD00098_568913,0.588,1
SCAFFOLD00098_131986,1.176,1
SCAFFOLD00098_131985,1.176,1
SCAFFOLD00098_131983,1.176,1
SCAFFOLD00359_121548,7.649000000000001,1
SCAFFOLD00040_1313853,7.649000000000001,1
SCAFFOLD00005_305694,8.239,1
SCAFFOLD00040_422248,8.239,1
SCAFFOLD00098_131976,8.239,1
SCAFFOLD00359_17623,8.239,1
SCAFFOLD00005_68211,8.239,1
SCAFFOLD00098_720261,8.827,1
SCAFFOLD00032.2_486632,8.827,1
SCAFFOLD00098_702702,8.827,1
SCAFFOLD00040_696216,8.827,1
SCAFFOLD00098_131973,8.827,1
SCAFFOLD00040_579530,8.827,1
SCAFFOLD00012.2_112895,8.827,1
SCAFFOLD00040_843110,9.415,1
SCAFFOLD00010_2345921,9.415,1
SCAFFOLD00005_340875,10.002999999999998,1
SCAFFOLD00005_305704,10.002999999999998,1
SCAFFOLD00005_344478,10.591,1
SCAFFOLD00005_386082,11.18,1
SCAFFOLD00040_2037425,11.18,1
SCAFFOLD00005_858034,11.18,1
SCAFFOLD00005_869103,11.18,1
SCAFFOLD00005_917382,11.18,1
SCAFFOLD00005_496990,11.18,1
SCAFFOLD00005_896846,11.18,1
SCAFFOLD00005_917298,11.18,1
SCAFFOLD00005_1261340,11.767,1
SCAFFOLD00005_1224311,12.355,1
SCAFFOLD00005_917383,12.358,1
SCAFFOLD00005_1488036,12.946000000000002,1
SCAFFOLD00005_1665760,12.946000000000002,1
SCAFFOLD00005_1341275,13.532,1
SCAFFOLD00005_1555097,13.532,1
SCAFFOLD00005_2062193,13.535,1
SCAFFOLD00005_1488023,14.12,1
SCAFFOLD00005_1665761,14.12,1
SCAFFOLD00005_2054833,14.123000000000001,1
SCAFFOLD00005_3276869,18.239999999999984,1
SCAFFOLD00005_3750624,18.239999999999984,1
SCAFFOLD00005_4399399,18.239999999999984,1
SCAFFOLD00005_3392432,18.239999999999984,1
SCAFFOLD00005_4399418,19.414999999999985,1
SCAFFOLD00005_3084795,19.415999999999983,1
SCAFFOLD00005_4312457,20.004999999999985,1
SCAFFOLD00005_3935472,20.004999999999985,1
SCAFFOLD00005_4399468,20.007,1
SCAFFOLD00005_3935453,20.007,1
SCAFFOLD00005_3750631,20.007,1
SCAFFOLD00005_4092984,20.592999999999982,1
SCAFFOLD00005_4549436,21.769999999999982,1
SCAFFOLD00005_4465968,21.769999999999982,1
SCAFFOLD00005_4973154,21.769999999999982,1
SCAFFOLD00265_406763,23.534999999999982,1
SCAFFOLD00146_852668,23.534999999999982,1
SCAFFOLD00016.1_335319,23.534999999999982,1
SCAFFOLD00005_4952951,24.122999999999983,1
SCAFFOLD00015.1_1017755,24.711999999999982,1
SCAFFOLD00192_338267,24.711999999999986,1
SCAFFOLD00005_4953069,25.299999999999983,1
SCAFFOLD00192_341063,27.065999999999985,1
SCAFFOLD00009.1_325176,27.653999999999982,1
SCAFFOLD00192_411324,27.654999999999987,1
SCAFFOLD00009.1_554129,27.654999999999987,1
SCAFFOLD00009.1_554180,28.832999999999984,1
SCAFFOLD00009.1_259699,29.420999999999985,1
SCAFFOLD00009.1_322981,30.008999999999986,1
SCAFFOLD00009.1_176592,30.597999999999985,1
SCAFFOLD00009.1_527188,30.597999999999985,1
SCAFFOLD00009.1_725587,31.18499999999998,1
SCAFFOLD00009.1_725601,31.18499999999998,1
SCAFFOLD00009.1_1301262,32.362999999999985,1
SCAFFOLD00009.1_1129462,32.362999999999985,1
SCAFFOLD00009.1_1542758,32.950999999999986,1
SCAFFOLD00009.1_2479779,33.53899999999998,1
SCAFFOLD00009.1_2389722,33.53899999999999,1
SCAFFOLD00009.1_2207345,35.304999999999986,1
SCAFFOLD00678_2651,35.30499999999999,1
SCAFFOLD00009.1_2208281,35.89299999999999,1
SCAFFOLD00127_197445,36.48099999999998,1
SCAFFOLD00039_2549528,37.06999999999999,1
SCAFFOLD00009.2_1321354,37.65799999999998,1
SCAFFOLD00009.2_1064839,37.65799999999999,1
SCAFFOLD00349_117078,38.246999999999986,1
SCAFFOLD00349_117094,39.42299999999999,1
SCAFFOLD00009.2_1461508,40.011999999999986,1
SCAFFOLD00009.2_1262444,41.188999999999986,1
SCAFFOLD00009.2_1552674,41.188999999999986,1
SCAFFOLD00009.2_1118690,41.188999999999986,1
SCAFFOLD00349_148603,41.77699999999998,1
SCAFFOLD00320_96903,41.777999999999984,1
SCAFFOLD00167_714453,42.953999999999986,1
SCAFFOLD00167_914960,42.953999999999986,1
SCAFFOLD00178_861504,42.953999999999986,1
SCAFFOLD00167_807914,43.54199999999999,1
SCAFFOLD00323_108752,43.54299999999999,1
SCAFFOLD00037.1_2183587,44.130999999999986,1
SCAFFOLD00037.1_2094371,44.130999999999986,1
SCAFFOLD00037.1_1952615,44.130999999999986,1
SCAFFOLD00178_861475,44.719999999999985,1
SCAFFOLD00037.1_2183668,45.896999999999984,1
SCAFFOLD00037.1_722563,45.896999999999984,1
SCAFFOLD00254_272378,46.48399999999999,1
SCAFFOLD00037.1_2183624,46.484999999999985,1
SCAFFOLD00037.1_702579,46.484999999999985,1
SCAFFOLD00037.1_1417122,46.48599999999998,1
SCAFFOLD00037.1_2179545,47.072999999999986,1
SCAFFOLD00167_118080,47.66099999999999,1
SCAFFOLD00320_8820,47.66099999999999,1
SCAFFOLD00037.1_2180000,47.66099999999999,1
SCAFFOLD00254_429290,47.66099999999999,1
SCAFFOLD00037.1_2091010,47.66099999999999,1
SCAFFOLD00167_915015,47.66199999999999,1
SCAFFOLD00254_272448,48.249999999999986,1
SCAFFOLD00178_300573,48.249999999999986,1
SCAFFOLD00178_928248,48.83799999999999,1
SCAFFOLD00037.1_2089679,48.83799999999999,1
SCAFFOLD00072_521499,49.426999999999985,1
SCAFFOLD00037.2_86302,50.014999999999986,1
SCAFFOLD00037.2_83997,50.60299999999999,1
SCAFFOLD00424_107786,50.60299999999999,1
SCAFFOLD00037.1_296714,51.19099999999999,1
SCAFFOLD00037.1_573984,51.78299999999998,1
SCAFFOLD00037.1_578886,51.783999999999985,1
SCAFFOLD00082_1505907,53.545999999999985,1
SCAFFOLD00082_1108578,54.72299999999999,1
SCAFFOLD00187_524944,55.89899999999999,1
SCAFFOLD00458_62229,55.89899999999999,1
SCAFFOLD00187_334411,55.89999999999999,1
SCAFFOLD00187_191309,55.90399999999999,1
SCAFFOLD00187_178254,56.49199999999998,1
SCAFFOLD00174_24783,56.49199999999998,1
SCAFFOLD00187_675564,56.49199999999998,1
SCAFFOLD00187_828759,57.66499999999999,1
SCAFFOLD00127_187283,57.66499999999999,1
SCAFFOLD00187_785204,57.66499999999999,1
SCAFFOLD00187_298129,57.66499999999999,1
SCAFFOLD00082_1086951,57.66499999999999,1
SCAFFOLD00082_1297667,57.66499999999999,1
SCAFFOLD00082_1297660,57.66499999999999,1
SCAFFOLD00187_273223,57.66499999999999,1
SCAFFOLD00187_349675,57.66499999999999,1
SCAFFOLD00252_364958,58.84099999999999,1
SCAFFOLD00099_57061,58.84099999999999,1
SCAFFOLD00004.2_1244960,60.606999999999985,1
SCAFFOLD00099_1134897,60.606999999999985,1
SCAFFOLD00099_500319,60.606999999999985,1
SCAFFOLD00099_1391019,60.606999999999985,1
SCAFFOLD00014.2_1177,60.606999999999985,1
SCAFFOLD00004.2_1631563,61.194999999999986,1
SCAFFOLD00004.2_1245011,61.194999999999986,1
SCAFFOLD00252_447183,61.19499999999999,1
SCAFFOLD00099_267896,61.783,1
SCAFFOLD00004.2_1135386,61.78399999999999,1
SCAFFOLD00004.2_689893,62.95999999999999,1
SCAFFOLD00099_266006,62.959999999999994,1
SCAFFOLD00004.2_473233,64.13699999999999,1
SCAFFOLD00099_1320389,64.137,1
SCAFFOLD00099_752269,65.313,1
SCAFFOLD00004.1_23922,65.314,1
SCAFFOLD00004.1_1751396,65.314,1
SCAFFOLD00004.1_3091421,65.314,1
SCAFFOLD00004.1_1991582,65.314,1
SCAFFOLD00198_420763,65.314,1
SCAFFOLD00004.1_3100781,65.314,1
SCAFFOLD00259_186382,65.314,1
SCAFFOLD00004.2_1103832,65.902,1
SCAFFOLD00078_241433,65.902,1
SCAFFOLD00125_1133054,65.902,1
SCAFFOLD00004.1_848601,65.90299999999999,1
SCAFFOLD00111.1_189232,67.078,1
SCAFFOLD00198_302597,67.079,1
SCAFFOLD00004.1_3317964,67.079,1
SCAFFOLD00004.1_824373,67.667,1
SCAFFOLD00198_661008,67.667,1
SCAFFOLD00199_488236,67.66799999999999,1
SCAFFOLD00078_1293713,68.844,1
SCAFFOLD00044_723442,69.432,1
SCAFFOLD00004.1_1751405,69.432,1
SCAFFOLD00044_723448,69.432,1
SCAFFOLD00078_1360363,69.432,1
SCAFFOLD00084_1286486,69.432,1
SCAFFOLD00078_1754757,69.432,1
SCAFFOLD00078_520782,69.432,1
SCAFFOLD00078_832196,70.02,1
SCAFFOLD00396_78367,70.02,1
SCAFFOLD00078_1754721,70.02,1
SCAFFOLD00199_488153,70.02,1
SCAFFOLD00078_872688,70.02,1
SCAFFOLD00137_424560,70.02000000000001,1
SCAFFOLD00078_968920,70.02000000000001,1
SCAFFOLD00078_872725,70.02000000000001,1
SCAFFOLD00078_1061930,70.02000000000001,1
SCAFFOLD00044_1134633,70.02000000000001,1
SCAFFOLD00125_998108,70.021,1
SCAFFOLD00125_398902,70.609,1
SCAFFOLD00151.1_269843,70.609,1
SCAFFOLD00078_1706366,70.609,1
SCAFFOLD00078_1333375,70.609,1
SCAFFOLD00111.2_930862,70.609,1
SCAFFOLD00133_502843,70.609,1
SCAFFOLD00111.2_877527,70.609,1
SCAFFOLD00078_1656756,70.609,1
SCAFFOLD00125_1343860,70.609,1
SCAFFOLD00078_1706439,70.609,1
SCAFFOLD00125_1001504,71.19699999999999,1
SCAFFOLD00125_1342593,71.19699999999999,1
SCAFFOLD00125_829500,71.19699999999999,1
SCAFFOLD00198_566297,71.19699999999999,1
SCAFFOLD00004.1_20386,71.19699999999999,1
SCAFFOLD00125_10313,71.786,1
SCAFFOLD00111.1_388151,71.786,1
SCAFFOLD00111.1_388009,71.786,1
SCAFFOLD00111.1_385512,71.786,1
SCAFFOLD00111.2_140577,72.963,1
SCAFFOLD00111.2_140649,72.963,1
SCAFFOLD00111.1_282511,72.963,1
SCAFFOLD00111.1_266940,73.551,1
SCAFFOLD00071_1710339,74.72699999999999,1
SCAFFOLD00071_1259599,74.728,1
SCAFFOLD00071_1514340,74.728,1
SCAFFOLD00450_32687,74.728,1
SCAFFOLD00071_1709938,74.728,1
SCAFFOLD00039_987298,74.728,1
SCAFFOLD00071_937115,75.317,1
SCAFFOLD00111.2_69,75.317,1
SCAFFOLD00111.2_12679,75.317,1
SCAFFOLD00071_1464025,75.317,1
SCAFFOLD00026.3_171730,75.317,1
SCAFFOLD00071_877274,75.905,1
SCAFFOLD00071_704268,75.906,1
SCAFFOLD00071_708807,75.906,1
SCAFFOLD00071_704014,75.906,1
SCAFFOLD00071_453772,75.906,1
SCAFFOLD00071_618055,76.493,1
SCAFFOLD00071_453138,79.438,1
SCAFFOLD00071_173700,79.438,1
SCAFFOLD00071_620140,79.438,1
SCAFFOLD00071_469301,79.438,1
SCAFFOLD00062_1845195,80.61500000000001,1
SCAFFOLD00062_1082989,81.203,1
SCAFFOLD00062_1013528,81.20400000000001,1
SCAFFOLD00062_1301193,81.20400000000001,1
SCAFFOLD00062_1528573,81.79299999999999,1
SCAFFOLD00062_1845170,82.969,1
SCAFFOLD00062_820133,83.55799999999999,1
SCAFFOLD00062_817322,84.146,1
SCAFFOLD00062_940498,84.734,1
SCAFFOLD00062_820191,84.734,1
SCAFFOLD00062_817321,84.734,1
SCAFFOLD00062_817272,84.734,1
SCAFFOLD00062_820166,84.734,1
SCAFFOLD00062_447424,85.91099999999999,1
SCAFFOLD00062_1013620,85.911,1
SCAFFOLD00062_227944,86.499,1
SCAFFOLD00062_222086,86.499,1
SCAFFOLD00107_1428129,87.088,1
SCAFFOLD00062_227927,87.088,1
SCAFFOLD00107_895241,87.67599999999999,1
SCAFFOLD00107_895297,88.264,1
SCAFFOLD00107_1402512,88.264,1
SCAFFOLD00107_897484,88.26499999999999,1
SCAFFOLD00107_687399,88.853,1
SCAFFOLD00107_588141,88.853,1
SCAFFOLD00107_236957,88.853,1
SCAFFOLD00107_751255,88.853,1
SCAFFOLD00107_751271,89.44099999999999,1
SCAFFOLD00107_588085,89.441,1
SCAFFOLD00107_53545,89.441,1
SCAFFOLD00107_53566,90.029,1
SCAFFOLD00107_244785,90.02999999999999,1
SCAFFOLD00114_1154736,91.20599999999999,1
SCAFFOLD00114_1323824,91.79499999999999,1
SCAFFOLD00114_929159,91.79499999999999,1
SCAFFOLD00114_866127,91.79499999999999,1
SCAFFOLD00489_58428,91.79499999999999,1
SCAFFOLD00114_1323752,91.79499999999999,1
SCAFFOLD00107_588112,91.795,1
SCAFFOLD00114_414925,92.383,1
SCAFFOLD00114_686159,93.56,1
SCAFFOLD00196_43163,95.913,1
SCAFFOLD00196_90738,95.913,1
SCAFFOLD00114_493734,95.913,1
SCAFFOLD00196_828201,95.913,1
SCAFFOLD00114_270897,95.913,1
SCAFFOLD00367_41268,95.915,1
SCAFFOLD00114_207129,95.915,1
SCAFFOLD00367_52911,95.915,1
SCAFFOLD00196_828090,95.915,1
SCAFFOLD00204_446804,97.67899999999999,1
SCAFFOLD00059_209621,97.67899999999999,1
SCAFFOLD00033.1_720366,97.67899999999999,1
SCAFFOLD00296_254673,97.67899999999999,1
SCAFFOLD00196_43220,97.67899999999999,1
SCAFFOLD00033.1_720254,97.67899999999999,1
SCAFFOLD00196_653604,97.67899999999999,1
SCAFFOLD00059_1811093,98.268,1
SCAFFOLD00196_591137,98.268,1
SCAFFOLD00197_635687,98.268,1
SCAFFOLD00204_15216,98.268,1
SCAFFOLD00059_313397,98.268,1
SCAFFOLD00296_293759,98.268,1
SCAFFOLD00059_1671900,98.268,1
SCAFFOLD00059_1811155,100.033,1
SCAFFOLD00028_27033,100.033,1
SCAFFOLD00296_95473,115.927,1
SCAFFOLD00059_221485,117.103,1
SCAFFOLD00197_95729,117.692,1
SCAFFOLD00197_95601,117.692,1
SCAFFOLD00059_36022,117.692,1
SCAFFOLD00197_635596,117.692,1
SCAFFOLD00197_767706,118.28,1
SCAFFOLD00075_211820,0,2
SCAFFOLD00443_50834,0,2
SCAFFOLD00075_691929,0.5889999999999989,2
SCAFFOLD00075_1523388,0.5889999999999989,2
SCAFFOLD00075_127625,0.5889999999999991,2
SCAFFOLD00075_785248,0.5889999999999991,2
SCAFFOLD00075_853701,0.5889999999999991,2
SCAFFOLD00075_930470,1.765999999999999,2
SCAFFOLD00075_1523437,1.765999999999999,2
SCAFFOLD00075_1661064,2.353999999999999,2
SCAFFOLD00223_105262,2.942999999999999,2
SCAFFOLD00375_80489,2.9429999999999996,2
SCAFFOLD00223_424388,3.530999999999999,2
SCAFFOLD00375_6057,4.119,2
SCAFFOLD00132_959991,4.707999999999998,2
SCAFFOLD00223_510322,5.885,2
SCAFFOLD00132_774480,7.651999999999999,2
SCAFFOLD00132_293132,9.995000000000001,2
SCAFFOLD00113_1297609,11.171000000000001,2
SCAFFOLD00113_943953,11.773,2
SCAFFOLD00113_613253,12.353999999999997,2
SCAFFOLD00113_660328,14.711999999999998,2
SCAFFOLD00113_580239,14.711999999999998,2
SCAFFOLD00083_574603,15.888999999999998,2
SCAFFOLD00083_1640814,16.476999999999997,2
SCAFFOLD00083_1099535,17.064999999999998,2
SCAFFOLD00605_44739,18.241999999999997,2
SCAFFOLD00226_661319,18.826,2
SCAFFOLD00083_1099613,18.826,2
SCAFFOLD00072_1776458,18.83,2
SCAFFOLD00083_1099636,19.419999999999995,2
SCAFFOLD00072_1776436,20.006999999999998,2
SCAFFOLD00083_837124,20.008999999999993,2
SCAFFOLD00083_145089,20.596999999999994,2
SCAFFOLD00072_1100581,21.183,2
SCAFFOLD00072_1485648,21.183999999999997,2
SCAFFOLD00072_632464,21.772,2
SCAFFOLD00226_215649,24.131999999999994,2
SCAFFOLD00286_134526,25.892,2
SCAFFOLD00490_70747,25.892,2
SCAFFOLD00072_278294,25.892,2
SCAFFOLD00286_178709,25.892,2
SCAFFOLD00072_664944,26.485999999999994,2
SCAFFOLD00072_451752,27.067999999999998,2
SCAFFOLD00072_617984,27.662999999999997,2
SCAFFOLD00072_846579,27.662999999999997,2
SCAFFOLD00270_283157,28.244999999999997,2
SCAFFOLD00410_65912,28.250999999999994,2
SCAFFOLD00133_649385,29.421999999999997,2
SCAFFOLD00001.5_348622,29.427999999999994,2
SCAFFOLD00146_661365,29.427999999999994,2
SCAFFOLD00049.2_1133489,30.015999999999995,2
SCAFFOLD00565_56473,31.192999999999994,2
SCAFFOLD00146_196092,31.776,2
SCAFFOLD00146_226174,32.364999999999995,2
SCAFFOLD00173_393361,34.739,2
SCAFFOLD00176_147682,35.916,2
SCAFFOLD00234_620856,36.510000000000005,2
SCAFFOLD00234_559813,37.092999999999996,2
SCAFFOLD00234_490516,37.098,2
SCAFFOLD00234_620851,37.098,2
SCAFFOLD00173_39682,38.274,2
SCAFFOLD00357_73781,38.274,2
SCAFFOLD00234_432415,38.858,2
SCAFFOLD00279_173732,38.863,2
SCAFFOLD00357_73747,38.863,2
SCAFFOLD00173_956620,38.863,2
SCAFFOLD00173_677416,38.863,2
SCAFFOLD00279_173604,38.863,2
SCAFFOLD00279_397952,40.62799999999999,2
SCAFFOLD00279_240514,41.215999999999994,2
SCAFFOLD00048_849220,43.56999999999999,2
SCAFFOLD00052_938514,44.157,2
SCAFFOLD00026.1_338081,44.747,2
SCAFFOLD00026.1_540373,44.747,2
SCAFFOLD00026.1_338357,45.334999999999994,2
SCAFFOLD00026.1_1165237,45.922999999999995,2
SCAFFOLD00026.2_126,45.924,2
SCAFFOLD00026.1_1087925,45.924,2
SCAFFOLD00026.1_1165243,46.510999999999996,2
SCAFFOLD00259_284195,46.510999999999996,2
SCAFFOLD00026.2_281311,46.510999999999996,2
SCAFFOLD00026.2_908766,46.510999999999996,2
SCAFFOLD00259_284201,46.51199999999999,2
SCAFFOLD00026.1_1273838,46.51199999999999,2
SCAFFOLD00026.2_908759,47.1,2
SCAFFOLD00049.2_596251,47.1,2
SCAFFOLD00026.2_908504,47.1,2
SCAFFOLD00026.1_1165247,47.101,2
SCAFFOLD00026.3_409975,47.689,2
SCAFFOLD00026.3_444654,47.689,2
SCAFFOLD00026.3_96972,47.689,2
SCAFFOLD00026.2_565428,47.689,2
SCAFFOLD00026.3_444574,47.689,2
SCAFFOLD00026.3_97512,48.278,2
SCAFFOLD00001.2_1305610,48.278,2
SCAFFOLD00039_1889087,48.866,2
SCAFFOLD00665_6115,48.866,2
SCAFFOLD00111.1_290821,48.866,2
SCAFFOLD00026.2_909167,48.866,2
SCAFFOLD00039_2434417,49.45399999999999,2
SCAFFOLD00039_1849894,49.45399999999999,2
SCAFFOLD00039_1697988,49.45399999999999,2
SCAFFOLD00026.3_585944,49.45399999999999,2
SCAFFOLD00251_224420,49.45399999999999,2
SCAFFOLD00039_1946727,49.45399999999999,2
SCAFFOLD00039_1190619,49.45399999999999,2
SCAFFOLD00026.3_572227,49.45399999999999,2
SCAFFOLD00008_2077735,49.45399999999999,2
SCAFFOLD00251_224282,49.45399999999999,2
SCAFFOLD00039_1942719,49.45399999999999,2
SCAFFOLD00165_45698,49.45399999999999,2
SCAFFOLD00129_1181293,49.455,2
SCAFFOLD00092_792762,49.455,2
SCAFFOLD00039_1187551,50.04299999999999,2
SCAFFOLD00039_1512893,50.04299999999999,2
SCAFFOLD00129_65405,50.04299999999999,2
SCAFFOLD00039_105294,50.04299999999999,2
SCAFFOLD00129_968696,50.043,2
SCAFFOLD00039_1078463,50.044,2
SCAFFOLD00039_2712200,50.63199999999999,2
SCAFFOLD00165_701982,51.809,2
SCAFFOLD00165_977969,51.809,2
SCAFFOLD00165_702073,51.809,2
SCAFFOLD00406_48743,51.809,2
SCAFFOLD00129_1088033,52.395999999999994,2
SCAFFOLD00314_88389,52.395999999999994,2
SCAFFOLD00314_179841,52.395999999999994,2
SCAFFOLD00129_1214215,52.395999999999994,2
SCAFFOLD00039_2434418,52.395999999999994,2
SCAFFOLD00039_1190661,52.395999999999994,2
SCAFFOLD00036.2_968209,52.98499999999999,2
SCAFFOLD00036.2_2008,54.160999999999994,2
SCAFFOLD00036.2_968197,54.162,2
SCAFFOLD00036.2_1538366,54.162,2
SCAFFOLD00036.2_1026651,54.162,2
SCAFFOLD00036.2_934881,54.751,2
SCAFFOLD00036.2_167186,55.339,2
SCAFFOLD00036.2_579057,55.339,2
SCAFFOLD00036.1_243861,57.10399999999999,2
SCAFFOLD00118_1310878,57.10399999999999,2
SCAFFOLD00118_1310838,57.10399999999999,2
SCAFFOLD00036.1_525442,57.10399999999999,2
SCAFFOLD00118_1298049,57.10399999999999,2
SCAFFOLD00036.1_414988,57.10399999999999,2
SCAFFOLD00036.1_41130,57.10399999999999,2
SCAFFOLD00118_980984,57.69199999999999,2
SCAFFOLD00118_981013,59.457999999999984,2
SCAFFOLD00118_454395,61.22300000000001,2
SCAFFOLD00118_454407,61.22300000000001,2
SCAFFOLD00118_588323,61.811000000000014,2
SCAFFOLD00270_54961,62.40199999999999,2
SCAFFOLD00270_382203,62.988000000000014,2
SCAFFOLD00270_81304,63.576000000000015,2
SCAFFOLD00090_98682,64.16799999999999,2
SCAFFOLD00001.2_140282,64.75599999999999,2
SCAFFOLD00208_561367,64.75599999999999,2
SCAFFOLD00166_876887,65.93100000000001,2
SCAFFOLD00368_165483,66.519,2
SCAFFOLD00230_45205,67.11099999999999,2
SCAFFOLD00230_241129,67.69899999999998,2
SCAFFOLD00368_145875,69.464,2
SCAFFOLD00166_880221,70.05299999999998,2
SCAFFOLD00346_203079,70.64,2
SCAFFOLD00455_54305,70.64099999999999,2
SCAFFOLD00368_145927,71.81799999999998,2
SCAFFOLD00345_217253,72.995,2
SCAFFOLD00346_94615,72.995,2
SCAFFOLD00345_233139,72.995,2
SCAFFOLD00345_113305,73.583,2
SCAFFOLD00154_1036036,74.172,2
SCAFFOLD00154_344242,74.76,2
SCAFFOLD00154_100138,74.76,2
SCAFFOLD00237_96765,74.76,2
SCAFFOLD00154_653187,75.349,2
SCAFFOLD00154_664801,75.349,2
SCAFFOLD00154_933257,75.349,2
SCAFFOLD00189_658378,76.525,2
SCAFFOLD00204_446857,76.525,2
SCAFFOLD00189_577647,76.52600000000001,2
SCAFFOLD00189_90574,77.702,2
SCAFFOLD00343_144169,78.28999999999999,2
SCAFFOLD00012.2_631094,79.467,2
SCAFFOLD00012.2_253212,80.055,2
SCAFFOLD00010_3535478,80.056,2
SCAFFOLD00189_35406,80.644,2
SCAFFOLD00189_145140,81.232,2
SCAFFOLD00012.1_546830,81.821,2
SCAFFOLD00012.3_214280,81.821,2
SCAFFOLD00012.1_738606,82.997,2
SCAFFOLD00012.1_738600,83.58599999999998,2
SCAFFOLD00012.1_802301,83.58599999999998,2
SCAFFOLD00115_826384,84.76299999999999,2
SCAFFOLD00012.1_553553,84.763,2
SCAFFOLD00115_167473,85.351,2
SCAFFOLD00225_235459,85.94,2
SCAFFOLD00115_259043,85.94,2
SCAFFOLD00115_167303,85.94,2
SCAFFOLD00115_639524,86.52799999999999,2
SCAFFOLD00225_235532,86.52799999999999,2
SCAFFOLD00225_166500,86.52799999999999,2
SCAFFOLD00261_269715,86.52799999999999,2
SCAFFOLD00115_609419,86.52799999999999,2
SCAFFOLD00115_1175046,87.11599999999999,2
SCAFFOLD00419_37893,87.704,2
SCAFFOLD00193_764668,88.88099999999999,2
SCAFFOLD00225_267306,93.005,2
SCAFFOLD00115_580942,93.005,2
SCAFFOLD00217_590288,0,3
SCAFFOLD00011_2062286,0,3
SCAFFOLD00011_3869236,0.588,3
SCAFFOLD00011_3077436,0.588,3
SCAFFOLD00033.1_558090,0.588,3
SCAFFOLD00001.2_905609,0.5880000000000001,3
SCAFFOLD00011_3148826,1.176,3
SCAFFOLD00011_3051620,1.176,3
SCAFFOLD00011_2479724,1.176,3
SCAFFOLD00011_3465385,1.176,3
SCAFFOLD00101_1162881,1.176,3
SCAFFOLD00011_3237588,1.764,3
SCAFFOLD00011_1205298,5.896000000000001,3
SCAFFOLD00011_822545,6.484000000000002,3
SCAFFOLD00332_63470,6.484000000000002,3
SCAFFOLD00029_260536,7.660999999999998,3
SCAFFOLD00332_233320,8.250000000000002,3
SCAFFOLD00305_161376,8.838000000000001,3
SCAFFOLD00029_132565,9.426000000000002,3
SCAFFOLD00029_119260,9.427000000000001,3
SCAFFOLD00029_528679,10.015000000000002,3
SCAFFOLD00029_333117,10.015000000000002,3
SCAFFOLD00029_683175,12.370000000000001,3
SCAFFOLD00011_2262834,12.370000000000001,3
SCAFFOLD00029_1294130,12.380999999999998,3
SCAFFOLD00029_1399823,14.135000000000002,3
SCAFFOLD00029_1419936,14.135000000000002,3
SCAFFOLD00029_1639564,14.734999999999998,3
SCAFFOLD00029_1376085,15.311000000000002,3
SCAFFOLD00029_1992943,15.323999999999998,3
SCAFFOLD00029_1619414,15.9,3
SCAFFOLD00029_2415814,15.9,3
SCAFFOLD00029_2248327,16.488,3
SCAFFOLD00042.2_719015,16.499999999999996,3
SCAFFOLD00032.2_378082,17.077,3
SCAFFOLD00029_2780908,17.089,3
SCAFFOLD00032.2_564467,17.665,3
SCAFFOLD00029_2248337,17.665,3
SCAFFOLD00029_2990360,17.665,3
SCAFFOLD00032.1_2243756,20.020000000000003,3
SCAFFOLD00032.1_2129236,21.792000000000005,3
SCAFFOLD00032.1_1569254,22.380000000000006,3
SCAFFOLD00165_298087,23.557000000000006,3
SCAFFOLD00032.1_1938744,24.145000000000007,3
SCAFFOLD00032.1_1734836,25.322000000000006,3
SCAFFOLD00032.1_960166,27.087000000000003,3
SCAFFOLD00032.1_692514,28.264000000000006,3
SCAFFOLD00316_78400,28.852000000000004,3
SCAFFOLD00015.1_166227,28.871000000000006,3
SCAFFOLD00015.1_313580,29.441000000000006,3
SCAFFOLD00015.1_735096,30.029000000000003,3
SCAFFOLD00015.1_1017879,31.206000000000007,3
SCAFFOLD00015.1_698051,31.206000000000007,3
SCAFFOLD00015.1_1184690,31.206000000000007,3
SCAFFOLD00015.1_1174482,32.971000000000004,3
SCAFFOLD00015.1_1372271,32.971000000000004,3
SCAFFOLD00015.1_1372285,32.971000000000004,3
SCAFFOLD00015.1_1356631,32.971000000000004,3
SCAFFOLD00015.1_1174437,32.971000000000004,3
SCAFFOLD00114_854684,34.147999999999996,3
SCAFFOLD00015.2_223147,35.913,3
SCAFFOLD00015.2_417090,35.913,3
SCAFFOLD00015.2_1230056,35.913,3
SCAFFOLD00015.1_1333334,35.916000000000004,3
SCAFFOLD00015.1_1333232,35.916000000000004,3
SCAFFOLD00015.2_1223687,37.089999999999996,3
SCAFFOLD00015.2_1731386,37.678,3
SCAFFOLD00015.2_244632,38.861000000000004,3
SCAFFOLD00015.2_311318,38.861000000000004,3
SCAFFOLD00015.2_245751,39.449000000000005,3
SCAFFOLD00015.2_330265,39.449000000000005,3
SCAFFOLD00015.2_1878480,40.037,3
SCAFFOLD00015.2_1930505,41.214,3
SCAFFOLD00213_452496,41.214,3
SCAFFOLD00213_452494,43.573,3
SCAFFOLD00015.2_1410431,43.573,3
SCAFFOLD00182_91357,44.160999999999994,3
SCAFFOLD00213_597683,44.162,3
SCAFFOLD00015.2_1505789,44.162,3
SCAFFOLD00213_585841,44.162,3
SCAFFOLD00213_64186,44.75,3
SCAFFOLD00191_19061,47.108000000000004,3
SCAFFOLD00004.2_535116,48.285000000000004,3
SCAFFOLD00191_44801,48.285000000000004,3
SCAFFOLD00191_435084,49.461,3
SCAFFOLD00191_300947,50.05,3
SCAFFOLD00024.1_36601,51.227000000000004,3
SCAFFOLD00024.2_1987696,51.815,3
SCAFFOLD00079.1_581305,52.992,3
SCAFFOLD00079.2_278488,52.992000000000004,3
SCAFFOLD00079.2_120062,52.992000000000004,3
SCAFFOLD00079.2_661292,52.992000000000004,3
SCAFFOLD00079.1_140834,53.581,3
SCAFFOLD00017_2206770,53.581,3
SCAFFOLD00024.2_717871,54.168,3
SCAFFOLD00208_520221,54.169000000000004,3
SCAFFOLD00079.2_367684,54.169000000000004,3
SCAFFOLD00704_40493,54.169000000000004,3
SCAFFOLD00363_70739,54.169000000000004,3
SCAFFOLD00024.2_705323,54.169000000000004,3
SCAFFOLD00363_70568,54.169000000000004,3
SCAFFOLD00168_790206,54.169000000000004,3
SCAFFOLD00079.2_120034,54.169000000000004,3
SCAFFOLD00087_1341373,54.169000000000004,3
SCAFFOLD00079.2_63511,54.757000000000005,3
SCAFFOLD00168_402160,54.758,3
SCAFFOLD00079.2_586980,55.346000000000004,3
SCAFFOLD00208_520157,55.346000000000004,3
SCAFFOLD00306_329952,55.346000000000004,3
SCAFFOLD00363_70592,55.346000000000004,3
SCAFFOLD00208_278503,55.346000000000004,3
SCAFFOLD00094_1176019,55.346000000000004,3
SCAFFOLD00094_789449,55.346000000000004,3
SCAFFOLD00208_284835,55.346000000000004,3
SCAFFOLD00208_671699,55.346000000000004,3
SCAFFOLD00168_717279,55.346000000000004,3
SCAFFOLD00208_284700,55.346000000000004,3
SCAFFOLD00208_296260,55.346000000000004,3
SCAFFOLD00208_296356,55.346000000000004,3
SCAFFOLD00203_674221,55.346000000000004,3
SCAFFOLD00094_211544,55.346000000000004,3
SCAFFOLD00168_764089,55.346000000000004,3
SCAFFOLD00208_693374,55.346000000000004,3
SCAFFOLD00203_305718,55.346000000000004,3
SCAFFOLD00079.1_366601,55.346000000000004,3
SCAFFOLD00208_296314,55.346000000000004,3
SCAFFOLD00024.1_200695,55.346000000000004,3
SCAFFOLD00168_678076,55.346000000000004,3
SCAFFOLD00024.1_568167,55.346000000000004,3
SCAFFOLD00220_191672,55.346000000000004,3
SCAFFOLD00168_790202,55.346000000000004,3
SCAFFOLD00203_659657,55.346000000000004,3
SCAFFOLD00094_29911,56.522000000000006,3
SCAFFOLD00094_1456764,56.522000000000006,3
SCAFFOLD00094_1381830,56.522000000000006,3
SCAFFOLD00156_428178,56.522000000000006,3
SCAFFOLD00096_560993,56.522000000000006,3
SCAFFOLD00094_1531557,56.522000000000006,3
SCAFFOLD00156_300957,56.52300000000001,3
SCAFFOLD00156_127606,56.52300000000001,3
SCAFFOLD00156_865199,57.111000000000004,3
SCAFFOLD00096_267508,57.111000000000004,3
SCAFFOLD00319_106152,57.111000000000004,3
SCAFFOLD00096_548323,57.111000000000004,3
SCAFFOLD00156_890405,57.111000000000004,3
SCAFFOLD00319_106145,57.111000000000004,3
SCAFFOLD00017_2528946,57.111000000000004,3
SCAFFOLD00156_399001,57.111000000000004,3
SCAFFOLD00096_330369,57.111000000000004,3
SCAFFOLD00096_1537391,60.646,3
SCAFFOLD00095_529909,63.001000000000005,3
SCAFFOLD00095_886706,65.947,3
SCAFFOLD00369_65418,68.303,3
SCAFFOLD00218_335659,68.89099999999999,3
SCAFFOLD00218_735067,69.48,3
SCAFFOLD00218_432897,69.48,3
SCAFFOLD00691_40254,70.068,3
SCAFFOLD00001.6_26400,70.656,3
SCAFFOLD00001.6_26439,71.83300000000001,3
SCAFFOLD00001.6_632841,73.01,3
SCAFFOLD00001.6_859220,73.59800000000001,3
SCAFFOLD00001.6_484820,73.59800000000001,3
SCAFFOLD00001.6_1295334,73.59800000000001,3
SCAFFOLD00001.6_1580597,74.186,3
SCAFFOLD00001.6_1295345,75.93399999999998,3
SCAFFOLD00001.6_1295343,75.93399999999998,3
SCAFFOLD00055_935550,75.93499999999999,3
SCAFFOLD00157_334501,75.93499999999999,3
SCAFFOLD00039_1184539,76.52299999999998,3
SCAFFOLD00055_933195,77.69899999999998,3
SCAFFOLD00157_680057,77.69999999999999,3
SCAFFOLD00093.2_559011,78.87699999999998,3
SCAFFOLD00157_978216,79.46499999999999,3
SCAFFOLD00093.1_40884,79.46499999999999,3
SCAFFOLD00093.1_297559,80.053,3
SCAFFOLD00057.1_1109205,80.053,3
SCAFFOLD00157_334535,80.05399999999999,3
SCAFFOLD00157_334598,80.05399999999999,3
SCAFFOLD00336_175629,80.05399999999999,3
SCAFFOLD00093.2_158159,80.05399999999999,3
SCAFFOLD00139_893308,91.29,3
SCAFFOLD00093.1_410606,91.29,3
SCAFFOLD00093.1_478573,91.29,3
SCAFFOLD00139_837149,91.29,3
SCAFFOLD00268_410159,0,4
SCAFFOLD00302_294827,0.016000000000000014,4
SCAFFOLD00066_1806269,0.016000000000000014,4
SCAFFOLD00068.2_517209,0.588000000000001,4
SCAFFOLD00150_193795,0.588000000000001,4
SCAFFOLD00268_339752,1.1929999999999978,4
SCAFFOLD00268_410155,2.368999999999998,4
SCAFFOLD00302_314632,2.368999999999998,4
SCAFFOLD00068.2_959433,2.3690000000000015,4
SCAFFOLD00268_385160,4.723999999999998,4
SCAFFOLD00150_387696,4.723999999999998,4
SCAFFOLD00164_671982,4.723999999999998,4
SCAFFOLD00021_3109644,4.723999999999998,4
SCAFFOLD00066_1949669,6.475,4
SCAFFOLD00417_26285,8.254999999999999,4
SCAFFOLD00066_354335,8.829000000000002,4
SCAFFOLD00066_981445,12.973999999999998,4
SCAFFOLD00066_365155,14.739000000000003,4
SCAFFOLD00110_663637,15.327000000000002,4
SCAFFOLD00110_256762,16.504000000000005,4
SCAFFOLD00131_1037007,17.092000000000002,4
SCAFFOLD00131_766716,17.681,4
SCAFFOLD00131_256162,20.626,4
SCAFFOLD00131_289032,20.626,4
SCAFFOLD00131_262539,22.4,4
SCAFFOLD00131_272521,22.401000000000003,4
SCAFFOLD00127_808785,24.755000000000003,4
SCAFFOLD00127_489017,25.932000000000002,4
SCAFFOLD00127_187275,27.108,4
SCAFFOLD00075_1301593,28.310000000000002,4
SCAFFOLD00187_318834,28.874000000000002,4
SCAFFOLD00127_172048,29.462000000000003,4
SCAFFOLD00432_100221,30.05,4
SCAFFOLD00188_213210,30.05,4
SCAFFOLD00287_127428,30.051000000000002,4
SCAFFOLD00188_326750,30.051000000000002,4
SCAFFOLD00287_225049,30.076000000000004,4
SCAFFOLD00188_470891,30.076000000000004,4
SCAFFOLD00006.1_245206,30.664000000000005,4
SCAFFOLD00188_81882,31.227,4
SCAFFOLD00287_211212,33.581,4
SCAFFOLD00006.1_375015,33.581,4
SCAFFOLD00006.1_1137014,35.346000000000004,4
SCAFFOLD00006.1_1135380,37.112,4
SCAFFOLD00006.1_1298358,37.7,4
SCAFFOLD00006.1_1925081,37.7,4
SCAFFOLD00006.1_1671684,37.736,4
SCAFFOLD00006.1_2566658,40.055,4
SCAFFOLD00006.1_2396107,40.643,4
SCAFFOLD00006.1_2399436,40.68,4
SCAFFOLD00006.2_294354,41.231,4
SCAFFOLD00006.1_2403955,41.857,4
SCAFFOLD00006.2_346930,42.997,4
SCAFFOLD00006.2_446007,42.997,4
SCAFFOLD00006.1_2415850,43.033,4
SCAFFOLD00049.2_293160,44.173,4
SCAFFOLD00010_131848,44.173,4
SCAFFOLD00006.2_841865,44.174,4
SCAFFOLD00006.3_282981,44.174,4
SCAFFOLD00006.2_997186,44.174,4
SCAFFOLD00006.2_1184728,44.174,4
SCAFFOLD00121_3486,44.174,4
SCAFFOLD00006.3_118595,45.976000000000006,4
SCAFFOLD00006.3_433639,45.976000000000006,4
SCAFFOLD00010_131692,45.977000000000004,4
SCAFFOLD00010_282397,45.977000000000004,4
SCAFFOLD00010_1802192,45.977000000000004,4
SCAFFOLD00006.2_188896,46.564,4
SCAFFOLD00006.2_1184721,46.565000000000005,4
SCAFFOLD00006.2_274031,46.565000000000005,4
SCAFFOLD00031_2775023,47.153000000000006,4
SCAFFOLD00010_2049244,47.741,4
SCAFFOLD00010_2445237,47.741,4
SCAFFOLD00007.2_49473,47.741,4
SCAFFOLD00049.1_379296,47.741,4
SCAFFOLD00010_4343850,48.330000000000005,4
SCAFFOLD00010_2063030,48.330000000000005,4
SCAFFOLD00010_1775565,48.330000000000005,4
SCAFFOLD00001.2_2002664,48.330000000000005,4
SCAFFOLD00010_2428157,48.330000000000005,4
SCAFFOLD00010_2418165,48.330000000000005,4
SCAFFOLD00010_2553612,48.330000000000005,4
SCAFFOLD00049.1_415196,48.330000000000005,4
SCAFFOLD00010_1315206,48.330000000000005,4
SCAFFOLD00010_4257788,48.330000000000005,4
SCAFFOLD00010_4206853,48.330000000000005,4
SCAFFOLD00010_1592561,48.330000000000005,4
SCAFFOLD00049.2_76091,50.684000000000005,4
SCAFFOLD00049.2_725624,51.275000000000006,4
SCAFFOLD00049.2_843750,51.861000000000004,4
SCAFFOLD00049.2_843723,52.449000000000005,4
SCAFFOLD00049.2_596211,52.451,4
SCAFFOLD00047.1_17905,53.04,4
SCAFFOLD00049.2_843815,53.626000000000005,4
SCAFFOLD00049.2_1133442,53.628,4
SCAFFOLD00047.1_51771,53.628,4
SCAFFOLD00047.1_43993,53.628,4
SCAFFOLD00049.2_973089,53.628,4
SCAFFOLD00049.2_965523,54.214000000000006,4
SCAFFOLD00047.2_337555,55.979000000000006,4
SCAFFOLD00049.2_977670,55.979000000000006,4
SCAFFOLD00049.2_908720,55.979000000000006,4
SCAFFOLD00049.2_595926,55.979000000000006,4
SCAFFOLD00049.2_595629,55.979000000000006,4
SCAFFOLD00049.2_1195123,55.979000000000006,4
SCAFFOLD00047.1_675619,55.979000000000006,4
SCAFFOLD00047.2_150499,55.979000000000006,4
SCAFFOLD00047.2_743741,59.51700000000001,4
SCAFFOLD00047.2_745399,59.51700000000001,4
SCAFFOLD00047.2_896176,60.10500000000001,4
SCAFFOLD00047.2_391244,60.10500000000001,4
SCAFFOLD00047.2_326678,60.693000000000005,4
SCAFFOLD00047.2_497193,61.28200000000001,4
SCAFFOLD00047.2_930850,61.28300000000001,4
SCAFFOLD00047.2_930869,61.28300000000001,4
SCAFFOLD00594_1297,61.87000000000001,4
SCAFFOLD00176_323428,63.04700000000001,4
SCAFFOLD00351_29354,63.048000000000016,4
SCAFFOLD00176_213676,63.63600000000001,4
SCAFFOLD00176_661523,64.22500000000001,4
SCAFFOLD00176_751394,65.40100000000001,4
SCAFFOLD00176_863657,65.99000000000001,4
SCAFFOLD00003.1_151938,65.99000000000001,4
SCAFFOLD00003.1_51968,65.99000000000001,4
SCAFFOLD00022.2_2101356,67.16700000000002,4
SCAFFOLD00003.3_1118961,74.82900000000001,4
SCAFFOLD00003.2_254359,74.82900000000001,4
SCAFFOLD00003.3_1977181,77.18400000000001,4
SCAFFOLD00003.3_1143123,77.18400000000001,4
SCAFFOLD00003.3_2156768,77.18400000000001,4
SCAFFOLD00003.3_1124531,78.94900000000001,4
SCAFFOLD00003.3_2091030,78.94900000000001,4
SCAFFOLD00003.4_964118,79.53800000000001,4
SCAFFOLD00003.5_967932,80.71400000000001,4
SCAFFOLD00003.5_422013,81.40700000000001,4
SCAFFOLD00003.5_1529274,81.40700000000001,4
SCAFFOLD00003.5_394171,81.40700000000001,4
SCAFFOLD00003.5_108628,81.40700000000001,4
SCAFFOLD00003.5_1251495,81.40700000000001,4
SCAFFOLD00003.5_2197561,81.40700000000001,4
SCAFFOLD00003.5_394070,81.40800000000002,4
SCAFFOLD00003.4_937833,84.34900000000002,4
SCAFFOLD00009.1_2389788,84.34900000000002,4
SCAFFOLD00003.3_2468338,84.34900000000002,4
SCAFFOLD00003.4_48319,84.34900000000002,4
SCAFFOLD00009.1_2389738,84.34900000000002,4
SCAFFOLD00009.1_2389841,84.34900000000002,4
SCAFFOLD00035.2_111669,85.52600000000001,4
SCAFFOLD00003.3_2052055,86.11400000000002,4
SCAFFOLD00003.3_1216115,87.29100000000001,4
SCAFFOLD00003.3_637115,87.29200000000002,4
SCAFFOLD00003.3_1124550,91.411,4
SCAFFOLD00237_75387,0,5
SCAFFOLD00135_288383,0,5
SCAFFOLD00281_91645,3.5389999999999997,5
SCAFFOLD00002.1_538665,4.127,5
SCAFFOLD00281_87242,4.127,5
SCAFFOLD00002.1_346842,4.127,5
SCAFFOLD00135_779824,4.127,5
SCAFFOLD00136_593305,5.304,5
SCAFFOLD00318_65610,7.662,5
SCAFFOLD00135_66675,7.662,5
SCAFFOLD00136_611739,7.662,5
SCAFFOLD00136_912051,7.662,5
SCAFFOLD00135_885521,8.251000000000001,5
SCAFFOLD00135_289203,9.427000000000001,5
SCAFFOLD00315_249342,9.428,5
SCAFFOLD00091_1502793,10.017,5
SCAFFOLD00091_1312857,11.193000000000001,5
SCAFFOLD00091_1325404,11.193000000000001,5
SCAFFOLD00091_931009,14.137000000000002,5
SCAFFOLD00091_16327,15.314000000000002,5
SCAFFOLD00174_918625,15.314000000000002,5
SCAFFOLD00174_916859,18.845000000000002,5
SCAFFOLD00174_797785,20.61,5
SCAFFOLD00174_167360,21.198,5
SCAFFOLD00174_463289,22.380000000000003,5
SCAFFOLD00174_160099,22.969,5
SCAFFOLD00174_160141,22.969,5
SCAFFOLD00174_797863,22.969,5
SCAFFOLD00174_160188,22.970000000000002,5
SCAFFOLD00153_474443,23.558000000000003,5
SCAFFOLD00174_242804,23.558000000000003,5
SCAFFOLD00174_256086,23.558000000000003,5
SCAFFOLD00153_887892,24.734,5
SCAFFOLD00153_887910,25.911,5
SCAFFOLD00201_577623,26.5,5
SCAFFOLD00200_94138,27.088000000000005,5
SCAFFOLD00153_291649,27.676000000000002,5
SCAFFOLD00200_132706,27.677000000000003,5
SCAFFOLD00008_1849381,27.677000000000007,5
SCAFFOLD00162_50543,28.265000000000004,5
SCAFFOLD00070_1443059,29.442000000000004,5
SCAFFOLD00070_734585,29.442000000000004,5
SCAFFOLD00070_241091,29.442000000000004,5
SCAFFOLD00070_1226806,29.442000000000004,5
SCAFFOLD00070_1425973,29.442000000000004,5
SCAFFOLD00070_1806125,29.443000000000005,5
SCAFFOLD00070_1096095,29.443000000000005,5
SCAFFOLD00070_1134736,30.030000000000005,5
SCAFFOLD00247_532887,30.619000000000003,5
SCAFFOLD00070_362421,31.796000000000003,5
SCAFFOLD00070_1809,32.384,5
SCAFFOLD00070_464018,32.384,5
SCAFFOLD00247_219290,32.972,5
SCAFFOLD00348_26395,33.561,5
SCAFFOLD00247_117656,33.56400000000001,5
SCAFFOLD00247_508952,33.56400000000001,5
SCAFFOLD00172_955297,34.152,5
SCAFFOLD00348_196159,34.736999999999995,5
SCAFFOLD00172_524896,35.326,5
SCAFFOLD00172_447946,35.32900000000001,5
SCAFFOLD00172_71284,36.506,5
SCAFFOLD00297_72184,37.09400000000001,5
SCAFFOLD00297_65065,37.09400000000001,5
SCAFFOLD00172_276000,37.68,5
SCAFFOLD00172_314140,38.857,5
SCAFFOLD00271.2_228336,40.62900000000001,5
SCAFFOLD00004.1_1747034,41.80600000000001,5
SCAFFOLD00182_628374,42.983999999999995,5
SCAFFOLD00102_700626,43.571999999999996,5
SCAFFOLD00124_291878,44.16100000000001,5
SCAFFOLD00084_6232,44.74900000000001,5
SCAFFOLD00063_1228931,44.74900000000001,5
SCAFFOLD00031_844105,44.74900000000001,5
SCAFFOLD00084_1480269,44.74900000000001,5
SCAFFOLD00144.1_153769,44.74900000000001,5
SCAFFOLD00031_912904,44.75000000000001,5
SCAFFOLD00031_964442,44.75000000000001,5
SCAFFOLD00102_146025,44.75000000000001,5
SCAFFOLD00031_102950,45.33800000000001,5
SCAFFOLD00031_1860387,45.33800000000001,5
SCAFFOLD00379_139966,45.33800000000001,5
SCAFFOLD00271.2_4046,45.33800000000001,5
SCAFFOLD00031_119442,45.33800000000001,5
SCAFFOLD00031_999639,45.92600000000001,5
SCAFFOLD00014.2_273447,45.92600000000001,5
SCAFFOLD00205_515145,45.92700000000001,5
SCAFFOLD00381_97897,45.92700000000001,5
SCAFFOLD00144.1_69477,45.92700000000001,5
SCAFFOLD00019_2797966,47.10200000000001,5
SCAFFOLD00301_105189,47.10200000000001,5
SCAFFOLD00004.1_3324362,47.10200000000001,5
SCAFFOLD00144.1_69539,48.85999999999997,5
SCAFFOLD00144.3_53427,48.85999999999997,5
SCAFFOLD00031_844050,48.85999999999997,5
SCAFFOLD00144.3_343543,50.62599999999997,5
SCAFFOLD00300_122369,50.62599999999997,5
SCAFFOLD00045.2_355773,50.63300000000001,5
SCAFFOLD00224_584713,51.21399999999997,5
SCAFFOLD00045.2_642002,51.22100000000001,5
SCAFFOLD00300_185972,52.39800000000001,5
SCAFFOLD00300_202623,52.39800000000001,5
SCAFFOLD00045.2_665160,53.568999999999974,5
SCAFFOLD00045.2_331791,53.57500000000001,5
SCAFFOLD00045.2_111706,54.75100000000001,5
SCAFFOLD00045.1_1655574,55.92299999999997,5
SCAFFOLD00045.2_111572,55.92800000000001,5
SCAFFOLD00045.1_1353178,57.68899999999997,5
SCAFFOLD00045.1_1067861,57.68899999999997,5
SCAFFOLD00045.1_641336,57.69400000000001,5
SCAFFOLD00045.1_1353120,58.86599999999997,5
SCAFFOLD00045.1_641183,58.86599999999997,5
SCAFFOLD00045.1_641342,59.45399999999997,5
SCAFFOLD00045.1_803170,60.04199999999997,5
SCAFFOLD00120_949017,61.806999999999974,5
SCAFFOLD00120_1019601,61.806999999999974,5
SCAFFOLD00045.1_25144,61.806999999999974,5
SCAFFOLD00120_1281060,62.988999999999976,5
SCAFFOLD00120_826721,62.988999999999976,5
SCAFFOLD00120_949016,62.988999999999976,5
SCAFFOLD00120_1281032,62.989999999999974,5
SCAFFOLD00120_1239441,63.577999999999975,5
SCAFFOLD00120_1349098,63.577999999999975,5
SCAFFOLD00054.2_162756,65.34299999999998,5
SCAFFOLD00120_301048,67.11299999999997,5
SCAFFOLD00054.2_580142,68.87899999999998,5
SCAFFOLD00054.2_231389,69.46699999999998,5
SCAFFOLD00054.2_235387,70.64399999999998,5
SCAFFOLD00054.1_1028787,71.81999999999998,5
SCAFFOLD00054.1_790177,72.40899999999998,5
SCAFFOLD00038_2471927,73.58599999999998,5
SCAFFOLD00054.1_641472,75.35099999999998,5
SCAFFOLD00054.1_476899,77.70599999999997,5
SCAFFOLD00054.1_383728,77.70599999999997,5
SCAFFOLD00028_2480894,78.29399999999998,5
SCAFFOLD00028_2480858,78.29399999999998,5
SCAFFOLD00028_2859012,78.29399999999998,5
SCAFFOLD00028_2459020,78.88299999999998,5
SCAFFOLD00028_2541791,78.88299999999998,5
SCAFFOLD00028_2631567,78.88299999999998,5
SCAFFOLD00028_1989314,80.05899999999998,5
SCAFFOLD00028_1499549,81.23599999999999,5
SCAFFOLD00028_1989121,81.23599999999999,5
SCAFFOLD00028_1989196,81.23599999999999,5
SCAFFOLD00028_1911960,81.82399999999998,5
SCAFFOLD00028_1640714,81.824,5
SCAFFOLD00028_1050772,82.41199999999999,5
SCAFFOLD00028_1083516,82.413,5
SCAFFOLD00028_732750,83.58899999999998,5
SCAFFOLD00295_254948,84.76599999999999,5
SCAFFOLD00028_27139,85.35499999999999,5
SCAFFOLD00030_2891226,85.943,5
SCAFFOLD00030_541177,87.708,5
SCAFFOLD00030_1654161,87.708,5
SCAFFOLD00030_772055,87.708,5
SCAFFOLD00030_2135679,87.70899999999999,5
SCAFFOLD00030_130458,88.297,5
SCAFFOLD00030_1561872,88.297,5
SCAFFOLD00030_1590430,88.297,5
SCAFFOLD00030_1711056,88.297,5
SCAFFOLD00030_1561919,88.297,5
SCAFFOLD00030_314374,88.297,5
SCAFFOLD00030_436566,88.885,5
SCAFFOLD00030_1108143,88.885,5
SCAFFOLD00030_66299,88.885,5
SCAFFOLD00030_290224,88.885,5
SCAFFOLD00030_2409347,88.886,5
SCAFFOLD00055_881769,0,6
SCAFFOLD00201_591856,0,6
SCAFFOLD00055_700146,0.5879999999999939,6
SCAFFOLD00088.1_226812,1.177,6
SCAFFOLD00088.1_573729,2.942,6
SCAFFOLD00088.2_92848,4.119,6
SCAFFOLD00055_677072,4.12,6
SCAFFOLD00055_578308,4.12,6
SCAFFOLD00055_321360,4.708,6
SCAFFOLD00088.2_468344,5.884,6
SCAFFOLD00088.2_426854,6.472,6
SCAFFOLD00088.1_715275,6.474,6
SCAFFOLD00088.1_791488,6.474,6
SCAFFOLD00088.1_807612,7.651,6
SCAFFOLD00088.2_254213,7.651,6
SCAFFOLD00023_909289,8.239,6
SCAFFOLD00088.2_538683,8.827,6
SCAFFOLD00221_525383,8.827000000000002,6
SCAFFOLD00023_1755927,9.416,6
SCAFFOLD00023_409653,10.004,6
SCAFFOLD00023_2354711,10.004000000000001,6
SCAFFOLD00023_2019055,10.004000000000001,6
SCAFFOLD00023_1845928,10.004000000000001,6
SCAFFOLD00023_531783,10.592,6
SCAFFOLD00023_2566873,11.181000000000001,6
SCAFFOLD00023_2816905,11.769,6
SCAFFOLD00023_2827193,11.769,6
SCAFFOLD00023_2936511,11.769,6
SCAFFOLD00023_421636,11.769,6
SCAFFOLD00023_406862,11.769,6
SCAFFOLD00023_1846006,11.769,6
SCAFFOLD00023_993579,11.769,6
SCAFFOLD00088.1_798149,12.358,6
SCAFFOLD00088.1_226835,13.534,6
SCAFFOLD00023_2827287,14.119,6
SCAFFOLD00023_714676,14.123,6
SCAFFOLD00023_335643,14.123,6
SCAFFOLD00239_593863,15.888,6
SCAFFOLD00239_414708,17.654,6
SCAFFOLD00193_209180,18.242,6
SCAFFOLD00239_478371,18.243,6
SCAFFOLD00193_137260,18.831,6
SCAFFOLD00109.2_748573,20.007000000000005,6
SCAFFOLD00193_69769,20.00700000000001,6
SCAFFOLD00193_137333,22.95200000000001,6
SCAFFOLD00109.2_79628,23.539000000000005,6
SCAFFOLD00109.1_484203,23.54000000000001,6
SCAFFOLD00109.2_61,25.893000000000004,6
SCAFFOLD00223_545708,27.070000000000004,6
SCAFFOLD00109.1_368342,28.85400000000001,6
SCAFFOLD00560_44437,30.031000000000013,6
SCAFFOLD00014.2_2001518,31.207000000000015,6
SCAFFOLD00014.2_1986952,32.374,6
SCAFFOLD00014.2_2001396,32.962,6
SCAFFOLD00014.2_1852458,32.962,6
SCAFFOLD00014.2_1763248,33.56200000000001,6
SCAFFOLD00014.2_1881579,34.139,6
SCAFFOLD00014.2_1500761,34.139,6
SCAFFOLD00014.2_799161,34.727000000000004,6
SCAFFOLD00014.2_324583,34.727000000000004,6
SCAFFOLD00014.2_1763311,34.738000000000014,6
SCAFFOLD00014.1_504506,37.672000000000004,6
SCAFFOLD00014.1_283077,38.260000000000005,6
SCAFFOLD00074.1_123108,38.260000000000005,6
SCAFFOLD00101_99615,38.848000000000006,6
SCAFFOLD00014.1_411993,38.848000000000006,6
SCAFFOLD00174_256061,38.848000000000006,6
SCAFFOLD00101_84768,40.614000000000004,6
SCAFFOLD00101_423955,42.379000000000005,6
SCAFFOLD00101_220206,42.379000000000005,6
SCAFFOLD00119_863621,42.379000000000005,6
SCAFFOLD00119_863658,42.379000000000005,6
SCAFFOLD00101_1233720,42.379000000000005,6
SCAFFOLD00031_886777,42.38,6
SCAFFOLD00101_870904,42.968,6
SCAFFOLD00044_2052449,42.968,6
SCAFFOLD00025_157170,42.968,6
SCAFFOLD00025_67476,42.968,6
SCAFFOLD00025_588202,42.968,6
SCAFFOLD00025_2331371,42.968,6
SCAFFOLD00185_571258,42.968,6
SCAFFOLD00119_863672,42.968,6
SCAFFOLD00014.1_404766,42.968,6
SCAFFOLD00014.1_918284,42.968,6
SCAFFOLD00025_217898,42.969,6
SCAFFOLD00025_3038392,42.969,6
SCAFFOLD00025_598049,42.969,6
SCAFFOLD00025_814310,42.969,6
SCAFFOLD00089_152457,42.969,6
SCAFFOLD00025_2099245,42.969,6
SCAFFOLD00025_1058016,42.969,6
SCAFFOLD00082_661438,42.969,6
SCAFFOLD00185_150846,42.969,6
SCAFFOLD00242_485000,42.969,6
SCAFFOLD00101_467364,42.969,6
SCAFFOLD00014.1_273451,42.969,6
SCAFFOLD00014.1_303712,42.969,6
SCAFFOLD00014.1_243686,42.969,6
SCAFFOLD00242_145114,42.969,6
SCAFFOLD00013.1_725337,42.969,6
SCAFFOLD00014.1_819858,42.969,6
SCAFFOLD00025_1176637,42.969,6
SCAFFOLD00014.1_664928,42.969,6
SCAFFOLD00014.1_102738,42.969,6
SCAFFOLD00190_528699,42.969,6
SCAFFOLD00217_590308,42.969,6
SCAFFOLD00217_317742,42.969,6
SCAFFOLD00217_590405,42.969,6
SCAFFOLD00025_1453416,42.97,6
SCAFFOLD00025_2099198,42.97,6
SCAFFOLD00185_486292,42.97,6
SCAFFOLD00025_916937,43.558,6
SCAFFOLD00251_124137,43.558,6
SCAFFOLD00082_544909,43.558,6
SCAFFOLD00025_2856225,43.558,6
SCAFFOLD00082_569484,43.558,6
SCAFFOLD00082_1015131,43.558,6
SCAFFOLD00185_461075,44.147,6
SCAFFOLD00089_352583,44.735,6
SCAFFOLD00089_297130,45.323,6
SCAFFOLD00089_598546,47.089,6
SCAFFOLD00046.2_653857,47.089,6
SCAFFOLD00089_598563,47.677,6
SCAFFOLD00089_1185843,48.265,6
SCAFFOLD00089_1185816,48.265,6
SCAFFOLD00089_767918,48.265,6
SCAFFOLD00209_309195,48.853,6
SCAFFOLD00089_1409993,48.854,6
SCAFFOLD00089_1447208,48.854,6
SCAFFOLD00089_1359718,48.854,6
SCAFFOLD00089_1525832,49.442,6
SCAFFOLD00209_339243,49.442,6
SCAFFOLD00209_276594,50.61300000000002,6
SCAFFOLD00056_1610835,51.78900000000002,6
SCAFFOLD00076.2_138,51.797000000000004,6
SCAFFOLD00019_3250351,51.797000000000004,6
SCAFFOLD00019_3250316,51.797000000000004,6
SCAFFOLD00075_1301750,51.797000000000004,6
SCAFFOLD00076.2_66,51.797000000000004,6
SCAFFOLD00209_104388,52.37800000000002,6
SCAFFOLD00209_605433,52.96600000000002,6
SCAFFOLD00209_583296,53.55400000000002,6
SCAFFOLD00054.1_108185,54.73100000000002,6
SCAFFOLD00209_317349,55.31900000000002,6
SCAFFOLD00053_19575,55.31900000000002,6
SCAFFOLD00053_882663,56.49600000000002,6
SCAFFOLD00053_750636,57.08400000000002,6
SCAFFOLD00053_341644,57.08400000000002,6
SCAFFOLD00053_393481,57.08500000000002,6
SCAFFOLD00053_892311,58.85000000000001,6
SCAFFOLD00053_755697,58.85000000000002,6
SCAFFOLD00053_1225121,60.02700000000002,6
SCAFFOLD00053_1209437,60.02700000000002,6
SCAFFOLD00448_49463,60.61500000000002,6
SCAFFOLD00053_1225159,61.20400000000001,6
SCAFFOLD00053_1225235,62.97000000000001,6
SCAFFOLD00448_49451,64.14700000000002,6
SCAFFOLD00575_21684,64.73500000000001,6
SCAFFOLD00148_89437,64.73500000000001,6
SCAFFOLD00053_1641387,64.73500000000001,6
SCAFFOLD00207_441262,65.32300000000001,6
SCAFFOLD00148_325703,65.32300000000001,6
SCAFFOLD00053_2103145,65.32300000000001,6
SCAFFOLD00207_428179,65.32300000000001,6
SCAFFOLD00148_122996,65.32300000000001,6
SCAFFOLD00207_360508,65.32300000000001,6
SCAFFOLD00207_746561,65.911,6
SCAFFOLD00148_738107,66.49400000000001,6
SCAFFOLD00016.2_567336,67.089,6
SCAFFOLD00016.2_42976,68.854,6
SCAFFOLD00148_1077896,69.44200000000001,6
SCAFFOLD00148_1015902,71.79700000000001,6
SCAFFOLD00009.1_1145078,72.384,6
SCAFFOLD00084_1286467,73.562,6
SCAFFOLD00016.1_416313,74.739,6
SCAFFOLD00016.1_1146048,75.327,6
SCAFFOLD00016.1_1145967,75.327,6
SCAFFOLD00016.1_1261592,75.91600000000001,6
SCAFFOLD00016.1_1287085,75.91600000000001,6
SCAFFOLD00016.1_483551,76.504,6
SCAFFOLD00155_49179,77.681,6
SCAFFOLD00155_374981,78.857,6
SCAFFOLD00155_362065,78.857,6
SCAFFOLD00016.1_36770,79.449,6
SCAFFOLD00016.1_36905,79.449,6
SCAFFOLD00140_884460,80.034,6
SCAFFOLD00155_988524,80.622,6
SCAFFOLD00140_668001,80.622,6
SCAFFOLD00155_305931,82.393,6
SCAFFOLD00138_932608,82.393,6
SCAFFOLD00155_1133961,84.159,6
SCAFFOLD00138_417767,84.74699999999999,6
SCAFFOLD00138_241754,84.747,6
SCAFFOLD00138_241735,84.747,6
SCAFFOLD00138_70008,84.747,6
SCAFFOLD00140_764715,84.747,6
SCAFFOLD00138_865586,85.335,6
SCAFFOLD00138_765649,85.335,6
SCAFFOLD00140_1098454,85.335,6
SCAFFOLD00138_765668,85.335,6
SCAFFOLD00138_666670,85.33500000000001,6
SCAFFOLD00138_1024769,85.967,6
SCAFFOLD00138_1040056,85.967,6
SCAFFOLD00329_82590,0,7
SCAFFOLD00335_84820,0.588,7
SCAFFOLD00177_351814,1.176,7
SCAFFOLD00182_104437,1.7639999999999998,7
SCAFFOLD00177_267950,1.7639999999999998,7
SCAFFOLD00177_452175,2.352,7
SCAFFOLD00389_76699,2.352,7
SCAFFOLD00702_18291,2.3529999999999998,7
SCAFFOLD00177_351895,2.353,7
SCAFFOLD00206_662762,2.941,7
SCAFFOLD00389_90103,2.941,7
SCAFFOLD00206_369338,3.53,7
SCAFFOLD00206_105358,3.53,7
SCAFFOLD00206_691858,3.53,7
SCAFFOLD00206_691815,4.117,7
SCAFFOLD00206_694418,4.118,7
SCAFFOLD00287_134055,4.707,7
SCAFFOLD00206_784703,4.707,7
SCAFFOLD00206_474437,5.884,7
SCAFFOLD00514_76924,7.062,7
SCAFFOLD00019_2464410,7.649,7
SCAFFOLD00019_3030847,7.649,7
SCAFFOLD00019_1075091,8.236999999999998,7
SCAFFOLD00019_2392241,8.237,7
SCAFFOLD00019_2223269,8.825,7
SCAFFOLD00019_1932059,8.825,7
SCAFFOLD00019_1950445,9.414,7
SCAFFOLD00019_3398008,9.414,7
SCAFFOLD00019_1559017,10.001999999999999,7
SCAFFOLD00019_1075085,10.001999999999999,7
SCAFFOLD00019_1743352,10.002,7
SCAFFOLD00019_1075207,11.177999999999999,7
SCAFFOLD00019_1703124,11.179,7
SCAFFOLD00019_1550369,11.767,7
SCAFFOLD00019_366601,12.948000000000002,7
SCAFFOLD00019_756128,12.948000000000002,7
SCAFFOLD00019_1009426,14.713000000000001,7
SCAFFOLD00019_763134,15.301000000000002,7
SCAFFOLD00064_1528709,15.89,7
SCAFFOLD00064_1432659,17.066000000000003,7
SCAFFOLD00064_909797,17.066000000000003,7
SCAFFOLD00064_516086,17.655,7
SCAFFOLD00064_1142417,17.655,7
SCAFFOLD00519_54195,18.23,7
SCAFFOLD00064_155156,19.42,7
SCAFFOLD00152_877736,21.185000000000002,7
SCAFFOLD00152_668075,21.774,7
SCAFFOLD00133_1044332,22.95,7
SCAFFOLD00690_5008,22.95,7
SCAFFOLD00152_612698,23.538,7
SCAFFOLD00152_668074,24.128,7
SCAFFOLD00152_668021,24.717000000000002,7
SCAFFOLD00133_594086,26.482000000000003,7
SCAFFOLD00105_1412857,27.07,7
SCAFFOLD00133_733183,27.07,7
SCAFFOLD00133_423693,27.658,7
SCAFFOLD00133_477909,27.658,7
SCAFFOLD00133_423697,28.247,7
SCAFFOLD00133_436510,28.835,7
SCAFFOLD00148_89389,28.835,7
SCAFFOLD00105_1258819,28.836000000000002,7
SCAFFOLD00105_131262,30.012,7
SCAFFOLD00105_1214761,30.601000000000003,7
SCAFFOLD00105_1210556,30.601000000000003,7
SCAFFOLD00262_426363,30.601000000000003,7
SCAFFOLD00448_71508,30.601000000000003,7
SCAFFOLD00105_1076769,30.601000000000003,7
SCAFFOLD00105_1064534,30.601000000000003,7
SCAFFOLD00105_194929,31.777,7
SCAFFOLD00262_476901,32.365,7
SCAFFOLD00008_4003521,34.131,7
SCAFFOLD00211_642819,35.308,7
SCAFFOLD00105_1064540,35.308,7
SCAFFOLD00211_71288,37.073,7
SCAFFOLD00211_9994,37.073,7
SCAFFOLD00162_169997,37.661,7
SCAFFOLD00211_137042,37.661,7
SCAFFOLD00078_423984,38.838,7
SCAFFOLD00162_50516,39.426,7
SCAFFOLD00162_57080,39.426,7
SCAFFOLD00162_200112,40.016,7
SCAFFOLD00162_204862,40.603,7
SCAFFOLD00162_266301,40.604,7
SCAFFOLD00229_631851,40.604,7
SCAFFOLD00162_690779,42.369,7
SCAFFOLD00162_266253,43.546,7
SCAFFOLD00361_6134,44.134,7
SCAFFOLD00162_57001,45.312,7
SCAFFOLD00056_1778346,45.899,7
SCAFFOLD00056_989842,45.899,7
SCAFFOLD00056_971724,46.488,7
SCAFFOLD00052_1434854,47.076,7
SCAFFOLD00056_952048,47.665,7
SCAFFOLD00017_3437891,47.665,7
SCAFFOLD00056_1155936,48.841,7
SCAFFOLD00017_88933,49.43,7
SCAFFOLD00017_3336587,49.43,7
SCAFFOLD00017_327648,49.43,7
SCAFFOLD00017_1287628,49.43,7
SCAFFOLD00017_1639768,50.607,7
SCAFFOLD00097_261517,51.195,7
SCAFFOLD00017_1585802,51.783,7
SCAFFOLD00017_2960690,52.371,7
SCAFFOLD00097_719003,52.372,7
SCAFFOLD00416_65965,52.959,7
SCAFFOLD00246_330462,53.548,7
SCAFFOLD00416_19675,53.548,7
SCAFFOLD00246_330594,53.548,7
SCAFFOLD00010_3417164,53.548,7
SCAFFOLD00097_1253714,53.548,7
SCAFFOLD00103.1_27462,53.548,7
SCAFFOLD00416_118857,53.548,7
SCAFFOLD00388_86059,53.549,7
SCAFFOLD00097_1108556,53.549,7
SCAFFOLD00388_137031,54.137,7
SCAFFOLD00246_330634,54.137,7
SCAFFOLD00097_1137923,54.137,7
SCAFFOLD00388_75338,54.725,7
SCAFFOLD00416_74788,54.725,7
SCAFFOLD00241_426526,55.314,7
SCAFFOLD00241_614426,55.314,7
SCAFFOLD00097_1294861,55.314,7
SCAFFOLD00103.1_52844,57.079,7
SCAFFOLD00246_101586,57.079,7
SCAFFOLD00246_101438,57.08,7
SCAFFOLD00103.1_748481,57.669,7
SCAFFOLD00103.1_890199,57.669,7
SCAFFOLD00028_1911942,59.434,7
SCAFFOLD00103.2_189419,61.19999999999999,7
SCAFFOLD00103.2_275942,61.20099999999999,7
SCAFFOLD00103.2_244079,61.78899999999999,7
SCAFFOLD00103.1_890230,62.37599999999999,7
SCAFFOLD00103.1_740805,64.142,7
SCAFFOLD00103.2_275870,64.72999999999999,7
SCAFFOLD00292_130838,65.318,7
SCAFFOLD00128_1038427,67.089,7
SCAFFOLD00002.3_1916636,68.85499999999999,7
SCAFFOLD00002.3_499446,70.03099999999999,7
SCAFFOLD00002.3_1149083,70.038,7
SCAFFOLD00002.3_807352,72.97599999999998,7
SCAFFOLD00002.3_450190,76.54499999999999,7
SCAFFOLD00002.2_2321773,77.13299999999998,7
SCAFFOLD00002.2_1847769,77.13399999999999,7
SCAFFOLD00002.2_1587771,77.72199999999998,7
SCAFFOLD00002.2_794401,78.30999999999997,7
SCAFFOLD00002.2_1761570,78.89799999999998,7
SCAFFOLD00002.2_1322666,78.89799999999998,7
SCAFFOLD00002.2_905058,78.89799999999998,7
SCAFFOLD00002.2_900807,80.07499999999999,7
SCAFFOLD00002.2_900178,80.07499999999999,7
SCAFFOLD00002.2_900064,80.07499999999999,7
SCAFFOLD00002.2_748970,82.42999999999999,7
SCAFFOLD00002.2_882997,82.42999999999999,7
SCAFFOLD00002.2_1358371,82.42999999999999,7
SCAFFOLD00002.2_320417,84.785,7
SCAFFOLD00002.1_3689439,85.37199999999999,7
SCAFFOLD00002.1_3689498,85.96,7
SCAFFOLD00002.1_3689920,85.96,7
SCAFFOLD00002.2_44,85.961,7
SCAFFOLD00002.1_3171691,85.96199999999999,7
SCAFFOLD00002.1_2839874,86.549,7
SCAFFOLD00002.1_3689954,86.549,7
SCAFFOLD00002.1_2689255,86.55,7
SCAFFOLD00002.1_2586753,87.13799999999999,7
SCAFFOLD00002.1_1548054,87.726,7
SCAFFOLD00002.1_1366671,88.315,7
SCAFFOLD00160_1050036,88.315,7
SCAFFOLD00160_119596,88.315,7
SCAFFOLD00160_745489,88.315,7
SCAFFOLD00160_208603,88.904,7
SCAFFOLD00024.2_850834,88.904,7
SCAFFOLD00002.2_593040,88.904,7
SCAFFOLD00002.1_2721335,88.904,7
SCAFFOLD00045.2_580195,91.84599999999999,7
SCAFFOLD00160_397998,97.173,7
SCAFFOLD00160_208597,97.173,7
SCAFFOLD00145_196639,0,8
SCAFFOLD00026.1_149820,0,8
SCAFFOLD00090_454640,0.595,8
SCAFFOLD00090_554775,2.382,8
SCAFFOLD00090_846158,4.765,8
SCAFFOLD00124_534629,5.36,8
SCAFFOLD00124_1038912,7.743,8
SCAFFOLD00124_1015191,7.743,8
SCAFFOLD00124_1038907,7.743,8
SCAFFOLD00124_1034330,7.743,8
SCAFFOLD00124_1038881,7.743,8
SCAFFOLD00124_1038943,10.723,8
SCAFFOLD00310_109005,12.509,8
SCAFFOLD00145_1011697,13.103,8
SCAFFOLD00090_202178,13.103,8
SCAFFOLD00090_368355,13.103,8
SCAFFOLD00145_160678,13.103,8
SCAFFOLD00474_43661,13.103,8
SCAFFOLD00018.1_803187,13.103,8
SCAFFOLD00360_135365,13.104,8
SCAFFOLD00090_250508,13.691999999999998,8
SCAFFOLD00090_1152659,13.691999999999998,8
SCAFFOLD00124_1043207,14.279999999999998,8
SCAFFOLD00018.1_539005,14.295,8
SCAFFOLD00124_1043205,15.456999999999997,8
SCAFFOLD00018.1_475263,15.456999999999997,8
SCAFFOLD00043_2363860,16.081000000000003,8
SCAFFOLD00043_1799968,17.258000000000003,8
SCAFFOLD00043_1799949,17.846000000000004,8
SCAFFOLD00043_1563975,18.434000000000005,8
SCAFFOLD00043_2363839,18.464,8
SCAFFOLD00043_1785124,20.847,8
SCAFFOLD00043_1301288,22.038000000000004,8
SCAFFOLD00043_860334,25.017000000000003,8
SCAFFOLD00265_267469,27.372000000000003,8
SCAFFOLD00013.1_2261429,27.967000000000002,8
SCAFFOLD00043_94738,27.997000000000007,8
SCAFFOLD00001.1_379308,29.137000000000004,8
SCAFFOLD00265_84412,29.137000000000004,8
SCAFFOLD00392_78903,29.137000000000004,8
SCAFFOLD00253_341076,29.195000000000007,8
SCAFFOLD00013.2_31053,29.732000000000003,8
SCAFFOLD00392_79006,29.78300000000001,8
SCAFFOLD00392_78893,29.78300000000001,8
SCAFFOLD00253_34452,29.78300000000001,8
SCAFFOLD00013.2_391273,30.960000000000008,8
SCAFFOLD00013.2_58,30.960000000000008,8
SCAFFOLD00013.1_1229107,31.498,8
SCAFFOLD00013.2_7027,32.13700000000001,8
SCAFFOLD00013.1_2388337,33.31300000000001,8
SCAFFOLD00013.1_773572,33.90900000000001,8
SCAFFOLD00013.1_542052,39.286000000000016,8
SCAFFOLD00374_162225,39.809000000000005,8
SCAFFOLD00051.2_51013,40.397000000000006,8
SCAFFOLD00243_135777,41.073000000000015,8
SCAFFOLD00243_10947,41.073000000000015,8
SCAFFOLD00087_489517,41.66800000000001,8
SCAFFOLD00374_23731,42.85900000000001,8
SCAFFOLD00051.2_68644,44.05000000000001,8
SCAFFOLD00051.1_746537,44.63900000000001,8
SCAFFOLD00182_898976,47.62700000000001,8
SCAFFOLD00081_1594159,47.62700000000001,8
SCAFFOLD00182_752881,47.62700000000001,8
SCAFFOLD00051.1_98467,47.62700000000001,8
SCAFFOLD00010_2758056,47.62700000000001,8
SCAFFOLD00051.1_701614,47.62700000000001,8
SCAFFOLD00001.2_1892752,47.62700000000001,8
SCAFFOLD00001.2_559424,47.63500000000002,8
SCAFFOLD00001.5_185683,48.22300000000001,8
SCAFFOLD00182_286827,48.22300000000001,8
SCAFFOLD00051.1_40656,48.22300000000001,8
SCAFFOLD00182_127055,48.22300000000001,8
SCAFFOLD00001.5_1214181,48.22300000000001,8
SCAFFOLD00001.5_1405749,48.22300000000001,8
SCAFFOLD00182_515579,48.22300000000001,8
SCAFFOLD00001.5_1290155,48.22300000000001,8
SCAFFOLD00182_109419,48.22300000000001,8
SCAFFOLD00182_285682,48.22300000000001,8
SCAFFOLD00182_752781,48.22300000000001,8
SCAFFOLD00562_61214,48.22300000000001,8
SCAFFOLD00156_785391,48.22300000000001,8
SCAFFOLD00001.2_539961,48.22300000000001,8
SCAFFOLD00562_61060,48.22300000000001,8
SCAFFOLD00051.1_318150,48.22300000000001,8
SCAFFOLD00001.2_279704,50.01000000000001,8
SCAFFOLD00001.2_479788,50.01000000000001,8
SCAFFOLD00006.2_148689,50.01000000000001,8
SCAFFOLD00182_752833,50.01000000000001,8
SCAFFOLD00001.1_1337096,51.77399999999999,8
SCAFFOLD00250_540844,51.77399999999999,8
SCAFFOLD00001.1_350717,52.96499999999999,8
SCAFFOLD00001.1_350811,52.96499999999999,8
SCAFFOLD00001.1_1591601,52.96499999999999,8
SCAFFOLD00001.1_835856,52.96499999999999,8
SCAFFOLD00001.1_966616,52.96499999999999,8
SCAFFOLD00001.1_938739,52.96499999999999,8
SCAFFOLD00001.1_702781,52.96499999999999,8
SCAFFOLD00001.1_702446,53.55399999999999,8
SCAFFOLD00250_427130,54.14199999999999,8
SCAFFOLD00250_73786,54.72999999999998,8
SCAFFOLD00250_71215,54.72999999999998,8
SCAFFOLD00001.2_879610,54.75199999999999,8
SCAFFOLD00250_233297,55.31899999999999,8
SCAFFOLD00076.2_50293,55.94199999999999,8
SCAFFOLD00250_319996,56.49499999999998,8
SCAFFOLD00076.1_746422,58.26099999999999,8
SCAFFOLD00076.2_22862,58.84899999999998,8
SCAFFOLD00076.1_823551,59.43699999999998,8
SCAFFOLD00076.2_353017,60.02599999999999,8
SCAFFOLD00060.2_340023,62.969999999999985,8
SCAFFOLD00060.1_838328,64.73599999999999,8
SCAFFOLD00060.1_838419,65.91199999999998,8
SCAFFOLD00060.1_838341,65.94999999999999,8
SCAFFOLD00060.1_1306169,65.94999999999999,8
SCAFFOLD00060.1_1019178,66.54499999999999,8
SCAFFOLD00060.1_1042269,66.54499999999999,8
SCAFFOLD00060.1_467964,66.54599999999999,8
SCAFFOLD00060.1_1019208,66.54599999999999,8
SCAFFOLD00060.1_838374,66.54599999999999,8
SCAFFOLD00060.1_467998,67.722,8
SCAFFOLD00060.1_409320,67.722,8
SCAFFOLD00060.1_526649,67.722,8
SCAFFOLD00060.1_503615,67.722,8
SCAFFOLD00060.1_352891,67.722,8
SCAFFOLD00060.1_503701,68.318,8
SCAFFOLD00027_313962,68.913,8
SCAFFOLD00060.1_526700,68.913,8
SCAFFOLD00027_314003,70.678,8
SCAFFOLD00235_69469,71.29599999999999,8
SCAFFOLD00264_225297,72.44399999999999,8
SCAFFOLD00027_1076377,72.48599999999999,8
SCAFFOLD00027_497263,73.03199999999998,8
SCAFFOLD00027_1516035,74.273,8
SCAFFOLD00027_1813146,75.462,8
SCAFFOLD00027_1333002,75.462,8
SCAFFOLD00027_1652368,75.463,8
SCAFFOLD00027_1254886,75.463,8
SCAFFOLD00027_1291898,75.463,8
SCAFFOLD00027_1292003,76.639,8
SCAFFOLD00027_1254688,77.228,8
SCAFFOLD00027_3069143,79.03900000000002,8
SCAFFOLD00126_370484,80.82600000000001,8
SCAFFOLD00298_283131,82.59100000000001,8
SCAFFOLD00126_957689,83.20800000000001,8
SCAFFOLD00126_899125,83.20800000000001,8
SCAFFOLD00126_922144,83.209,8
SCAFFOLD00295_254940,83.796,8
SCAFFOLD00247_425436,84.995,8
SCAFFOLD00126_1067517,87.37800000000001,8
SCAFFOLD00123_970982,87.37800000000001,8
SCAFFOLD00214_449900,87.37800000000001,8
SCAFFOLD00033.1_666626,0,9
SCAFFOLD00033.2_907638,0.587,9
SCAFFOLD00033.2_304170,0.587,9
SCAFFOLD00033.2_907763,0.587,9
SCAFFOLD00033.1_720378,0.587,9
SCAFFOLD00058.1_570180,0.588,9
SCAFFOLD00033.1_1006637,1.175999999999998,9
SCAFFOLD00033.2_130780,1.1759999999999995,9
SCAFFOLD00033.2_528225,1.176,9
SCAFFOLD00033.2_296369,1.176,9
SCAFFOLD00033.1_717442,1.176,9
SCAFFOLD00020.1_601313,1.7639999999999996,9
SCAFFOLD00033.2_568491,2.3519999999999994,9
SCAFFOLD00020.1_555897,2.3529999999999998,9
SCAFFOLD00109.1_140379,2.3529999999999998,9
SCAFFOLD00033.1_190239,2.940999999999998,9
SCAFFOLD00020.2_836055,3.528999999999998,9
SCAFFOLD00033.1_1012218,3.5309999999999984,9
SCAFFOLD00020.2_68776,4.705999999999998,9
SCAFFOLD00020.2_1152683,5.293999999999997,9
SCAFFOLD00033.2_1081320,6.475999999999998,9
SCAFFOLD00020.2_2324190,7.059999999999999,9
SCAFFOLD00020.2_2040694,7.059999999999999,9
SCAFFOLD00040_92834,7.651999999999998,9
SCAFFOLD00020.1_866264,8.239999999999998,9
SCAFFOLD00020.2_795245,10.594999999999999,9
SCAFFOLD00020.2_795355,12.360999999999999,9
SCAFFOLD00020.2_184032,12.360999999999999,9
SCAFFOLD00020.2_183911,12.360999999999999,9
SCAFFOLD00020.2_1499362,14.125999999999998,9
SCAFFOLD00020.2_1977923,14.713999999999999,9
SCAFFOLD00020.2_1781585,15.302999999999999,9
SCAFFOLD00020.2_1952156,15.89,9
SCAFFOLD00008_516308,18.247,9
SCAFFOLD00008_1298018,20.013,9
SCAFFOLD00270_322582,21.189,9
SCAFFOLD00195_460058,21.189,9
SCAFFOLD00008_1168008,21.778,9
SCAFFOLD00008_1011625,21.779000000000003,9
SCAFFOLD00008_733527,24.133000000000003,9
SCAFFOLD00008_1637204,24.722,9
SCAFFOLD00022.2_997459,24.722,9
SCAFFOLD00008_1982154,24.722,9
SCAFFOLD00008_1977121,24.722,9
SCAFFOLD00008_3073784,26.488,9
SCAFFOLD00008_2352221,26.488,9
SCAFFOLD00008_2414223,27.076,9
SCAFFOLD00008_2224982,27.076,9
SCAFFOLD00008_3724365,27.076,9
SCAFFOLD00183_888281,27.076,9
SCAFFOLD00008_3118728,27.664,9
SCAFFOLD00008_3736652,27.664,9
SCAFFOLD00008_3432865,28.253000000000004,9
SCAFFOLD00008_4272889,30.608000000000004,9
SCAFFOLD00240_487058,31.196,9
SCAFFOLD00183_398518,35.32300000000001,9
SCAFFOLD00117_1103687,37.088,9
SCAFFOLD00117_1246299,37.088,9
SCAFFOLD00117_87005,38.26500000000001,9
SCAFFOLD00117_1290917,38.265000000000015,9
SCAFFOLD00117_523384,38.265000000000015,9
SCAFFOLD00116_739475,39.44100000000001,9
SCAFFOLD00116_1052759,40.618,9
SCAFFOLD00116_694597,41.79500000000001,9
SCAFFOLD00578_26463,41.79500000000001,9
SCAFFOLD00117_36976,41.79500000000001,9
SCAFFOLD00117_175172,41.79500000000001,9
SCAFFOLD00116_739407,42.971000000000004,9
SCAFFOLD00285_361815,43.56,9
SCAFFOLD00001.1_28000,45.32600000000001,9
SCAFFOLD00285_284730,46.50300000000001,9
SCAFFOLD00058.1_553389,46.50300000000001,9
SCAFFOLD00053_750639,46.50300000000001,9
SCAFFOLD00058.1_775136,47.091,9
SCAFFOLD00058.2_581575,47.679,9
SCAFFOLD00058.1_789416,47.68,9
SCAFFOLD00058.1_789428,47.68,9
SCAFFOLD00058.2_685293,48.268,9
SCAFFOLD00058.2_241950,48.856,9
SCAFFOLD00058.1_549027,48.856,9
SCAFFOLD00013.1_1504771,48.857,9
SCAFFOLD00058.2_241856,48.857,9
SCAFFOLD00170_535450,50.033,9
SCAFFOLD00170_172979,50.033,9
SCAFFOLD00170_425395,50.033,9
SCAFFOLD00202_471941,52.978,9
SCAFFOLD00202_596915,53.566,9
SCAFFOLD00202_727739,55.332,9
SCAFFOLD00086_1269911,55.332,9
SCAFFOLD00202_513320,56.508,9
SCAFFOLD00086_1006197,56.508,9
SCAFFOLD00086_1650153,60.044,9
SCAFFOLD00086_1269933,60.635000000000005,9
SCAFFOLD00086_727675,61.223000000000006,9
SCAFFOLD00139_1027938,62.400000000000006,9
SCAFFOLD00139_739632,62.988,9
SCAFFOLD00139_853140,62.98800000000001,9
SCAFFOLD00086_248687,64.165,9
SCAFFOLD00175.2_2397,64.75300000000001,9
SCAFFOLD00139_648052,64.754,9
SCAFFOLD00175.2_12321,65.34200000000001,9
SCAFFOLD00175.2_174576,65.93,9
SCAFFOLD00326_239905,65.93,9
SCAFFOLD00326_90742,65.93,9
SCAFFOLD00326_239973,65.93,9
SCAFFOLD00149_1090771,65.93,9
SCAFFOLD00149_845938,67.696,9
SCAFFOLD00175.1_229142,67.696,9
SCAFFOLD00186_835131,69.461,9
SCAFFOLD00175.1_57123,70.05,9
SCAFFOLD00186_415581,71.816,9
SCAFFOLD00041.2_674928,71.816,9
SCAFFOLD00097_1243360,71.816,9
SCAFFOLD00119_863693,71.816,9
SCAFFOLD00041.2_1035339,71.816,9
SCAFFOLD00186_374314,71.816,9
SCAFFOLD00022.2_2101316,75.351,9
SCAFFOLD00304_216923,77.116,9
SCAFFOLD00228_305330,77.117,9
SCAFFOLD00041.2_288602,77.117,9
SCAFFOLD00013.2_484104,77.117,9
SCAFFOLD00304_175604,77.117,9
SCAFFOLD00149_446067,77.117,9
SCAFFOLD00388_13154,77.117,9
SCAFFOLD00149_412866,77.117,9
SCAFFOLD00149_413439,77.117,9
SCAFFOLD00041.2_222607,77.117,9
SCAFFOLD00149_244142,77.117,9
SCAFFOLD00041.2_84488,77.117,9
SCAFFOLD00041.2_264162,77.117,9
SCAFFOLD00041.2_222693,77.117,9
SCAFFOLD00041.1_636210,77.117,9
SCAFFOLD00228_184053,77.117,9
SCAFFOLD00052_2041694,77.117,9
SCAFFOLD00052_1985357,77.117,9
SCAFFOLD00035.2_1145967,77.117,9
SCAFFOLD00186_218638,77.117,9
SCAFFOLD00214_270179,77.117,9
SCAFFOLD00041.2_288705,77.117,9
SCAFFOLD00052_1782975,77.70500000000001,9
SCAFFOLD00052_2116596,77.70500000000001,9
SCAFFOLD00052_1618719,77.706,9
SCAFFOLD00052_1352675,78.294,9
SCAFFOLD00035.2_20651,78.881,9
SCAFFOLD00052_273059,78.882,9
SCAFFOLD00052_949788,78.882,9
SCAFFOLD00035.2_19420,78.882,9
SCAFFOLD00035.2_1171659,78.882,9
SCAFFOLD00052_284528,78.882,9
SCAFFOLD00035.2_1037933,78.882,9
SCAFFOLD00069_1245437,78.882,9
SCAFFOLD00069_1601067,78.882,9
SCAFFOLD00134_678226,78.882,9
SCAFFOLD00069_1563851,78.882,9
SCAFFOLD00069_1542003,78.882,9
SCAFFOLD00069_1526501,78.882,9
SCAFFOLD00134_678168,78.882,9
SCAFFOLD00035.1_244177,78.882,9
SCAFFOLD00035.1_1041319,78.882,9
SCAFFOLD00134_1249830,78.882,9
SCAFFOLD00035.1_439711,78.882,9
SCAFFOLD00035.1_1041284,78.882,9
SCAFFOLD00273_412452,78.882,9
SCAFFOLD00069_704376,78.882,9
SCAFFOLD00273_411756,78.882,9
SCAFFOLD00309_53485,78.882,9
SCAFFOLD00273_411667,78.882,9
SCAFFOLD00161_932372,78.882,9
SCAFFOLD00069_1545892,78.882,9
SCAFFOLD00161_432944,78.882,9
SCAFFOLD00228_657039,78.882,9
SCAFFOLD00052_1985276,78.882,9
SCAFFOLD00035.2_1019515,78.882,9
SCAFFOLD00035.2_572082,78.882,9
SCAFFOLD00035.2_949282,78.882,9
SCAFFOLD00273_463682,78.882,9
SCAFFOLD00069_704398,78.882,9
SCAFFOLD00057.1_879034,78.882,9
SCAFFOLD00069_1545880,78.882,9
SCAFFOLD00069_965384,78.882,9
SCAFFOLD00134_1047492,78.882,9
SCAFFOLD00364_200785,78.882,9
SCAFFOLD00161_631176,78.882,9
SCAFFOLD00052_1669571,78.882,9
SCAFFOLD00240_635610,78.882,9
SCAFFOLD00161_994410,78.882,9
SCAFFOLD00069_203813,78.882,9
SCAFFOLD00240_635578,78.882,9
SCAFFOLD00069_704362,78.882,9
SCAFFOLD00161_629822,78.882,9
SCAFFOLD00069_1482772,78.882,9
SCAFFOLD00035.1_260902,78.882,9
SCAFFOLD00052_290320,78.882,9
SCAFFOLD00228_558729,78.882,9
SCAFFOLD00050_1106521,0,10
SCAFFOLD00012.1_89253,0.5879999999999999,10
SCAFFOLD00179_223399,0.5879999999999999,10
SCAFFOLD00108_589127,0.5879999999999999,10
SCAFFOLD00050_1911448,0.588,10
SCAFFOLD00050_1911403,1.176,10
SCAFFOLD00012.1_74614,1.764,10
SCAFFOLD00108_752371,1.765000000000001,10
SCAFFOLD00108_782515,1.765000000000001,10
SCAFFOLD00108_932781,1.765000000000001,10
SCAFFOLD00108_781055,1.765000000000001,10
SCAFFOLD00108_752303,1.765000000000001,10
SCAFFOLD00108_752297,1.765000000000001,10
SCAFFOLD00108_1228557,3.531000000000001,10
SCAFFOLD00061_958955,3.531000000000001,10
SCAFFOLD00108_325966,4.1190000000000015,10
SCAFFOLD00061_1795916,5.885000000000001,10
SCAFFOLD00147_525792,6.474000000000001,10
SCAFFOLD00061_1125350,6.474000000000002,10
SCAFFOLD00147_182569,8.828000000000001,10
SCAFFOLD00077.2_251531,10.005,10
SCAFFOLD00061_1840682,10.601000000000003,10
SCAFFOLD00077.2_351284,12.360000000000001,10
SCAFFOLD00077.1_645348,12.948,10
SCAFFOLD00077.1_370917,14.125000000000002,10
SCAFFOLD00147_743842,15.915,10
SCAFFOLD00147_443111,17.68,10
SCAFFOLD00077.1_729420,20.035,10
SCAFFOLD00077.1_779464,20.035,10
SCAFFOLD00033.1_558084,20.623,10
SCAFFOLD00077.1_483625,22.389,10
SCAFFOLD00184_453710,24.154,10
SCAFFOLD00184_355465,28.281,10
SCAFFOLD00184_740476,28.869,10
SCAFFOLD00142_1214642,29.458,10
SCAFFOLD00142_1015983,30.044999999999998,10
SCAFFOLD00142_906256,30.046,10
SCAFFOLD00184_582266,30.634,10
SCAFFOLD00084_742221,30.634,10
SCAFFOLD00337_33866,30.634,10
SCAFFOLD00142_1220349,30.634,10
SCAFFOLD00160_719667,30.634,10
SCAFFOLD00081_1281068,30.634,10
SCAFFOLD00259_359007,30.634,10
SCAFFOLD00220_508053,30.634,10
SCAFFOLD00259_112616,30.634,10
SCAFFOLD00142_301857,30.634,10
SCAFFOLD00142_340110,31.223,10
SCAFFOLD00084_742199,32.4,10
SCAFFOLD00259_347795,32.988,10
SCAFFOLD00288_125797,34.754,10
SCAFFOLD00087_1336207,35.93,10
SCAFFOLD00087_539502,36.518,10
SCAFFOLD00087_684751,36.518,10
SCAFFOLD00087_700109,36.518,10
SCAFFOLD00044_2481237,37.107,10
SCAFFOLD00087_365317,37.107,10
SCAFFOLD00100_794826,37.695,10
SCAFFOLD00044_1110664,38.870999999999995,10
SCAFFOLD00092_88792,38.872,10
SCAFFOLD00044_1988607,38.872,10
SCAFFOLD00092_895263,38.872,10
SCAFFOLD00044_653910,38.872,10
SCAFFOLD00025_2688309,38.872,10
SCAFFOLD00044_360959,38.872,10
SCAFFOLD00190_37543,38.872,10
SCAFFOLD00100_1208722,38.872,10
SCAFFOLD00100_1436288,38.872,10
SCAFFOLD00100_1442848,38.872,10
SCAFFOLD00100_1108825,38.872,10
SCAFFOLD00100_1010705,38.872,10
SCAFFOLD00100_435644,38.872,10
SCAFFOLD00100_794867,38.872,10
SCAFFOLD00100_940500,38.872,10
SCAFFOLD00080_1176648,38.872,10
SCAFFOLD00080_1392670,38.872,10
SCAFFOLD00080_1451984,38.872,10
SCAFFOLD00034_2319884,38.872,10
SCAFFOLD00044_1365186,38.872,10
SCAFFOLD00100_1403065,38.872,10
SCAFFOLD00190_634591,38.872,10
SCAFFOLD00044_1241265,38.872,10
SCAFFOLD00080_316046,38.872,10
SCAFFOLD00100_940477,38.872,10
SCAFFOLD00034_2332701,38.872,10
SCAFFOLD00044_626070,38.872,10
SCAFFOLD00044_1325845,38.872,10
SCAFFOLD00092_302629,38.872,10
SCAFFOLD00092_88901,38.872,10
SCAFFOLD00044_2360927,38.872,10
SCAFFOLD00039_1512757,38.872,10
SCAFFOLD00499_86862,38.872,10
SCAFFOLD00100_1011958,38.872,10
SCAFFOLD00100_737061,38.872,10
SCAFFOLD00295_146134,39.46,10
SCAFFOLD00100_603206,40.048,10
SCAFFOLD00080_1547139,40.637,10
SCAFFOLD00080_676395,41.225,10
SCAFFOLD00080_1452016,41.225,10
SCAFFOLD00080_670948,41.225,10
SCAFFOLD00080_147843,41.225,10
SCAFFOLD00080_708225,41.225,10
SCAFFOLD00080_315937,41.225,10
SCAFFOLD00034_2754728,42.404,10
SCAFFOLD00080_599267,42.405,10
SCAFFOLD00034_2349323,42.405,10
SCAFFOLD00034_2435512,42.405,10
SCAFFOLD00034_1654313,42.405,10
SCAFFOLD00034_1252577,42.405,10
SCAFFOLD00034_1141005,42.405,10
SCAFFOLD00034_1232878,42.993,10
SCAFFOLD00034_701271,43.581,10
SCAFFOLD00034_451449,43.581,10
SCAFFOLD00001.6_1814148,44.166,10
SCAFFOLD00034_374051,44.169000000000004,10
SCAFFOLD00034_374021,45.935,10
SCAFFOLD00159_586752,46.519999999999996,10
SCAFFOLD00034_223961,48.29,10
SCAFFOLD00159_464550,48.878,10
SCAFFOLD00159_509068,50.056,10
SCAFFOLD00159_186527,51.232,10
SCAFFOLD00159_384272,51.232,10
SCAFFOLD00637_39483,52.409,10
SCAFFOLD00119_1079276,52.997,10
SCAFFOLD00119_1357867,53.586,10
SCAFFOLD00119_851421,54.174,10
SCAFFOLD00119_648967,56.529,10
SCAFFOLD00274_73632,58.262,10
SCAFFOLD00119_612114,58.294000000000004,10
SCAFFOLD00104_72196,60.617,10
SCAFFOLD00104_322178,61.794000000000004,10
SCAFFOLD00104_902808,64.15100000000001,10
SCAFFOLD00104_441698,64.739,10
SCAFFOLD00104_1460463,65.32700000000001,10
SCAFFOLD00104_1321288,65.32700000000001,10
SCAFFOLD00104_1007108,65.32700000000001,10
SCAFFOLD00104_528331,65.32700000000001,10
SCAFFOLD00104_1269862,65.32700000000001,10
SCAFFOLD00587_20043,65.91499999999999,10
SCAFFOLD00104_1351322,65.91499999999999,10
SCAFFOLD00104_1321148,66.50399999999999,10
SCAFFOLD00294_351738,66.504,10
SCAFFOLD00181_209821,67.092,10
SCAFFOLD00027_96771,67.092,10
SCAFFOLD00181_189068,68.26899999999999,10
SCAFFOLD00181_333418,68.26899999999999,10
SCAFFOLD00264_225425,68.27000000000001,10
SCAFFOLD00181_881543,68.27000000000001,10
SCAFFOLD00227_554028,68.27000000000001,10
SCAFFOLD00584_9297,68.27000000000001,10
SCAFFOLD00584_22158,68.27000000000001,10
SCAFFOLD00121_1031653,68.27000000000001,10
SCAFFOLD00121_1079103,68.27000000000001,10
SCAFFOLD00181_782568,70.62299999999999,10
SCAFFOLD00181_782625,70.62299999999999,10
SCAFFOLD00121_1079594,70.624,10
SCAFFOLD00181_881462,70.624,10
SCAFFOLD00121_466302,71.21199999999999,10
SCAFFOLD00121_246848,71.21199999999999,10
SCAFFOLD00264_30965,71.21199999999999,10
SCAFFOLD00227_247878,71.21199999999999,10
SCAFFOLD00158_168387,0,11
SCAFFOLD00158_1081431,0,11
SCAFFOLD00158_906362,0,11
SCAFFOLD00158_143488,1.184,11
SCAFFOLD00278_311023,2.472999999999999,11
SCAFFOLD00067_1110469,2.959,11
SCAFFOLD00067_1110573,2.959,11
SCAFFOLD00067_1115993,4.143000000000001,11
SCAFFOLD00231_285403,4.238999999999999,11
SCAFFOLD00028_2694686,4.238999999999999,11
SCAFFOLD00158_293877,4.238999999999999,11
SCAFFOLD00231_285514,4.238999999999999,11
SCAFFOLD00159_770080,4.238999999999999,11
SCAFFOLD00158_288944,4.238999999999999,11
SCAFFOLD00067_1331525,5.9190000000000005,11
SCAFFOLD00158_456163,6.592999999999999,11
SCAFFOLD00067_1900981,6.592999999999999,11
SCAFFOLD00498_87437,6.616999999999999,11
SCAFFOLD00002.2_794290,8.879,11
SCAFFOLD00245_489954,11.248000000000001,11
SCAFFOLD00245_489841,11.84,11
SCAFFOLD00255_512075,12.485999999999999,11
SCAFFOLD00255_46709,12.485999999999999,11
SCAFFOLD00245_373806,13.661999999999999,11
SCAFFOLD00073_97818,14.208000000000002,11
SCAFFOLD00122_270123,14.251,11
SCAFFOLD00122_343094,14.314,11
SCAFFOLD00122_591469,14.838999999999999,11
SCAFFOLD00073_386650,15.392,11
SCAFFOLD00073_197027,15.427,11
SCAFFOLD00122_1315857,15.427,11
SCAFFOLD00073_164199,15.427,11
SCAFFOLD00073_134651,17.192,11
SCAFFOLD00073_191886,17.192,11
SCAFFOLD00073_725619,19.546,11
SCAFFOLD00073_1138893,20.134,11
SCAFFOLD00210_509305,21.312000000000005,11
SCAFFOLD00207_244606,21.9,11
SCAFFOLD00042.1_372626,22.488,11
SCAFFOLD00183_851562,22.532,11
SCAFFOLD00042.1_123500,23.075999999999997,11
SCAFFOLD00042.1_876988,23.663999999999998,11
SCAFFOLD00042.1_1074211,24.840999999999998,11
SCAFFOLD00042.1_645438,24.900000000000002,11
SCAFFOLD00042.1_1107299,26.017999999999997,11
SCAFFOLD00042.1_849682,27.269000000000002,11
SCAFFOLD00042.1_790775,27.269000000000002,11
SCAFFOLD00193_222268,27.269000000000002,11
SCAFFOLD00089_578607,27.861,11
SCAFFOLD00042.1_1272367,27.861,11
SCAFFOLD00128_780062,27.861,11
SCAFFOLD00042.1_835806,29.045,11
SCAFFOLD00042.2_695413,29.552999999999997,11
SCAFFOLD00093.1_410616,31.317999999999998,11
SCAFFOLD00022.1_49929,31.906999999999996,11
SCAFFOLD00042.2_695371,31.906999999999996,11
SCAFFOLD00042.2_719210,33.196,11
SCAFFOLD00042.2_695392,33.196,11
SCAFFOLD00042.2_302622,33.196,11
SCAFFOLD00205_519686,33.196,11
SCAFFOLD00205_519789,34.38,11
SCAFFOLD00205_274442,36.156,11
SCAFFOLD00042.2_695426,36.232000000000006,11
SCAFFOLD00236.1_196846,36.233000000000004,11
SCAFFOLD00236.1_401942,36.748000000000005,11
SCAFFOLD00205_234836,36.821000000000005,11
SCAFFOLD00236.1_401903,37.409000000000006,11
SCAFFOLD00236.1_524281,37.409000000000006,11
SCAFFOLD00236.1_425105,37.931000000000004,11
SCAFFOLD00236.2_495,37.998000000000005,11
SCAFFOLD00236.2_172,39.115,11
SCAFFOLD00236.2_451,39.115,11
SCAFFOLD00248_252960,39.17400000000001,11
SCAFFOLD00236.2_313,39.707,11
SCAFFOLD00236.2_533,39.707,11
SCAFFOLD00248_320084,39.707,11
SCAFFOLD00248_355263,39.763000000000005,11
SCAFFOLD00248_320110,39.763000000000005,11
SCAFFOLD00248_324628,40.299,11
SCAFFOLD00248_320071,40.351000000000006,11
SCAFFOLD00130_761521,41.528000000000006,11
SCAFFOLD00130_761415,42.11600000000001,11
SCAFFOLD00130_601038,42.11600000000001,11
SCAFFOLD00130_167749,42.667,11
SCAFFOLD00130_470271,43.851,11
SCAFFOLD00130_1024799,44.471000000000004,11
SCAFFOLD00130_1024785,45.035000000000004,11
SCAFFOLD00021_307587,46.81,11
SCAFFOLD00021_522701,46.824000000000005,11
SCAFFOLD00021_642250,47.413000000000004,11
SCAFFOLD00021_751961,48.586,11
SCAFFOLD00021_1770019,49.178000000000004,11
SCAFFOLD00021_2887691,49.178000000000004,11
SCAFFOLD00021_1889804,49.178000000000004,11
SCAFFOLD00021_1032444,49.178000000000004,11
SCAFFOLD00021_1515973,49.766000000000005,11
SCAFFOLD00021_2723908,49.766000000000005,11
SCAFFOLD00179_74551,49.766000000000005,11
SCAFFOLD00048_473660,50.362,11
SCAFFOLD00048_588716,50.362,11
SCAFFOLD00025_1530656,50.362,11
SCAFFOLD00057.1_880756,50.362,11
SCAFFOLD00323_135303,50.362,11
SCAFFOLD00085_627612,50.362,11
SCAFFOLD00235_405420,50.947,11
SCAFFOLD00235_121945,50.947,11
SCAFFOLD00235_13985,50.947,11
SCAFFOLD00057.2_331665,50.947,11
SCAFFOLD00194_469053,50.947,11
SCAFFOLD00179_575067,50.947,11
SCAFFOLD00235_13856,50.947,11
SCAFFOLD00259_186397,50.947,11
SCAFFOLD00031_2905826,50.947,11
SCAFFOLD00057.1_320438,50.947,11
SCAFFOLD00084_338514,50.947,11
SCAFFOLD00084_338473,50.947,11
SCAFFOLD00057.1_879114,50.947,11
SCAFFOLD00111.1_293261,50.947,11
SCAFFOLD00057.2_731265,50.947,11
SCAFFOLD00085_593176,50.947,11
SCAFFOLD00085_487681,50.947,11
SCAFFOLD00057.2_729778,50.947,11
SCAFFOLD00057.2_501055,50.947,11
SCAFFOLD00048_473750,50.954,11
SCAFFOLD00048_1110068,50.954,11
SCAFFOLD00021_3178774,51.539,11
SCAFFOLD00048_588645,51.539,11
SCAFFOLD00048_582221,51.539,11
SCAFFOLD00048_588629,51.539,11
SCAFFOLD00048_582264,51.539,11
SCAFFOLD00021_3125923,51.539,11
SCAFFOLD00021_2502981,51.539,11
SCAFFOLD00057.1_523795,51.539,11
SCAFFOLD00220_676681,52.723000000000006,11
SCAFFOLD00085_195233,52.723000000000006,11
SCAFFOLD00048_1290051,52.723000000000006,11
SCAFFOLD00048_1547084,53.315000000000005,11
SCAFFOLD00048_1523197,54.531000000000006,11
SCAFFOLD00048_1235031,54.531000000000006,11
SCAFFOLD00048_1609990,54.531000000000006,11
SCAFFOLD00017_2921836,55.11900000000001,11
SCAFFOLD00151.2_64142,55.11900000000001,11
SCAFFOLD00151.1_531600,55.70700000000001,11
SCAFFOLD00151.1_531651,56.871,11
SCAFFOLD00151.1_536213,58.647000000000006,11
SCAFFOLD00151.1_362762,59.239000000000004,11
SCAFFOLD00151.1_161823,59.239000000000004,11
SCAFFOLD00151.1_716878,59.239000000000004,11
SCAFFOLD00072_1513127,59.239000000000004,11
SCAFFOLD00041.1_97000,59.239000000000004,11
SCAFFOLD00151.1_564945,59.239000000000004,11
SCAFFOLD00151.1_362807,59.831,11
SCAFFOLD00048_1683235,60.423,11
SCAFFOLD00022.1_262347,62.791,11
SCAFFOLD00022.1_562349,62.791,11
SCAFFOLD00022.1_508563,62.791,11
SCAFFOLD00022.1_508597,62.791,11
SCAFFOLD00022.1_508699,62.791,11
SCAFFOLD00022.1_560572,62.791,11
SCAFFOLD00022.1_562517,62.791,11
SCAFFOLD00022.1_508630,62.791,11
SCAFFOLD00022.2_653681,62.791,11
SCAFFOLD00012.4_359350,62.791,11
SCAFFOLD00022.2_2585106,62.791,11
SCAFFOLD00022.2_1565940,62.791,11
SCAFFOLD00022.2_2036988,62.791,11
SCAFFOLD00022.2_1239059,62.791,11
SCAFFOLD00022.2_919312,62.791,11
SCAFFOLD00022.2_298480,63.382999999999996,11
SCAFFOLD00022.2_929233,63.967999999999996,11
SCAFFOLD00022.2_586912,63.97500000000001,11
SCAFFOLD00022.2_1062055,64.556,11
SCAFFOLD00077.1_435000,65.144,11
SCAFFOLD00022.2_929368,66.34499999999998,11
SCAFFOLD00012.4_551934,66.90899999999999,11
SCAFFOLD00022.2_2468232,69.264,11
SCAFFOLD00022.2_2428701,69.852,11
SCAFFOLD00022.2_1355969,69.901,11
SCAFFOLD00022.2_1972031,70.441,11
SCAFFOLD00008_3776161,71.029,11
SCAFFOLD00219_71811,72.86299999999999,11
SCAFFOLD00012.4_156,72.922,11
SCAFFOLD00219_701757,72.922,11
SCAFFOLD00219_701835,72.922,11
SCAFFOLD00219_552767,72.922,11
SCAFFOLD00219_707403,73.511,11
SCAFFOLD00012.4_50570,73.511,11
SCAFFOLD00219_447541,74.639,11
SCAFFOLD00012.4_758871,75.276,11
SCAFFOLD00012.4_682087,75.276,11
SCAFFOLD00012.4_218983,75.82199999999999,11
SCAFFOLD00012.4_1929565,77.04199999999999,11
SCAFFOLD00011_2793812,79.374,11
SCAFFOLD00167_765907,79.98599999999999,11
SCAFFOLD00068.1_143361,80.55799999999999,11
SCAFFOLD00231_112755,81.163,11
SCAFFOLD00068.1_345188,81.74199999999999,11
SCAFFOLD00081_1134868,81.75099999999999,11
SCAFFOLD00068.1_300927,81.75099999999999,11
SCAFFOLD00068.1_222461,81.75099999999999,11
SCAFFOLD00068.1_134120,82.33299999999998,11
SCAFFOLD00386_122189,82.33999999999999,11
SCAFFOLD00074.1_1003745,83.51599999999999,11
SCAFFOLD00074.1_1003871,83.51599999999999,11
SCAFFOLD00074.1_736343,83.517,11
SCAFFOLD00074.2_156661,83.517,11
SCAFFOLD00068.1_134097,83.517,11
SCAFFOLD00074.1_570213,83.517,11
SCAFFOLD00074.1_54426,83.517,11
SCAFFOLD00074.1_654828,83.517,11
SCAFFOLD00260_288742,83.517,11
SCAFFOLD00074.1_1021950,83.517,11
SCAFFOLD00074.1_551963,86.47599999999998,11
SCAFFOLD00012.4_1521377,95.934,11
SCAFFOLD00012.4_1375227,96.526,11
SCAFFOLD00012.4_1390899,97.118,11
SCAFFOLD00005_4518379,98.301,11
SCAFFOLD00143_389542,0,12
SCAFFOLD00136_280607,0,12
SCAFFOLD00143_231794,0,12
SCAFFOLD00112_1008107,0,12
SCAFFOLD00206_381046,0,12
SCAFFOLD00112_531252,0.6759999999999984,12
SCAFFOLD00249_454865,1.8519999999999985,12
SCAFFOLD00112_365055,1.8529999999999989,12
SCAFFOLD00112_376055,2.469999999999999,12
SCAFFOLD00249_49689,4.3229999999999995,12
SCAFFOLD00249_357798,4.9399999999999995,12
SCAFFOLD00249_357837,5.5569999999999995,12
SCAFFOLD00366_134981,6.088999999999999,12
SCAFFOLD00366_38610,6.088999999999999,12
SCAFFOLD00232_472014,6.174999999999999,12
SCAFFOLD00232_496140,6.791999999999998,12
SCAFFOLD00366_117785,8.644999999999998,12
SCAFFOLD00366_130110,9.261999999999999,12
SCAFFOLD00180_584050,9.879999999999999,12
SCAFFOLD00180_343854,9.879999999999999,12
SCAFFOLD00180_151756,10.496999999999998,12
SCAFFOLD00180_151792,11.113999999999999,12
SCAFFOLD00046.1_118955,15.445999999999996,12
SCAFFOLD00046.1_507171,16.680999999999997,12
SCAFFOLD00046.1_512621,16.680999999999997,12
SCAFFOLD00046.1_512607,16.680999999999997,12
SCAFFOLD00046.1_831779,17.297999999999995,12
SCAFFOLD00046.1_831782,18.445999999999998,12
SCAFFOLD00046.1_840242,18.445999999999998,12
SCAFFOLD00046.2_155895,18.445999999999998,12
SCAFFOLD00046.1_838396,18.447,12
SCAFFOLD00046.2_407579,18.533,12
SCAFFOLD00046.3_43830,19.121000000000002,12
SCAFFOLD00046.2_286176,19.121000000000002,12
SCAFFOLD00046.2_346452,19.768,12
SCAFFOLD00046.3_80,20.385,12
SCAFFOLD00281_91701,22.857,12
SCAFFOLD00230_45214,22.885,12
SCAFFOLD00018.2_154622,23.502000000000006,12
SCAFFOLD00046.3_29853,24.091,12
SCAFFOLD00046.3_43697,24.091000000000005,12
SCAFFOLD00046.3_7483,25.267000000000003,12
SCAFFOLD00018.2_388876,25.856,12
SCAFFOLD00018.2_1021505,26.444000000000003,12
SCAFFOLD00018.2_1021467,26.444000000000003,12
SCAFFOLD00018.2_889776,27.032000000000004,12
SCAFFOLD00018.2_760550,27.212000000000003,12
SCAFFOLD00141.1_169206,27.621000000000002,12
SCAFFOLD00018.3_212625,29.065000000000005,12
SCAFFOLD00567_4063,29.975,12
SCAFFOLD00018.3_191001,30.300000000000004,12
SCAFFOLD00018.3_350046,30.300000000000004,12
SCAFFOLD00241_128696,30.300000000000004,12
SCAFFOLD00018.3_231153,30.300000000000004,12
SCAFFOLD00018.2_1188877,30.564,12
SCAFFOLD00282_429024,30.564,12
SCAFFOLD00141.1_169186,30.564,12
SCAFFOLD00282_328471,30.564,12
SCAFFOLD00567_4013,30.564,12
SCAFFOLD00141.1_169175,30.564,12
SCAFFOLD00182_91320,30.564,12
SCAFFOLD00098_1298599,30.564,12
SCAFFOLD00272_244016,30.918000000000006,12
SCAFFOLD00171_162779,32.09500000000001,12
SCAFFOLD00272_222262,32.09500000000001,12
SCAFFOLD00272_399346,32.09500000000001,12
SCAFFOLD00171_564631,32.09500000000001,12
SCAFFOLD00171_864646,32.68400000000001,12
SCAFFOLD00141.2_523477,33.272000000000006,12
SCAFFOLD00106.1_139944,34.44900000000001,12
SCAFFOLD00039_1786908,34.44900000000001,12
SCAFFOLD00039_1786917,35.03700000000001,12
SCAFFOLD00156_1028221,35.03700000000001,12
SCAFFOLD00141.1_370986,35.62500000000001,12
SCAFFOLD00171_96054,35.872,12
SCAFFOLD00062_820699,36.21400000000001,12
SCAFFOLD00193_764630,36.21400000000001,12
SCAFFOLD00141.1_388582,36.21400000000001,12
SCAFFOLD00171_749977,36.489000000000004,12
SCAFFOLD00102_341229,36.80200000000001,12
SCAFFOLD00141.1_166391,36.80200000000001,12
SCAFFOLD00133_165711,37.979000000000006,12
SCAFFOLD00171_749928,38.342000000000006,12
SCAFFOLD00195_573933,38.959,12
SCAFFOLD00468_11730,38.959,12
SCAFFOLD00244_83270,39.60600000000001,12
SCAFFOLD00195_861900,40.19400000000001,12
SCAFFOLD00063_427794,40.19400000000001,12
SCAFFOLD00063_390038,40.19400000000001,12
SCAFFOLD00063_467799,40.19400000000001,12
SCAFFOLD00063_491713,40.19400000000001,12
SCAFFOLD00291_350155,40.19400000000001,12
SCAFFOLD00063_39885,40.19400000000001,12
SCAFFOLD00195_439578,40.19400000000001,12
SCAFFOLD00063_389997,40.19500000000001,12
SCAFFOLD00063_266546,40.78200000000001,12
SCAFFOLD00063_440050,40.78200000000001,12
SCAFFOLD00063_1023175,40.78200000000001,12
SCAFFOLD00063_1669301,40.78200000000001,12
SCAFFOLD00063_699474,40.78200000000001,12
SCAFFOLD00063_979815,40.984000000000016,12
SCAFFOLD00063_965507,41.399000000000015,12
SCAFFOLD00063_1744472,41.57200000000001,12
SCAFFOLD00063_1019942,42.01700000000001,12
SCAFFOLD00063_1019868,43.25200000000001,12
SCAFFOLD00423_81358,43.338000000000015,12
SCAFFOLD00063_1023243,43.869000000000014,12
SCAFFOLD00215_631576,44.48600000000001,12
SCAFFOLD00215_554482,45.103000000000016,12
SCAFFOLD00423_58892,45.103000000000016,12
SCAFFOLD00038_2427270,45.103000000000016,12
SCAFFOLD00010_1332711,45.103000000000016,12
SCAFFOLD00137_245490,45.103000000000016,12
SCAFFOLD00106.1_650857,45.10400000000001,12
SCAFFOLD00215_549975,45.10400000000001,12
SCAFFOLD00038_592824,45.10400000000001,12
SCAFFOLD00215_123609,45.10400000000001,12
SCAFFOLD00038_1394633,45.72100000000001,12
SCAFFOLD00038_832623,45.72100000000001,12
SCAFFOLD00038_66608,46.89800000000001,12
SCAFFOLD00106.1_538966,46.89800000000001,12
SCAFFOLD00106.1_517778,46.89800000000001,12
SCAFFOLD00106.1_514841,46.89800000000001,12
SCAFFOLD00106.1_650981,46.89800000000001,12
SCAFFOLD00106.1_676970,46.89800000000001,12
SCAFFOLD00179_497279,46.89800000000001,12
SCAFFOLD00179_519072,46.89800000000001,12
SCAFFOLD00327_205305,46.89800000000001,12
SCAFFOLD00327_205371,46.89800000000001,12
SCAFFOLD00081_1382764,46.89800000000001,12
SCAFFOLD00081_185601,46.89800000000001,12
SCAFFOLD00038_1543829,46.89800000000001,12
SCAFFOLD00106.1_139974,46.89800000000001,12
SCAFFOLD00137_644112,46.89800000000001,12
SCAFFOLD00038_259813,46.89800000000001,12
SCAFFOLD00179_849395,46.89800000000001,12
SCAFFOLD00038_334436,46.89800000000001,12
SCAFFOLD00001.6_155925,46.89800000000001,12
SCAFFOLD00106.1_252240,46.89800000000002,12
SCAFFOLD00179_874542,46.89800000000002,12
SCAFFOLD00179_636658,46.89800000000002,12
SCAFFOLD00179_518954,46.89800000000002,12
SCAFFOLD00081_317469,46.89900000000001,12
SCAFFOLD00128_275024,46.89900000000001,12
SCAFFOLD00287_134075,46.89900000000001,12
SCAFFOLD00128_1038414,46.89900000000001,12
SCAFFOLD00128_1143069,46.89900000000001,12
SCAFFOLD00081_609326,46.89900000000001,12
SCAFFOLD00276_70859,47.51600000000001,12
SCAFFOLD00327_109291,47.51600000000001,12
SCAFFOLD00216_224996,49.28100000000001,12
SCAFFOLD00257_400844,49.36900000000001,12
SCAFFOLD00293_122482,49.98600000000001,12
SCAFFOLD00293_108941,51.839000000000006,12
SCAFFOLD00293_93065,53.07400000000001,12
SCAFFOLD00216_254063,58.02800000000001,12
SCAFFOLD00065.2_997404,58.02800000000001,12
SCAFFOLD00065.2_161771,59.20500000000001,12
SCAFFOLD00065.1_271319,59.79300000000001,12
SCAFFOLD00065.2_234126,59.79300000000001,12
SCAFFOLD00065.1_513365,60.38200000000001,12
SCAFFOLD00238_208616,60.97000000000001,12
SCAFFOLD00238_208590,61.558000000000014,12
SCAFFOLD00065.2_234063,62.983000000000004,12
SCAFFOLD00238_340319,63.32400000000001,12
SCAFFOLD00238_211917,63.32400000000001,12
SCAFFOLD00007.2_2304807,63.91200000000001,12
SCAFFOLD00007.2_2528802,63.91200000000001,12
SCAFFOLD00007.2_2594419,67.937,12
SCAFFOLD00007.2_2122565,68.554,12
SCAFFOLD00007.2_2435269,68.554,12
SCAFFOLD00007.2_2435250,69.172,12
SCAFFOLD00007.2_1759440,70.407,12
SCAFFOLD00007.2_1650200,72.259,12
SCAFFOLD00007.2_237141,72.876,12
SCAFFOLD00007.2_1085723,73.494,12
SCAFFOLD00007.2_2329491,74.14099999999999,12
SCAFFOLD00007.2_684996,74.728999999999985,12
SCAFFOLD00007.2_685002,74.729,12
SCAFFOLD00007.1_1769405,74.729,12
SCAFFOLD00007.1_697347,74.729,12
SCAFFOLD00007.2_4342,74.72999999999999,12
SCAFFOLD00007.2_160152,74.72999999999999,12
SCAFFOLD00007.1_833744,74.72999999999999,12
SCAFFOLD00007.2_138602,74.72999999999999,12
SCAFFOLD00007.1_931266,74.72999999999999,12
SCAFFOLD00007.2_654271,74.72999999999999,12
SCAFFOLD00163_548502,74.72999999999999,12
SCAFFOLD00007.2_654172,74.72999999999999,12
SCAFFOLD00163_535580,74.72999999999999,12
SCAFFOLD00007.2_166,74.72999999999999,12
SCAFFOLD00007.2_1085794,74.72999999999999,12
SCAFFOLD00007.2_457397,74.72999999999999,12
SCAFFOLD00007.2_1097590,75.31799999999998,12
SCAFFOLD00007.1_110264,75.96499999999999,12
SCAFFOLD00163_461118,76.582,12
SCAFFOLD00163_912049,76.582,12
SCAFFOLD00163_912017,77.19899999999998,12
