year,accession_name,accession,row,column,berry_length,berry_width,berry_weight,num_seeds,num_peds,num_berries,total_berry_weight,upright_length,secondary_growth,dry_wt_leaves,ULvW,UMFW,TY_September,TY_October,SFY_September,SFY_October,MFW_September,MFW_October,PFR_September,PFR_October,Tacy_September,Tacy_October,Brix_September,Brix_October,TA_September,TA_October,PAC_September,PAC_October
2011,CNJ04_2_1,R3C1,3,1,22.101,18.714,2.777,21.2,4.1,2.3,5.499,3.83,1.8,0.0941,1.1809874959923052,2.3908695652173915,385.2,612.6,365.4,496.2,2.2,2.4,5.1,19,12,19,9,8.14,2.48,2.55,1.33,0.95
2011,CNJ04_2_10,R3C10,3,10,20.436,17.467,2.483,17.9,4.7,1.9,4.173,2.4,1.53333333333333,0.0674,1.1699776721818287,2.1963157894736844,523.4,369.1,497,309.4,2.4,2.7,5,16.2,6,19,8.6,9.24,2.39,2.25,1.58,1.22
2011,CNJ04_2_11,R3C11,3,11,23.555,18.626,3.01,25.3,4,2,5.36,3.42,2.6,0.0816,1.2646300869751959,2.68,432.4,706.4,314.7,628,2.8,2.9,27.2,11.1,14,20,7.7,8.14,2.24,2.33,1.51,1.12
2011,CNJ04_2_12,R3C12,3,12,20.387,17.592,2.554,14.1,3.7,2.2,4.96,3.55,2.6,0.0855,1.1588790359254209,2.2545454545454544,341.2,578.4,278.1,432,2.2,2.6,18.5,25.3,4,13,9,7.92,2.15,2.38,1.47,0.94
2011,CNJ04_2_13,R3C13,3,13,23.72,18.226,2.932,23.2,4.6,2.1,5.582,3.51,2.3,0.06136,1.3014375068583341,2.658095238095238,716.6,527.6,663.2,371,2.5,2.7,7.5,29.7,9,23,7.5,7.92,2.61,2.57,1.22,1.12
2011,CNJ04_2_14,R3C14,3,14,22.572,17.593,2.696,16.1,4.4,2.4,5.31,5.16,2.62,0.1369,1.2830102881827998,2.2125,738.6,659.7,706.8,579.7,2.5,2.8,4.3,12.1,5,13,8.4,8.8,2.33,2.34,1.4,1.16
2011,CNJ04_2_15,R3C15,3,15,23.161,19.745,3.434,22.1,4.2,1.8,5.235,3.39,1.48333333333333,0.0758,1.1730058242593062,2.9083333333333337,328.8,652.7,301.8,585.8,3.1,2.6,8.2,10.1,7,13,8.1,7.92,2.56,2.77,1.37,1.05
2011,CNJ04_2_16,R3C16,3,16,21.319,17.441,2.407,23.1,5.1,2,4.134,3.33,3.13333333333333,0.0891,1.2223496359153718,2.067,320.4,652.3,304.1,584,2.4,2.4,5.1,10.4,13,22,8.1,7.48,2.4,2.23,1.19,0.95
2011,CNJ04_2_17,R3C17,3,17,22.296,19.016,2.988,15.5,4.8,3.5,8.541,4.36,3.2,0.1088,1.1724863273033237,2.4402857142857144,680,569.1,581.2,443.6,2.5,2.7,14.4,22.1,15,22,7.5,7.7,2.72,2.25,1.49,1.26
2011,CNJ04_2_18,R3C18,3,18,21.9,17.51,2.36,22.8,5.2,2.1,4.117,3.2,1.45,0.0679,1.2507138777841231,1.9604761904761905,417.6,403.8,395.2,323.2,2.2,2.3,5.4,19.8,6,14,8.4,9.46,2.41,2.2,1.13,0.64
2011,CNJ04_2_19,R3C19,3,19,21.447,16.951,2.578,18.6666666666667,4.7,2.4,5.814,4,4,0.1124,1.265235089375258,2.4225000000000003,170.3,484.6,159.7,433.7,2.2,2.6,6.2,10.4,11,24,8.8,8.8,2.51,2.52,1.17,1.36
2011,CNJ04_2_2,R3C2,3,2,23.7277777777778,18.9177777777778,3.144,21.9,3.4,1.5,4.471,4.54,2.33333333333333,0.0739,1.2542581933513446,2.9806666666666666,508.2,696.9,491.4,599.1,2.8,2.8,3.3,14,7,19,7.5,7.26,2.57,2.48,1.17,1.51
2011,CNJ04_2_20,R3C20,3,20,20.599,16.917,2.235,23,3.9,2.1,4.055,4.03,1.35,0.086,1.2176508837264288,1.9309523809523808,342.2,407.8,335.6,346.1,2.2,2.2,1.9,15.1,5,8,8.1,8.8,2.69,2.71,1.36,1.26
2011,CNJ04_2_21,R3C21,3,21,24.25,17.74,2.772,19.3,4.11111111111111,3,6.786,3.76,2.28333333333333,0.0982,1.366967305524239,2.262,368,807,354.9,780.1,2.4,2.8,3.6,3.3,8,14,7,8.58,2.67,2.5,0.96,1.01
2011,CNJ04_2_22,R3C22,3,22,26.088,19.125,3.233,26.5,3.9,2,6.057,5.1,1,0.1048,1.3640784313725491,3.0285,119.9,195.8,112.3,122.3,2.4,2.5,6.3,37.5,22,25,8.1,8.14,2.62,2.54,1.71,1.25
2011,CNJ04_2_23,R3C23,3,23,22.01,18.272,2.723,18.4,4.8,2.6,5.862,2.66,1.85,0.0579,1.20457530647986,2.2546153846153847,764.8,583.9,745.3,541.5,2.3,2.3,2.4,7.3,10,30,7.3,8.58,2.56,2.29,1.43,1.22
2011,CNJ04_2_24,R3C24,3,24,23.515,19.916,3.224,22.6,4,2,5.713,4.06,1.95,0.0673,1.1807089777063668,2.8565,334,571.5,313.6,529.4,2.7,2.9,6.1,7.4,18,28,8.1,8.14,2.34,2.53,1.44,1.4
2011,CNJ04_2_25,R3C25,3,25,26.012,19.297,3.535,23,4.7,2.9,8.433,3.45,1.7,0.0756,1.3479815515365083,2.9079310344827585,504.5,647.7,457.7,492.9,2.8,3,9.1,23.6,19,31,7.9,7.26,2.59,2.72,1.2,1.56
2011,CNJ04_2_26,R3C26,3,26,23.057,19.097,3,21.6,5.2,2.2,5.752,3.55,NA,0.0642,1.2073624129444414,2.6145454545454543,645.4,464.9,447.7,375.5,2.5,2.7,30.6,19.2,7,13,8.1,8.14,2.37,2.19,1.54,0.94
2011,CNJ04_2_27,R3C27,3,27,21.502,18.397,2.775,19.9,3.88888888888889,2.66666666666667,6.72,2.63,1.175,0.0514,1.168777518073599,2.519999999999997,350.3,636.3,300.9,507.6,2.2,2.6,14.1,20.2,33,30,7.7,9.46,2.16,2.2,1.63,1.23
2011,CNJ04_2_28,R3C28,3,28,24.296,19.154,3.225,27.1,4.5,3,8.155,2.75,2.25,0.0702,1.2684556750548188,2.7183333333333333,310.1,428.2,271.7,331.1,2.7,2.5,12.1,22.7,14,27,7.9,7.92,2.62,2.47,1.81,1.43
2011,CNJ04_2_29,R3C29,3,29,25.713,18.153,3.165,22.7,3.6,2.6,7.27,3.43,1.225,0.083,1.4164600892414478,2.796153846153846,367.8,303.6,355.5,252.2,2.8,2.3,3.3,16.9,14,23,9.2,9.24,2.77,2.49,1.77,1.31
2011,CNJ04_2_3,R3C3,3,3,21.803,18.41,2.535,16.3,3.7,1.6,3.622,3.15,NA,0.0737,1.184302009777295,2.26375,293.4,327.9,280.2,315.6,2.5,2.3,4.4,3.8,14,30,8.1,8.58,2.69,2.5,1.36,1.23
2011,CNJ04_2_30,R3C30,3,30,24.595,18.337,2.976,19.9,4.2,2.2,5.366,3.36,2.5,0.078,1.3412771991056334,2.4390909090909085,473.3,663.8,459.1,493.3,2.5,2.7,3,25.7,11,13,8.1,7.48,2.44,2.56,1.2,1.25
2011,CNJ04_2_31,R3C31,3,31,24.058,18.572,3.101,19,4.7,2.6,6.953,3.03,2.65,0.0798,1.2953909110488908,2.6742307692307694,541.8,668.9,514.2,640.7,2.8,2.8,5.1,4.2,9,10,8.8,8.14,2.61,2.78,1.15,1.43
2011,CNJ04_2_32,R3C32,3,32,20.9071428571429,18.075,2.171,22.4,4.44444444444444,2.11111111111111,4.475,3.77,2.6,0.0879,1.156688401501682,2.1197368421052643,698.3,766.6,664,715.3,2.5,2.4,4.8,6.7,11,15,8.1,8.58,2.53,2.58,1.47,1.67
2011,CNJ04_2_33,R3C33,3,33,23.603,17.459,2.828,16.5,3.2,2.2,5.973,4.07,1.6,0.0771,1.3519101895870327,2.715,402,406.1,382.5,323.8,2.5,2.6,4.8,20.3,17,32,7.7,8.36,2.53,2.46,1.63,1.2
2011,CNJ04_2_34,R3C34,3,34,22.667,18.764,3.01,27.4,3.8,2.7,7.372,4.74,1.2,0.0958,1.2080046898315926,2.73037037037037,570.9,709,548.2,690,2.5,2.6,3.9,2.7,20,29,7.9,8.36,2.58,2.54,1.23,1.49
2011,CNJ04_2_35,R3C35,3,35,25.266,18.293,3.361,17.1,3.8,2.3,6.945,3.14,NA,0.0632,1.3811840594763023,3.0195652173913046,397.7,333.5,368.3,309.6,2.7,2.5,7.1,7.2,7,21,8.6,7.92,2.36,2.25,1.43,1.35
2011,CNJ04_2_36,R3C36,3,36,21.531,17.216,2.635,22.9,4.6,2.2,5.246,2.71111111111111,2.2,0.0537,1.2506389405204459,2.3845454545454547,529.1,526.9,445.2,333.1,2.4,2.3,15.6,36.8,13,21,8.4,8.36,2.67,2.43,1.22,1.1
2011,CNJ04_2_4,R3C4,3,4,20.712,17.809,2.463,22.1,4,2.3,5.096,3.21,1.26,0.0667,1.1630074681340894,2.2156521739130435,355.9,555.6,300.2,401.9,2.1,2.3,15.6,27.6,27,34,8.1,7.7,2.18,2.21,1.37,1.23
2011,CNJ04_2_5,R3C5,3,5,24.39,18.74,2.912,22.1,3.4,2,5.299,4.1,2.6,0.0898,1.301494130202775,2.6495,351.7,561.9,306.9,410.1,2.3,2.6,12.7,27,10,19,8.6,8.8,2.66,2.41,1.64,1.52
2011,CNJ04_2_6,R3C6,3,6,24.146,19.117,3.197,22.2,4.3,2.9,8.045,4.53,1.15,0.0984,1.263064288329759,2.774137931034483,605.9,667.7,574,513.9,2.5,2.7,5.3,23,17,19,8.8,8.14,2.64,2.5,1.35,1.38
2011,CNJ04_2_7,R3C7,3,7,22.066,18.971,2.851,21.1,3.3,1.8,4.537,4.23,1.66666666666667,0.0568,1.1631437457171472,2.5205555555555557,235.6,329.4,228.7,265.2,2.1,2.3,2.9,19.3,16,30,8.6,8.8,2.28,2.05,1.74,1.52
2011,CNJ04_2_8,R3C8,3,8,23.696,18.517,2.837,20.2,3.9,2,5.228,4.08,1.88333333333333,0.0959,1.2796889344926285,2.614,549.7,648.6,506.9,531.7,2.4,2.6,7.4,18,8,15,7.3,8.36,2.52,2.47,1.22,1.43
2011,CNJ04_2_9,R3C9,3,9,24.8177777777778,16.5988888888889,2.55,19.6,3.4,1.4,3.173,4.15555555555556,1.9,0.0794,1.4951469308521321,2.2664285714285715,283.6,210.4,254.8,146.6,2.4,2.2,10.2,30.2,8,20,8.1,9.02,2.69,2.48,1.63,1.74
2011,CNJ04_21_1,R4C1,4,1,22.791,19.631,3.179,27.6,4.2,1.2,3.878,3.68,1,0.05269,1.160969894554531,3.231666666666667,120,363.4,108,294,2.9,3,9.9,18.8,20,24,8.6,8.14,2.25,2.59,1.27,0.97
2011,CNJ04_21_10,R4C10,4,10,25.6477777777778,19.1077777777778,3.43444444444444,21.6666666666667,4.625,1.875,5.75222222222222,3.17777777777778,2.03333333333333,0.0677777777777778,1.3422690004070472,3.0678518518518505,349.9,426.5,318.5,386.4,3.1,3.1,9,9.4,14,26,7.7,8.36,2.3,2.47,1.45,1.18
2011,CNJ04_21_11,R4C11,4,11,22.874,18.494,2.726,23,4.9,2.5,5.789,3.71,1.6,0.0982,1.23683356764356,2.3156,396.6,656.7,360.7,624.7,2.5,2.5,9.1,4.9,16,17,6.8,7.26,2.56,2.52,1.35,1.07
2011,CNJ04_21_12,R4C12,4,12,25.233,18.202,2.944,25.4,4,2.625,6.856,2.28,2.4,0.08,1.386276233380947,2.611809523809524,468.2,243.1,463.4,226.6,2.6,2.6,1,6.8,17,27,7.3,7.04,2.48,2.45,1.75,1.39
2011,CNJ04_21_13,R4C13,4,13,21.802,18.481,2.909,21.8,4.8,2.1,5.562,2.98,0.7,0.065,1.179698068286348,2.6485714285714286,418.5,453.3,405.8,443,2.5,2.4,3,2.3,8,26,8.1,8.8,2.51,2.29,1.31,1.18
2011,CNJ04_21_14,R4C14,4,14,23.646,18.148,2.807,25,4.2,2.2,5.436,4.18,1.6,0.0722,1.3029534934979061,2.4709090909090907,586.4,851.7,488.5,700,2.9,2.5,16.7,17.8,15,17,7.3,7.26,2.49,2.34,2.12,1.55
2011,CNJ04_21_15,R4C15,4,15,21.272,16.735,2.347,19,4.2,1.5,3.49,2.39,1.9,0.0609,1.271108455333134,2.3266666666666667,442,305.1,387.3,287.5,2.4,2.1,12.4,5.8,12,41,8.4,8.36,2.45,2.4,1.62,1.92
2011,CNJ04_21_16,R4C16,4,16,22.041,17.006,2.502,18.6,5.4,2.1,4.141,2.97,NA,0.0571,1.296071974597201,1.9719047619047618,362.5,190.3,330.7,128.5,2,2.2,8.3,32.5,8,27,9.2,9.46,2.31,2.26,1.89,1.86
2011,CNJ04_21_17,R4C17,4,17,21.914,16.831,2.398,13,4.3,2.3,4.689,4.08,4.8,0.0836,1.3020022577386965,2.0386956521739132,121.9,305.1,92.7,265.7,1.9,1.9,24,12.9,14,15,9.5,8.8,2.44,2.61,2.02,1.45
2011,CNJ04_21_18,R4C18,4,18,22.761,18.007,2.846,21.9,3.3,1.5,4.223,3.48,2.4,0.0595,1.2640084411617702,2.8153333333333332,530.5,515.2,429.8,464.8,2.3,2.7,18.9,9.8,12,22,7.9,8.14,2.33,2.47,1.63,1.65
2011,CNJ04_21_19,R4C19,4,19,23.483,18.067,2.826,25.1,4.3,2,5.423,2.89,1.675,0.0701,1.2997730669175847,2.7115,325.3,591,313.2,573.6,2,2.9,2.6,2.9,9,24,9,8.36,2.7,2.56,1.35,1.21
2011,CNJ04_21_2,R4C2,4,2,20.349,18.636,2.501,20.8,3.9,2.1,4.819,4.24444444444444,3.525,0.1085,1.0919188667095945,2.294761904761905,629.5,386.8,611.5,338.8,2.1,2,2.9,12.4,8,19,8.4,8.14,2.5,2.29,1.39,1.21
2011,CNJ04_21_20,R4C20,4,20,19.919,17.456,2.528,20.1,4.7,2,4.615,4.27,1.425,0.0722,1.1410976168652613,2.3075,755.1,744,718.8,644.6,2.3,2.2,4.6,13.3,13,20,7.3,8.36,2.49,2.53,1.22,1.39
2011,CNJ04_21_21,R4C21,4,21,19.049,16.139,1.997,16.4,4.8,1.4,2.657,2.81,1.7,0.0464,1.18030856930417,1.897857142857143,563.5,644.5,521.1,616.3,2.3,2.5,7.5,4.4,12,23,7.7,7.92,2.46,2.34,1.28,1.33
2011,CNJ04_21_22,R4C22,4,22,24.76,18.273,2.937,21.2,2.9,1.7,4.607,3.25,1.5,0.0553,1.3550046516718657,2.7100000000000004,702.7,581.8,646.4,479.8,2.6,2.8,8,17.4,19,35,7.7,7.7,2.51,2.51,1.32,1.34
2011,CNJ04_21_23,R4C23,4,23,23.759,19.028,2.951,19.6,4.8,3.3,8.1,3.55,1.56666666666667,0.0934,1.2486335926003784,2.4545454545454546,360.3,528.9,346.3,510.7,2.3,2.3,3.9,3.4,19,39,8.8,8.36,2.32,2.24,1.4,1.32
2011,CNJ04_21_24,R4C24,4,24,21.988,17.193,2.503,12,4.2,1.6,3.686,2.7,NA,0.0457,1.2788925725585993,2.30375,279.3,292.5,275,256,2.3,2.6,1.5,12.4,6,35,7.9,8.58,2.56,2.53,1.39,1.25
2011,CNJ04_21_25,R4C25,4,25,22.755,19.016,2.937,23,3.2,1.8,4.939,3.2,NA,0.0599,1.196623895666807,2.743888888888889,410.4,477.2,374.7,404,2.6,2.9,8.6,15.3,7,12,6.4,8.14,2.33,2.67,1.24,1.49
2011,CNJ04_21_26,R4C26,4,26,22.668,18.643,2.949,21.2,4.7,2.3,5.913,4.56,1.65,0.0839,1.2158987287453735,2.5708695652173916,498,378.6,437.5,313.4,2.7,2.8,11.8,17.2,4,14,7.7,9.02,2.51,2.62,1.19,1.1
2011,CNJ04_21_27,R4C27,4,27,21.632,17.755,2.61,22.8,4,2.44444444444444,5.076,2.21,0.7,0.0516,1.2183610250633625,2.076545454545458,519.9,699,506.2,582.2,2.1,2.3,2.5,16.2,12,20,8.4,7.7,2.18,2.28,1.38,1.28
2011,CNJ04_21_28,R4C28,4,28,20.199,18.251,2.517,19.5,2.8,1.7,3.876,3.83,NA,0.0893,1.1067338775957483,2.28,241,462.6,236.3,431.4,2.1,2.3,1.7,6.7,20,8,8.4,8.14,2.51,2.66,1.64,1.25
2011,CNJ04_21_29,R4C29,4,29,20.503,18.639,2.81,8.1,5,2.1,5.129,3.21,1.38,0.065,1.100005365094694,2.442380952380952,524.3,365.6,517.5,341.7,2.6,2.4,1.3,6.4,8,21,7.3,9.24,2.64,2.4,1.26,1.31
2011,CNJ04_21_3,R4C3,4,3,22.669,16.715,2.399,23.7,3.7,1.7,3.808,1.93,1.5,0.0341,1.3562069997008674,2.2399999999999998,480.2,377.5,457.7,344.3,2.2,2.4,4.4,8.8,22,30,8.1,8.58,2.41,2.28,1.34,1.5
2011,CNJ04_21_30,R4C30,4,30,21.394,19.141,2.9,29.3,5,3.5,8.7,5.74,2.22,12.9984,1.1177054490361005,2.4857142857142853,598.6,590.6,587.3,570.8,2.4,2.7,1.9,3.3,20,36,7.9,8.14,2.5,2.43,1.26,1.12
2011,CNJ04_21_31,R4C31,4,31,23.844,18.974,3.144,23.4,3.6,2.3,6.353,3.22,2.16666666666667,0.0711,1.2566670180246653,2.7621739130434784,350.6,349.7,331.8,301.2,2.8,2.9,5.4,13.8,22,19,6.8,7.48,2.75,2.79,1.52,1.41
2011,CNJ04_21_32,R4C32,4,32,21.142,19.751,2.729,23.4,3.8,1.9,4.688,2.82,1,0.0646,1.0704268138322108,2.4673684210526314,343.6,453.4,311.9,390.2,2.9,2.9,9,13.7,22,34,7.3,7.92,2.56,2.51,1.7,1.9
2011,CNJ04_21_33,R4C33,4,33,22.008,17.825,2.659,20.7,4.33333333333333,2.22222222222222,4.409,3.91,2.45,0.084,1.234670406732118,1.9840500000000019,565.9,470.9,554.1,410.6,2.5,2.6,2.1,12.8,10,23,7.9,8.58,2.5,2.49,1.49,1.18
2011,CNJ04_21_34,R4C34,4,34,22.765,18.9,3.006,23.6,3.33333333333333,2.33333333333333,5.966,3.76,1.5,0.0763,1.2044973544973545,2.5568571428571465,660.5,723.1,630.7,645,2.5,1.9,4.5,10.8,14,23,8.1,9.02,2.31,2.26,1.42,1.38
2011,CNJ04_21_35,R4C35,4,35,19.983,18.133,2.575,18.2,4.44444444444444,2.22222222222222,5.259,5.27,2.75,0.0863,1.1020239342634977,2.3665500000000024,353.1,261.4,302.6,219.4,2.4,2.1,14.2,15.5,17,45,9.2,8.8,2.37,2.22,1.19,1.46
2011,CNJ04_21_36,R4C36,4,36,21.754,17.685,2.531,20.8,4,2,4.21,3.49,1.9,0.093,1.2300819903873341,2.105,387.5,239.5,369.5,215.2,3,2.4,4.6,9.9,17,30,7.7,7.7,2.27,2.66,1.95,1.64
2011,CNJ04_21_4,R4C4,4,4,21.965,18.911,3.126,22.9,4.2,2.1,5.17,3.15,1,0.0639,1.1614933107715086,2.4619047619047616,545.8,508.8,526.9,437.7,2.7,2.6,3.3,14,19,33,9.2,9.02,2.19,2.1,1.35,1.47
2011,CNJ04_21_5,R4C5,4,5,23.22,17.853,2.634,20.1,5.2,2.6,5.936,2.85,2.5,0.0649,1.3006217442446646,2.283076923076923,590.6,577.1,557.8,547.2,2.6,2.5,5.5,5.1,5,17,8.4,8.14,2.73,2.4,1.57,1.04
2011,CNJ04_21_6,R4C6,4,6,22.975,19.179,3.13222222222222,24.4444444444444,3.9,1.9,5.674,4.14,0.75,0.077,1.1979248135982066,2.9863157894736845,377.5,438.8,363.8,407.1,2.8,2.6,3.3,6.4,7,14,7.9,7.7,2.82,2.71,1.25,1.22
2011,CNJ04_21_7,R4C7,4,7,24.372,19.207,3.185,21.4,4.3,2.2,6.324,3.25,1.875,0.0817,1.2689123756963607,2.874545454545454,455.3,605,435.8,536.2,2.6,2.8,4.3,11.4,15,22,8.6,8.36,2.3,2.4,1.71,1.43
2011,CNJ04_21_8,R4C8,4,8,28.216,18.874,3.522,24.8,4.5,2.2,7.129,2.97,1.53333333333333,0.1031,1.4949666207481194,3.240454545454545,549.3,691.3,517.4,598.2,3,3.1,5.7,13.5,5,14,7.7,7.92,2.75,2.6,1.51,1.2
2011,CNJ04_21_9,R4C9,4,9,22.094,17.347,2.569,7.3,1.8,1,2.569,4.08,2.04285714285714,0.0597,1.2736496224130973,2.569,115.6,27.6,103.4,23.9,2.6,2.2,10.6,13.4,7,8,9.9,7.04,2.37,2.32,1.71,NA
2012,CNJ04_2_1,R3C1,3,1,21.07,16.76,2.263,13.3,4.6,1.8,3.5302,4.14,2.8375,0.1072,1.257159904534606,1.961222222222222,301.9,318.3,272.2,274,2.3,2.7,9.4,13.3,16,35,9.7,8.6,2.96,2.5,1.55,1.12
2012,CNJ04_2_10,R3C10,3,10,20.87,18.15,2.6955,16.2,4.77777777777778,2.88888888888889,6.2188,2.45,1.3,0.0602,1.1498622589531682,2.1526615384615373,424.2,310.8,356.5,261.7,2.6,2.5,14.6,15.7,10,37,9,10.3,2.6,2.29,1.16,1.43
2012,CNJ04_2_11,R3C11,3,11,23.99,18.74,3.1987,23.8,3.4,1.8,5.1561,3.14,1.78,0.0628,1.2801494130202775,2.8645,379.6,276.6,257.1,204.8,2.8,3.1,32.3,25.4,20,44,9.5,9,2.67,2.48,1.65,1.4
2012,CNJ04_2_12,R3C12,3,12,22.23,18.73,2.9879,20.9,5.5,3.3,7.7951,3.51111111111111,2.275,0.0932,1.1868659903897492,2.362151515151515,342.2,344.9,296.6,286.3,2.7,2.7,12.3,14.7,8,30,8.8,9.5,2.72,2.24,1.18,1.35
2012,CNJ04_2_13,R3C13,3,13,23.07,16.99,2.6669,14.5,3.1,1.9,4.3426,3.58888888888889,3.4,0.08,1.3578575632725134,2.285578947368421,330.4,453.9,240.2,358,2.5,2.5,25.6,20.6,15,32,7.7,8.4,2.58,2.8,1.41,1.43
2012,CNJ04_2_14,R3C14,3,14,24.06,18.11,2.8611,16.6,4.5,1.7,4.634,3.62222222222222,2.76666666666667,0.1242,1.3285477636664826,2.7258823529411766,277.5,298.6,230.8,245.4,2.2,2.4,16.3,17.3,13,31,10.3,7.7,2.85,2.35,1.75,1.3
2012,CNJ04_2_15,R3C15,3,15,22.73,18.99,3.5099,17.6,3.2,1.8,6.0509,3.48,2.275,0.1929,1.1969457609268037,3.3616111111111113,182.9,363.9,166,312.2,2.8,2.9,8.5,13.1,9,23,9,9.9,3.05,3.11,1.27,1.12
2012,CNJ04_2_16,R3C16,3,16,23.62,18.16,3.0419,18.4,4.2,2.5,6.4564,4.35,5.68571428571429,0.1446,1.300660792951542,2.58256,530.9,397.3,410.9,338.9,2.6,2.6,22.4,11.6,9,36,7.7,8.8,2.68,2.25,1.42,1.27
2012,CNJ04_2_17,R3C17,3,17,20.68,16.95,2.4466,9.7,4.1,2.4,5.212,5.69,6.1625,0.1707,1.2200589970501474,2.171666666666667,125,663.5,120.1,549.5,2.2,2.5,3.9,15.1,17,41,9.9,10.1,2.83,2.89,2.06,1.24
2012,CNJ04_2_18,R3C18,3,18,24.18,18,2.8399,24,3.3,2.1,4.9227,3.23,1.4,0.1019,1.3433333333333333,2.344142857142857,330,123.6,284.1,119.5,2.3,2.1,13.3,3.3,12,30,9.9,7.5,2.98,2.29,1.61,1.18
2012,CNJ04_2_19,R3C19,3,19,20.61,17.17,2.5635,10.2,3.44444444444444,1.77777777777778,4.1626,3.79,2.32,0.106,1.2003494467093767,2.3414624999999973,340.9,234.4,265.7,217.1,2.4,2.6,21.8,5.1,15,43,9,10.1,2.78,2.79,1.75,1.7
2012,CNJ04_2_2,R3C2,3,2,23.92,18.78,3.2666,15,2.8,1.8,5.0947,3.57,2.21666666666667,0.0857,1.2736954206602769,2.8303888888888884,243.8,309.7,204.3,257.2,2.7,2.9,14.6,11.8,7,30,7.5,9.2,2.81,2.87,1.87,1.9
2012,CNJ04_2_20,R3C20,3,20,23.76,17.87,2.7873,22.1,3.4,2.4,5.2655,3.86,2.1,0.0972,1.3296026860660324,2.1939583333333337,307.5,327.5,253.2,268.3,2.2,2.4,16.5,16.9,7,21,8.4,10.3,2.87,3.07,1.62,1.19
2012,CNJ04_2_21,R3C21,3,21,22.38,16.97,2.6893,14.1,3.33333333333333,1.88888888888889,4.5997,4.3,3.15,0.0877777777777778,1.3187978786093106,2.435135294117646,308.3,343.2,285.2,321.6,2.4,2.7,7.3,6.1,12,15,9,9.7,3,2.99,1.18,0.94
2012,CNJ04_2_22,R3C22,3,22,21.84,16.07,2.5099,25.2222222222222,2.6,1.6,3.7955,3.56,26.7,0.1089,1.359054138145613,2.3721875,27.1,39.4,21.9,32.2,1.7,2.7,16.6,18.3,22,29,8.1,8.4,2.83,2.82,1.43,1.63
2012,CNJ04_2_23,R3C23,3,23,23.36,19.05,3.3355,15.6,4.7,2.3,6.1826,3.63,2.9,0.1483,1.226246719160105,2.6880869565217393,427,397.1,351.4,352.4,2.6,2.8,15.1,8.8,10,26,8.4,7.3,2.82,2.81,1.43,1.26
2012,CNJ04_2_24,R3C24,3,24,20.75,18.71,2.8762,20.5,3.8,2.3,5.6857,3.93,1.88,0.0838,1.109032602886157,2.47204347826087,247.1,325.6,233.1,297.3,2.8,2.9,5.3,8.5,22,45,8.1,8.8,2.77,2.48,1.68,1.19
2012,CNJ04_2_25,R3C25,3,25,25.54,19.33,3.6095,21.2222222222222,3.66666666666667,2.22222222222222,6.607,5.2,1.25,0.1147,1.321262286601138,2.973150000000003,293.9,292.5,251.1,234.5,3.4,3.1,12,18.3,20,31,6.6,8.1,2.44,2.66,1.67,1.57
2012,CNJ04_2_26,R3C26,3,26,22.48,17.83,2.9344,21.4,3.9,2.1,5.8617,4.55,2.05,0.0843,1.260796410544027,2.791285714285714,431.8,340.2,327.8,262.9,2.7,2.9,23.4,22.3,10,29,9.2,9.2,2.89,2.39,1.23,0.98
2012,CNJ04_2_27,R3C27,3,27,22.17,18.85,3.191,19.1,3.2,1.6,5.1602,3.57,2.1375,0.092,1.1761273209549072,3.225125,282.3,328.1,220,267.6,3,3.4,21.4,16.7,24,34,8.1,8.8,2.34,2.5,1.3,1.12
2012,CNJ04_2_28,R3C28,3,28,21.8,18.23,2.7963,21.4,3.9,2.1,5.0139,3.13,2.41666666666667,0.0904,1.1958310477235325,2.3875714285714285,171.4,148.5,111.6,109.7,2.2,2.2,30.1,25.5,16,44,8.1,7.7,2.9,2.62,2.09,1.79
2012,CNJ04_2_29,R3C29,3,29,25.92,17.996,3.2306,18.5,3.3,2.4,7.2918,4.2,1.875,0.1323,1.4403200711269173,3.03825,550.2,310.3,484.9,272.7,2.7,3,11,11.2,15,37,8.4,9.5,2.76,2.63,1.42,1.12
2012,CNJ04_2_3,R3C3,3,3,22.41,18.29,3.0273,16.1,4.3,2.2,5.3215,3.94,1.45,0.1073,1.2252597047566978,2.4188636363636364,221.8,344.5,190.7,283.2,2.4,2.5,12.9,14.5,17,37,8.6,8.8,2.82,2.67,1.89,1.5
2012,CNJ04_2_30,R3C30,3,30,24.781,18.587,3.246,21.2,4.5,2.3,7.0243,3.26,4.01666666666667,0.1015,1.3332436649270996,3.05404347826087,249.9,606.3,217.1,543.6,2.5,2.9,12,10.3,8,23,8.4,7.9,2.82,2.26,1.52,1.06
2012,CNJ04_2_31,R3C31,3,31,24.82,17.81,3.173,19.3,3.77777777777778,2.11111111111111,5.9608,4.35,3.1,0.0895,1.393599101628299,2.823536842105265,338.2,406.2,306.4,383,2.4,2.7,8.4,5.4,8,23,12.1,10.3,2.71,2.82,1.35,1.39
2012,CNJ04_2_32,R3C32,3,32,20.74,17.86,2.6746,20.5,4.3,2.2,5.0852,2.76,2.4,0.0885,1.1612541993281074,2.3114545454545454,496.1,394,460,378,2.3,2.6,7,3.9,7,22,8.1,9.2,2.82,2.49,1.48,1.4
2012,CNJ04_2_33,R3C33,3,33,21.34,16.13,2.264,13.5,2.7,1.5,3.0155,2.85,2.03333333333333,0.1312,1.3230006199628024,2.010333333333333,233.6,160.6,172.8,141.9,2.4,2.3,17.6,11.5,22,72,7.7,9.2,2.72,2.67,1.47,1.22
2012,CNJ04_2_34,R3C34,3,34,24.0666666666667,18.7111111111111,3.07844444444444,22.2222222222222,3.66666666666667,2.22222222222222,6.25055555555556,5.13333333333333,2.13333333333333,0.11011111111111101,1.2862232779097411,2.8127500000000047,297.3,447.9,254.8,393.9,2.5,2.7,10.8,10.5,20,44,7.9,9.9,2.82,2.88,2.14,1.42
2012,CNJ04_2_35,R3C35,3,35,24.9363636363636,18.2363636363636,3.15318181818182,19.7272727272727,4.11111111111111,2.11111111111111,5.94936363636364,2.6,1.1,0.0675454545454545,1.3673978065802599,2.818119617224884,282.3,250.2,226.4,198.9,2.6,2.3,18.2,19.1,8,31,7,9.9,2.3,2.53,1.39,1.19
2012,CNJ04_2_36,R3C36,3,36,22.4,18.04,2.8135,23,4.9,2,4.921,2.26666666666667,1.46666666666667,0.0581,1.2416851441241685,2.4605,486.1,592.6,387.6,372.1,2.5,3,18.4,36.3,12,34,8.4,9.2,2.81,2.55,1.23,1.16
2012,CNJ04_2_4,R3C4,3,4,20.44,18.02,2.7685,17.1,3.7,2.6,6.6364,3.86,2.56,0.1011,1.1342952275249722,2.5524615384615386,144.6,274.3,126.3,238,2.5,2.7,12.2,13.1,30,36,8.8,8.1,2.39,2.25,1.26,1.28
2012,CNJ04_2_5,R3C5,3,5,22.33,16.76,2.6617,17.5,3.66666666666667,2,4.4131,3.74,2.26666666666667,0.095,1.3323389021479712,2.20655,142.5,229.4,107.5,199.7,2.2,2.9,23.6,12.4,11,26,8.1,10.3,2.82,3.51,1.79,1.85
2012,CNJ04_2_6,R3C6,3,6,22.47,17.83,2.9808,17.2,4.7,2.4,6.6198,3.15,NA,0.0623,1.2602355580482334,2.75825,492.3,424.1,410.7,347.5,2.6,2.4,16.4,17.1,16,28,7.3,9.2,2.8,2.82,1.49,1.22
2012,CNJ04_2_7,R3C7,3,7,21.03,17.81,2.4839,15.8,2.9,1.6,3.5862,3.307,1.8375,0.077,1.1807973048848963,2.2413749999999997,156.9,172.6,132.5,121.5,2.2,2.6,15,28.9,27,26,9,9.2,2.82,3.02,1.64,1.6
2012,CNJ04_2_8,R3C8,3,8,22.47,17.43,2.7261,16.8,5,2,4.9958,13.4457142857143,16.9,0.1113,1.2891566265060241,2.4979,362.1,207.7,273.5,180,2.3,2.3,24.3,12.3,12,28,7.9,9,3.14,2.7,1.55,1.58
2012,CNJ04_2_9,R3C9,3,9,24.52,16.52,2.6233,16,4.1,1.7,4.262,2.25,1.6,0.0774,1.4842615012106537,2.5070588235294116,327,320.9,237,226.7,4.5,2.9,26.4,28.9,8,32,8.1,10.1,2.68,3.01,1.53,1.64
2012,CNJ04_21_1,R4C1,4,1,20.61,17.53,2.6797,15.1428571428571,2.7,1.5,3.9308,3.42,2.425,0.0892,1.1756988020536223,2.6205333333333334,173.7,280.6,91.9,167.7,2.5,2.7,45.1,36.6,34,35,9.7,9.9,2.76,2.86,1.31,1.08
2012,CNJ04_21_10,R4C10,4,10,22.85,17.63,3.1608,23.5,4.5,2.3,6.9161,3.62,1.4,0.073,1.2960862166761205,3.007,273.5,246.6,158.6,154.1,3.1,3.5,41.6,37,17,49,8.1,9.7,2.73,2.82,1.3,1.11
2012,CNJ04_21_11,R4C11,4,11,23.46,17.79,2.7527,20.9,4.1,2.7,6.1265,2.91,3.13333333333333,0.0831,1.318718381112985,2.269074074074074,448.6,217.5,288,163.6,2.7,2.5,35,24.2,12,43,8.1,9.2,2.86,2.68,1.4,1.05
2012,CNJ04_21_12,R4C12,4,12,25.75,17.76,3.0554,18.8,3,2,5.5666,3.26,1.63333333333333,0.103,1.4498873873873872,2.7833,149.6,122.4,127,104.5,2.6,2.5,14.5,14.1,13,55,7,9.2,2.84,2.71,1.95,1.28
2012,CNJ04_21_13,R4C13,4,13,21.37,18.74,2.87988888888889,21.6666666666667,2.66666666666667,2.11111111111111,5.7096,3.5707,1.85,0.0811,1.1403415154749201,2.7045473684210544,319.6,308.4,233.3,212.9,2.2,2.7,23.4,30.3,18,48,8.6,8.6,2.66,2.42,1.36,1.33
2012,CNJ04_21_14,R4C14,4,14,24.42,17.74,3.1456,18.7,4,1.375,4.2003,4.47,2.46666666666667,0.0886,1.3765501691093576,3.054763636363637,284.6,342.6,167.6,155.8,2.7,3.1,36.5,53.9,19,41,8.6,9,2.5,2.86,1.77,1.77
2012,CNJ04_21_15,R4C15,4,15,21.98,17.34,2.4954,17.5,3.6,2.3,4.9658,3.09,3.94,0.0905,1.2675893886966552,2.1590434782608696,303.1,296.8,240.8,261.3,2.8,2.7,20.3,11.8,18,47,8.4,8.8,2.82,2.82,1.36,1.32
2012,CNJ04_21_16,R4C16,4,16,23.78,17.65,2.8789,17.9,3.5,1.8,4.4625,3.9,2.46,0.0937,1.3473087818696885,2.479166666666667,520.4,293.8,344.8,230.4,2.8,2.7,31.6,20.6,12,27,8.1,9.2,2.75,2.46,1.64,1.5
2012,CNJ04_21_17,R4C17,4,17,19.32,15.69,1.9187,11.7,3.3,2,3.345,2.55,1.76666666666667,0.0686,1.2313575525812621,1.6725,183.7,194.5,148.8,152.6,2,1.9,18.3,21.4,14,34,8.6,10.3,2.87,2.82,1.56,1.23
2012,CNJ04_21_18,R4C18,4,18,22.91,18.15,3.0459,22.7,2.7,1.8,5.3703,3.73,3.95,0.0958,1.2622589531680442,2.9835000000000003,382.8,297.2,203.7,200.9,2.7,2.4,41.8,31.3,13,36,8.4,9.2,2.73,2.66,1.94,1.4
2012,CNJ04_21_19,R4C19,4,19,21.72,17.37,2.5406,19.4,3.8,1.4,3.6179,3.8,2.075,0.0984,1.250431778929188,2.584214285714286,447,420.5,414.3,380.8,2.3,2.7,6.7,8.9,13,31,8.1,8.4,2.82,2.54,1.29,1.36
2012,CNJ04_21_2,R4C2,4,2,19.77,17,2.2145,14.4444444444444,3.6,1.8,3.2099,4.58,3.675,0.3408,1.1629411764705881,1.7832777777777777,323.2,159.1,231.4,109.3,2.1,2,21.3,29.2,13,30,9,9.7,2.97,2.38,1.49,1.72
2012,CNJ04_21_20,R4C20,4,20,20.55,17.67,2.7337,16.2,5.6,3.2,7.0539,4.47,2.8625,0.1276,1.162988115449915,2.2043437499999996,307.7,280.1,215.4,189.3,2.4,2.6,28.4,30.7,17,47,8.1,10.6,2.88,1.94,1.5,1.67
2012,CNJ04_21_21,R4C21,4,21,20.9666666666667,16.7666666666667,2.50433333333333,21.6666666666667,4.66666666666667,2.55555555555556,5.29355555555556,2.81111111111111,1.52,0.0862222222222222,1.2504970178926436,2.0713913043478245,374.3,400.6,305.5,352,2.2,2.5,17.9,10.4,14,37,9,9.2,2.83,2.63,1.92,1.78
2012,CNJ04_21_22,R4C22,4,22,22.28,17.31,2.9307,12.1,3.4,1.9,5.1232,3.91,1.725,0.1039,1.2871172732524554,2.696421052631579,178.1,169.3,91.4,105.9,2.6,3,46.1,30.5,16,46,7.7,8.4,2.8,3.41,1.52,1.47
2012,CNJ04_21_23,R4C23,4,23,22.28,17.16,2.5001,15.6,5.6,2.7,5.5761,3.6875,2.525,0.1242,1.2983682983682985,2.0652222222222223,259.9,506.6,246.4,450.3,2.1,2.1,4.4,8.6,18,41,8.8,10.1,2.93,2.46,1.67,1.44
2012,CNJ04_21_24,R4C24,4,24,21.97,18.26,2.9509,14,2.9,2,4.988,3.41,1.7,0.089,1.2031763417305585,2.494,95.6,118.4,73.9,98.9,2.4,2.4,22.3,12.2,9,27,8.8,9.5,2.97,2.77,1.53,1.52
2012,CNJ04_21_25,R4C25,4,25,23.2,19.12,3.3746,24.1,4.2,2.2,6.2467,4.51,2.35,0.1016,1.213389121338912,2.8394090909090903,377.5,300.5,325.8,242.5,2.7,2.7,13.1,17.6,5,30,8.4,9,3.17,2.57,1.59,1.5
2012,CNJ04_21_26,R4C26,4,26,20.95,17.75,2.7583,21.4,3.7,2,4.7054,3.9,NA,0.087,1.180281690140845,2.3527,148.4,397.7,129.5,317.2,2.4,2.6,11.7,18.5,6,15,9,10.1,2.71,2.43,1.24,1.12
2012,CNJ04_21_27,R4C27,4,27,21.56,17.54,2.7169,17.6,2.625,1.75,4.2036,3.62,NA,0.0694,1.2291904218928165,2.4020571428571427,327.1,357.2,299.7,266.5,2.7,2.9,8,21.5,14,28,8.6,8.4,2.68,2.18,1.09,1.35
2012,CNJ04_21_28,R4C28,4,28,20.45,17.87,2.5806,21.3,4,1.8,4.3596,3.04,NA,0.0908,1.1443760492445438,2.422,182.1,245.7,160,228.1,2.2,2.4,10.6,5.7,13,31,8.4,9.2,2.94,2.56,1.35,1.19
2012,CNJ04_21_29,R4C29,4,29,19.39,18.33,2.4359,6.2,3.6,1.9,3.9186,3.69,1.62857142857143,0.0765,1.0578286961265686,2.062421052631579,443.4,291.3,390.2,276,2.5,2.3,10.6,5.3,8,25,8.1,9.9,2.84,2.76,1.94,1.34
2012,CNJ04_21_3,R4C3,4,3,26.38,18.96,3.5569,23.8,3.8,2,6.0174,3.03,1.68571428571429,0.08,1.391350210970464,3.0087,40,107.2,34.1,102.2,2.4,2.6,14.8,3.7,20,28,7.9,8.4,2.82,3.15,2,1.18
2012,CNJ04_21_30,R4C30,4,30,21.4777777777778,18.3666666666667,2.74022222222222,20,4.88888888888889,3,6.82244444444444,4.37777777777778,2.85,0.114444444444444,1.1693889897156675,2.274148148148147,478.8,607.1,409.2,547.8,2.2,3.8,12.8,8.1,19,34,10.6,9,3.3,2.63,1.26,1.18
2012,CNJ04_21_31,R4C31,4,31,23.69,18.81,3.1505,24.6,2.44444444444444,1.77777777777778,4.8079,3.76,3.08,0.0968,1.2594364699627858,2.7044437499999967,87.4,144.8,74.4,120.5,2.6,3,14.6,15.9,19,28,7.5,9.5,3.07,3.13,1.28,1.3
2012,CNJ04_21_32,R4C32,4,32,20.8,18.63,2.8556,15.1,3,2,5.3088,3.66,2.1,0.1087,1.116478797638218,2.6544,173.6,199.5,152.5,116.2,2.6,2.7,12.1,11.9,23,48,8.4,9.2,2.85,2.82,1.86,2.06
2012,CNJ04_21_33,R4C33,4,33,19.93,16.57,2.1446,13.9,3.4,2.1,3.8628,2.61,1.55833333333333,0.0806,1.2027761013880507,1.8394285714285714,259.2,398.1,234.1,333.7,2.2,2.2,7.3,12.5,10,33,7.5,8.6,2.8,2.68,1.88,1.9
2012,CNJ04_21_34,R4C34,4,34,23.68,17.6,2.4494,18.2,4.33333333333333,2.11111111111111,4.0856,2.23333333333333,0.8,0.0533,1.3454545454545452,1.935284210526317,332.7,663.2,292.2,566.8,2.4,2.7,9.9,11.9,13,43,7.7,9.7,2.29,2.18,1.63,1.55
2012,CNJ04_21_35,R4C35,4,35,21.76,19.81,2.4001,19.7,4.2,1.5,3.346,4.06,1.4,0.0661,1.098435133770823,2.2306666666666666,402.9,302.3,332.9,242.3,2.4,2.3,15.5,17.1,19,34,7.5,8.6,2.36,2.29,1.42,1.59
2012,CNJ04_21_36,R4C36,4,36,21.69,16.15,2.4192,16.1,3.7,2,4.2611,3.84,1.85,0.0895,1.3430340557275544,2.13055,281.3,265.9,234.6,214.2,2.4,2.6,14.2,18.5,16,62,6.8,9.5,2.56,2.85,1.7,2.35
2012,CNJ04_21_4,R4C4,4,4,19.84,17.05,2.4663,17.7777777777778,4.5,1.7,4.1349,2.91,2.55714285714286,0.0796,1.1636363636363636,2.432294117647059,194.3,196.6,123.2,126.2,2.4,2.9,35.2,34.2,33,53,8.8,10.1,2.08,2.35,1.46,1.18
2012,CNJ04_21_5,R4C5,4,5,20.8,15.21,2.1454,9.55555555555556,3.1,1.4,2.7404,3.34,3.13333333333333,0.0986,1.3675213675213675,1.9574285714285717,606.1,407.1,456.4,365.6,2.5,2.3,23.9,10.2,27,31,9.5,8.8,2.67,2.34,1.49,1.54
2012,CNJ04_21_6,R4C6,4,6,20.55,17.18,2.5612,18.5,4.6,2.3,4.6136,2.92,2.36666666666667,0.0574,1.1961583236321305,2.005913043478261,278.5,381.1,194,313.4,2.2,2.7,27.5,17.4,6,28,6.6,9.7,2.43,2.84,1.36,0.95
2012,CNJ04_21_7,R4C7,4,7,22.37,17.74,3.0481,17,4.6,2,5.8612,3.5,3.18,0.099,1.2609921082299889,2.9306,107.2,394.4,74.9,237.7,2.3,2.9,29.4,33.3,33,39,9,9,2.51,2.45,1.67,1.45
2012,CNJ04_21_8,R4C8,4,8,27.5,17.93,3.6505,22,3.77777777777778,1.55555555555556,5.1748,3.43,1.675,0.1112,1.5337423312883436,3.3266571428571337,219.7,480.8,114,294.6,2.3,3.1,47.7,38.2,18,29,8.1,9,2.99,2.82,1.45,1.24
2012,CNJ04_21_9,R4C9,4,9,20.1666666666667,16.0222222222222,2.0843,9.55555555555556,1.5,1.2,2.2409,4.64,2.08,0.0972,1.258668515950073,1.8674166666666667,10.5,20.9,10.2,10.8,2,2.2,0,48.3,14,23,9.9,10.6,2.31,2.65,1.62,1.65
2012,Mullica_Queen,R6C29,6,29,23.51,16.93,2.761,17.1,3.6,2.1,4.8449,2.85,1.075,0.071,1.3886591848789134,2.307095238095238,NA,NA,NA,NA,NA,NA,NA,NA,NA,NA,NA,NA,NA,NA,NA,NA
2012,Stevens,R6C28,6,28,21.15,17.4,2.7429,16.9,4.11111111111111,2.22222222222222,5.9512,3.05,1.55,0.0763,1.2155172413793103,2.6780400000000024,NA,NA,NA,NA,NA,NA,NA,NA,NA,NA,NA,NA,NA,NA,NA,NA
2014,CNJ04_2_1,R3C1,3,1,18.35,16.52,2.008,17.1,5.55555555555556,2,3.591,2.62,1.7,NA,1.1107748184019373,1.7955,324.4,377.1,157.1,118.8,1.8,1.8,51.2,68.5,13,37,7.7,9.9,2.44,2.43,1.07,1.16
2014,CNJ04_2_10,R3C10,3,10,18.19,17.04,2.2085,14.1,6.22222222222222,2.66666666666667,5.3964,2.83,NA,NA,1.0674882629107982,2.0236499999999973,347,204,324.8,167.2,2,2.2,6.1,18,16,34,7.7,8.8,2.26,2.01,1.05,1.22
2014,CNJ04_2_11,R3C11,3,11,21.18,17.53,2.4728,19.4,5.1,1.9,4.3659,2.74,NA,NA,1.2082144894466629,2.297842105263158,194.7,380.4,172.2,333.6,2.3,2.2,11.4,12.3,15,43,7.7,8.6,2.39,2.2,1.17,1.11
2014,CNJ04_2_12,R3C12,3,12,19.62,17.78,2.577,20.5,4.6,2.5,5.462,4.96,NA,NA,1.1034870641169854,2.1848,518.2,428.1,505.6,398.9,2.2,2.1,2.4,6.8,9,36,8.1,8.8,2.39,2.15,0.96,1.36
2014,CNJ04_2_13,R3C13,3,13,19.76,15.85,1.9943,19.4,4.3,2,3.7467,2.25,NA,NA,1.2466876971608833,1.87335,298.8,247.3,283.7,239.3,1.9,1.9,4.7,3.2,15,47,7,9.2,2.49,2.42,1.2,1.24
2014,CNJ04_2_14,R3C14,3,14,19.31,15.47,1.9018,17.4,5.6,1.7,2.9918,2.62,NA,NA,1.2482223658694245,1.7598823529411765,410.4,183.7,387.2,149.9,1.7,1.7,4.4,18.4,12,40,8.1,8.4,2.34,2.75,1.51,1.38
2014,CNJ04_2_15,R3C15,3,15,20,18.25,2.73,19.9,5.3,1.9,4.714,5.05,NA,NA,1.095890410958904,2.481052631578948,343.7,444.9,317.2,427,2.6,2,7.2,4,7,35,7.7,8.8,2.61,2.6,1.24,1.07
2014,CNJ04_2_16,R3C16,3,16,21.54,17.47,2.6333,22.1,5.4,2.4,5.171,3.66,1.5,NA,1.2329708070978822,2.1545833333333335,335.2,312,293.7,274.8,2.1,1.9,12.2,11.9,8,41,7,9,2.49,2.22,1.07,1.04
2014,CNJ04_2_17,R3C17,3,17,18.5,17.14,2.195,14.4,4.5,2.9,5.252,3.93,2.35,NA,1.0793465577596266,1.8110344827586207,168.2,92,155.2,84.9,1.8,2,7.7,7.7,24,56,8.6,9,2.55,2.4,1.26,1.26
2014,CNJ04_2_18,R3C18,3,18,20.01,17.11,2.298,19.9,3.66666666666667,2.88888888888889,5.617,3.4,1.1,NA,1.169491525423729,1.944346153846153,525.7,263.5,513.3,258.4,1.7,1.9,2.2,1.9,8,31,9,7.7,2.82,2.21,1.56,1.25
2014,CNJ04_2_19,R3C19,3,19,19.59,16.73,2.3588,14.7,4.33333333333333,2.11111111111111,4.1651,2.8,NA,NA,1.1709503885236103,1.972942105263159,365.5,257.6,347.5,252.5,1.9,2.2,4.9,2,12,56,7,9.7,2.72,2.82,1.7,1.49
2014,CNJ04_2_2,R3C2,3,2,19.69,16.56,2.1141,14.9,4.55555555555556,2.11111111111111,4.4572,2.91,NA,NA,1.1890096618357489,2.111305263157896,273.2,138.7,100.6,56,2,2.2,63,59.6,8,31,6.4,9.2,2.52,2.52,1.33,1.34
2014,CNJ04_2_20,R3C20,3,20,19.08,15.96,2.0386,22.5,4.3,2.3,4.1351,2.91,NA,NA,1.1954887218045112,1.7978695652173917,317.9,326.5,314.2,316.9,1.9,2.1,1,2.9,4,17,7.9,7.9,2.65,2.77,1.31,1.06
2014,CNJ04_2_21,R3C21,3,21,20.79,17.21,2.506,23.4,4.8,2.7,5.795,3.05,NA,NA,1.2080185938407901,2.146296296296296,365.2,338.8,359.2,311.4,2,2,1.6,8.1,10,27,7,9.2,2.56,2.02,1.1,1.04
2014,CNJ04_2_22,R3C22,3,22,21.89,17.34,2.688,25.2,2.9,1.5,3.863,3.96,NA,NA,1.26239907727797,2.5753333333333335,91.2,49.4,88.3,33.8,2.6,2,3.2,31.6,17,30,7.5,7.5,2.71,2.78,1.5,1.63
2014,CNJ04_2_23,R3C23,3,23,20.41,17.49,2.5356,15.8,4.3,3.1,6.4843,3.64,1.95,NA,1.166952544311035,2.0917096774193547,383.6,375.7,360.5,341.6,2.1,2,5.9,9.1,9,42,7.5,9,2.46,2.26,1.31,1.14
2014,CNJ04_2_24,R3C24,3,24,19.2181818181818,17.9909090909091,2.45909090909091,19.5454545454545,4.36363636363636,2.18181818181818,4.77090909090909,2.86363636363636,NA,NA,1.0682162708438592,2.186666666666668,290.7,502,284.5,478.7,2.4,2.2,2.1,4.6,20,50,7.5,8.4,2.46,2.37,1.55,1.54
2014,CNJ04_2_25,R3C25,3,25,22.53,17.81,2.7711,20.8,4.6,3.1,7.6599,4.17,NA,NA,1.265019651880966,2.4709354838709676,527.8,430,523.5,414.8,2.6,2.4,0.7,3.5,16,55,7.3,8.8,2.64,2.61,1.08,1.63
2014,CNJ04_2_26,R3C26,3,26,21.12,16.58,2.348,16.9,5.5,2.3,4.592,3.58,1,NA,1.2738238841978289,1.9965217391304348,344.8,298.5,335.9,277.5,2.2,2.1,2.5,7,9,26,7.7,8.1,2.26,2.25,0.83,1.27
2014,CNJ04_2_27,R3C27,3,27,18.64,18.01,2.4356,24.3,5.3,2.3,5.1895,2.43,1.2,NA,1.0349805663520266,2.256304347826087,455.5,428.1,444,418.3,2.1,2.6,2.3,2.3,17,42,7.9,8.6,2.37,2.08,1.17,1.39
2014,CNJ04_2_28,R3C28,3,28,19.36,16.83,2.1291,24.1,4.5,2.4,4.6675,2.64,NA,NA,1.150326797385621,1.944791666666667,449.5,322.5,434.9,315.7,2.1,2,3.2,2.1,15,32,7.5,8.6,2.5,2.45,1.53,1.53
2014,CNJ04_2_29,R3C29,3,29,21.59,16.36,2.372,18.9,4.7,2.2,4.584,3.14,NA,NA,1.319682151589242,2.0836363636363635,536.7,308.2,529.1,298.5,2.2,2.3,1.2,3.1,12,41,7.3,9,2.34,2.52,1.09,1.33
2014,CNJ04_2_3,R3C3,3,3,19.2,16.42,2.154,18,4,2,4.2149,2.98,NA,NA,1.1693057247259437,2.10745,317.7,230.6,211.7,177.6,2,2.1,33.1,23,24,42,7.7,8.6,2.42,2.64,1.21,1.32
2014,CNJ04_2_30,R3C30,3,30,20.61,16.16,2.166,14.5,4.6,2.3,4.277,3.11111111111111,NA,NA,1.2753712871287128,1.8595652173913046,624.2,561.8,595.5,541.9,2.3,2.1,4.5,3.5,6,23,7.5,8.1,2.59,2.42,1.24,1.12
2014,CNJ04_2_31,R3C31,3,31,21.08,16.3,2.2825,11.6,4.44444444444444,2.77777777777778,5.4359,3.24,0.8,NA,1.2932515337423311,1.9569239999999986,317.9,372,314.7,350.7,2,2.3,1,5.7,5,30,7.5,8.6,2.57,2.5,1.53,1.37
2014,CNJ04_2_32,R3C32,3,32,19.38,17.18,2.36,21.4,5.33333333333333,1.77777777777778,4.156,2.4,NA,NA,1.1280558789289872,2.337749999999997,374.7,461.7,368.9,413.1,2.1,1.9,1.4,10.5,14,30,7.5,8.6,2.4,2.3,1.07,1.13
2014,CNJ04_2_33,R3C33,3,33,20.65,16.19,2.319,14.8,4.7,2.2,4.467,2.99,NA,NA,1.275478690549722,2.0304545454545453,264.1,220.8,251.4,219.1,2.1,1.9,4.8,0.8,17,49,7.3,7.9,2.45,2.58,1.29,1.29
2014,CNJ04_2_34,R3C34,3,34,20.7,17.35,2.592,19.2,3.7,2.3,5.053,3.3,NA,NA,1.1930835734870315,2.1969565217391307,372,209.1,349.8,203.9,2.2,2.7,5.8,2.5,15,51,7.5,7.9,2.56,2.57,1.24,1.42
2014,CNJ04_2_35,R3C35,3,35,20.81,16.52,2.428,13.9,4.4,2.2,4.807,3.49,2.5,NA,1.259685230024213,2.185,555.1,341,519.6,315.2,2.2,2.1,6.3,7.6,8,34,7.7,8.4,2.3,2.26,1.03,1.44
2014,CNJ04_2_36,R3C36,3,36,19.75,16.29,2.314,18.7,4.3,2.2,4.508,2.6,NA,NA,1.212400245549417,2.049090909090909,518,63.8,430.5,63.8,2.1,2.5,16.7,0,8,37,8.4,9.7,2.64,2.59,1.19,1.3
2014,CNJ04_2_4,R3C4,3,4,18.29,16.37,2.1706,22,5.2,2.4,4.8065,2.03,1.2,NA,1.1172877214416614,2.0027083333333335,387.3,343.4,373.7,333.1,2.2,2.1,3.5,3,22,37,7,9.2,2.2,2.25,1.41,1.44
2014,CNJ04_2_5,R3C5,3,5,20.33,16.12,2.212,18.5,4.5,2.25,4.1391,3.03333333333333,0.9,NA,1.2611662531017367,1.8396,256.7,168.3,245.6,161.2,2,2.3,4.2,4.2,10,33,7.7,8.4,2.61,2.82,1.54,1.53
2014,CNJ04_2_6,R3C6,3,6,19.8777777777778,17.7888888888889,2.587,23,5.625,3.5,7.11755555555556,3.38888888888889,NA,NA,1.1174266083697697,2.033587301587303,324.2,293.6,309.7,280.9,2.2,2.1,4.4,4.3,25,58,8.4,9.2,2.5,2.23,1.51,1.26
2014,CNJ04_2_7,R3C7,3,7,18.17,17.32,2.158,18.4,4.2,2.5,4.552,3.07,1.3,NA,1.0490762124711317,1.8207999999999998,403.3,409.6,389.4,390.4,2.1,2.2,3.2,4.7,19,80,7,9,2.48,2.16,1.41,1.57
2014,CNJ04_2_8,R3C8,3,8,20.26,17.12,2.259,18.7,5.66666666666667,2.55555555555556,5.171,2.84,NA,NA,1.183411214953271,2.0234347826086925,456.2,447.8,441.3,423.5,2.1,2,3.1,5.4,10,47,7.7,8.6,2.55,2.54,1.49,1.33
2014,CNJ04_2_9,R3C9,3,9,23.18,16.53,2.453,26.9,5,2.5,5.295,3.11,NA,NA,1.4022988505747125,2.118,538.6,316.1,516.4,292.1,2.2,2.7,4,7.6,12,41,5.9,7.5,2.54,2.48,1.08,1.2
2014,CNJ04_21_1,R4C1,4,1,21.46,18.72,3.1304,28.1,4,1.88888888888889,4.8026,4.28,NA,NA,1.1463675213675215,2.5425529411764693,208.3,341,135.7,205,2.8,2.6,34.8,39.2,15,33,7,7.9,2.51,2.36,1.02,1.18
2014,CNJ04_21_10,R4C10,4,10,23.16,18.59,3.0611,24.2,4.66666666666667,2.55555555555556,6.5894,3.54,NA,NA,1.2458310919849382,2.5784608695652134,385.6,394.7,362.5,371.4,2.7,2.8,5.8,5.9,15,31,6.6,7.7,2.26,2.6,1.26,1.14
2014,CNJ04_21_11,R4C11,4,11,19.97,16.47,2.2144,19,4.875,2.25,5.0153,3.3,NA,NA,1.2125075895567698,2.229022222222222,368.7,305.3,341.1,294.5,1.8,2.3,7.4,3.5,16,40,7.3,8.1,2.48,2.35,1.01,1.25
2014,CNJ04_21_12,R4C12,4,12,22,16.79,2.4732,25.8,3.6,2.1,4.7587,2.2,NA,NA,1.3103037522334724,2.266047619047619,500,237.9,481.2,212.4,2.5,2.1,3.5,10.7,19,45,6.4,7.5,2.54,2.59,0.94,1.12
2014,CNJ04_21_13,R4C13,4,13,18.95,16.3,2.1289,19.1,4.7,2.5,4.6305,2.72,NA,NA,1.1625766871165644,1.8521999999999998,302.6,313,295.2,298.8,2.1,2,2.2,4.5,19,43,7.5,9,2.4,2.4,1.66,1.34
2014,CNJ04_21_14,R4C14,4,14,21.83,15.92,2.4044,21.4,4.33333333333333,2.55555555555556,5.1576,2.93,NA,NA,1.3712311557788943,2.018191304347823,269.2,439.8,242.9,421.5,2.1,2.2,9.7,4.2,17,48,8.1,8.4,2.36,2.26,1.38,1.51
2014,CNJ04_21_15,R4C15,4,15,20.31,17.41,2.49,26.1,5.88888888888889,2.88888888888889,5.996,3.5,0.8,NA,1.1665709362435381,2.0755384615384607,470,459.8,448.8,430.9,1.9,2.1,4.4,6.3,10,68,7.5,8.6,2.64,2.36,1.38,1.32
2014,CNJ04_21_16,R4C16,4,16,19.98,16.12,2.156,18.9,5,2.5,4.706,3.2,1.8,NA,1.2394540942928038,1.8824,438.6,383.8,418.2,349.6,2,2.1,4.4,8.9,9,36,6.6,9,2.5,2.26,1.27,1.16
2014,CNJ04_21_17,R4C17,4,17,19.2,15.46,1.895,11,4,2.4,3.828,3.1,0.55,NA,1.241914618369987,1.595,182.1,364.2,174.9,315.3,1.7,1.7,3.8,13.4,9,23,8.4,8.4,2.57,2.66,1.72,1.47
2014,CNJ04_21_18,R4C18,4,18,19.05,16.2,2.1915,19.2,4.7,2.6,5.2207,3.94444444444444,NA,NA,1.175925925925926,2.0079615384615384,608.6,651,576.4,602.4,2.1,2.3,4.7,7.5,12,34,7,10.8,2.65,2.72,1.49,1.28
2014,CNJ04_21_19,R4C19,4,19,20.13,17.01,2.3493,23.5,4.5,2,4.2258,2.55,0.5,NA,1.1834215167548499,2.1129,366.8,392.4,361.2,331,1.9,1.9,1.5,15.4,15,46,7,8.1,2.51,2.47,1.17,1.23
2014,CNJ04_21_2,R4C2,4,2,18.41,16.53,1.9996,15.3,4.66666666666667,2.33333333333333,4.3583,3.36,NA,NA,1.1137326073805203,1.8678428571428598,316.1,443.6,162.5,230.5,1.8,2.2,48.3,48,16,27,7.7,7.7,2.08,2.47,1.19,1.32
2014,CNJ04_21_20,R4C20,4,20,17.51,16.56,2.102,17.9,5.3,2.5,4.534,3.62,1.8,NA,1.0573671497584543,1.8135999999999999,116.6,142.5,108.9,125.5,1.7,1.9,6.3,11.9,19,50,7.3,9.2,2.47,2.61,1.92,1.97
2014,CNJ04_21_21,R4C21,4,21,18.27,15.64,1.9194,18.5,4.5,3.5,5.5053,3.25,1.3,NA,1.168158567774936,1.5729428571428572,420.7,317,406.2,276,1.6,2,3.4,12.9,14,43,7.7,8.6,2.44,2.69,1.31,1.4
2014,CNJ04_21_22,R4C22,4,22,21.83,16.98,2.4625,18.6,4.5,2.8,5.8859,4.09,NA,NA,1.285630153121319,2.102107142857143,322.7,411.1,295.5,374.3,2.3,2.5,7.8,9,28,38,7.3,8.4,2.5,2.66,1.54,1.64
2014,CNJ04_21_23,R4C23,4,23,19.96,16.33,2.0089,14.3,5.2,2.7,4.65,3.175,2.2,NA,1.222290263319045,1.7222222222222223,444.1,321.1,428.7,320,1.7,1.7,3.3,0.3,8,55,7.3,8.8,2.54,2.45,1.46,1.41
2014,CNJ04_21_24,R4C24,4,24,18.98,16.88,2.188,16.4,4.5,2.8,5.065,3.035,NA,NA,1.1244075829383888,1.8089285714285717,257.8,106.8,253.7,103.1,2.1,2.1,1.5,3.5,9,31,6.6,7.9,2.82,2.48,1.54,1.29
2014,CNJ04_21_25,R4C25,4,25,19.27,18.26,2.577,21.2,4.1,2.6,5.677,3.66,0.5,NA,1.055312157721796,2.1834615384615383,416.5,454.1,399.3,431.9,2.1,2.3,4,4.9,8,28,6.8,7.9,2.52,2.38,0.87,1.1
2014,CNJ04_21_26,R4C26,4,26,18.13,15.83,2.145,18.5,3.9,2.2,4.6404,3.44,0.6,NA,1.1452937460518002,2.1092727272727267,179,391.3,171.9,360.1,2,2.4,3.5,8,9,20,8.1,7.9,2.25,2.44,0.86,1.04
2014,CNJ04_21_27,R4C27,4,27,19.68,17.74,2.49,25.2,4.7,2.7,5.551,3.18888888888889,NA,NA,1.109357384441939,2.055925925925926,284.4,376.1,271.3,362.5,1.8,2.1,4.2,3.6,10,33,7,7.5,2.39,2.38,1.16,1.03
2014,CNJ04_21_28,R4C28,4,28,17.94,16.38,1.9392,16.8,4.44444444444444,2.66666666666667,4.3648,2.86,NA,NA,1.0952380952380953,1.6367999999999978,409.1,332.6,400.3,285.4,1.8,1.7,2.1,14.2,16,36,7.9,8.1,2.44,2.26,1.66,1.52
2014,CNJ04_21_29,R4C29,4,29,16.88,16.62,2.0675,11,4.88888888888889,2.44444444444444,4.6119,3.82,1.95,NA,1.0156438026474126,1.886686363636367,393.1,474.4,386.4,449.2,1.9,2.1,1.6,5.3,9,31,7,7.9,2.33,2.56,1.41,1.33
2014,CNJ04_21_3,R4C3,4,3,21.62,16.14,2.2261,24.6,4.66666666666667,2,4.1333,3.838,NA,NA,1.339529120198265,2.06665,275.4,234.6,188.4,169.5,1.8,2.1,31.3,27.7,26,42,7.5,7.7,2.21,2.31,1.46,1.28
2014,CNJ04_21_30,R4C30,4,30,18.86,16.58,2.0895,24,5.7,2.4,4.4015,3.2,1.95,NA,1.1375150784077201,1.8339583333333336,277.1,519.9,267.6,509.3,1.7,1.8,3.3,2,12,49,7.9,8.6,2.51,2.23,1.13,1.27
2014,CNJ04_21_31,R4C31,4,31,21.26,17.99,2.8046,26.7,4.2,2.4,5.7269,3.2375,NA,NA,1.181767648693719,2.3862083333333333,457.2,351.4,449.4,330.8,2.4,2.7,1.6,5.9,10,27,7.7,7.7,2.83,2.94,1.66,1.15
2014,CNJ04_21_32,R4C32,4,32,20.33,19.08,2.95,24.5,6.1,3.1,7.7255,3.2,NA,NA,1.0655136268343817,2.4920967741935485,356.5,216.8,339.6,196.4,2.6,2.5,4.7,9.4,12,48,7,8.8,2.72,2.75,1.62,1.6
2014,CNJ04_21_33,R4C33,4,33,20.08,16.95,2.274,18.8,4,1.875,4.18555555555556,3.64444444444444,0.7,NA,1.1846607669616518,2.2322962962962984,372,282.1,361.1,263.7,1.9,2.1,2.9,6.5,12,35,7.3,8.1,2.51,2.53,1.21,1.22
2014,CNJ04_21_34,R4C34,4,34,19.43,17.07,2.319,18.9,4.3,2.9,5.779,2.18,NA,NA,1.1382542472173403,1.9927586206896553,425,463.8,410.9,451.7,2,2,3.3,2.6,13,49,7.3,9.2,2.1,2.19,1.31,1.21
2014,CNJ04_21_35,R4C35,4,35,18.84,16.83,2.2398,19.3,5,2.7,5.1599,2.9,NA,NA,1.1194295900178255,1.9110740740740741,484.3,454.8,446.5,415.5,1.9,1.7,7.6,8.6,28,60,7.5,8.8,2.51,2.31,0.91,1.51
2014,CNJ04_21_36,R4C36,4,36,19.8,15.93,2.0386,19.7,3.7,2.3,4.1622,4.12,NA,NA,1.2429378531073447,1.8096521739130438,477.9,216.8,462.1,207.7,2.2,2.2,3.3,4.2,20,47,7.5,7.7,2.64,2.95,1.36,1.6
2014,CNJ04_21_4,R4C4,4,4,18.16,16.76,2.2294,21.9,5.2,2.2,4.385,3.17,NA,NA,1.0835322195704056,1.993181818181818,191.1,335.9,184.6,280.4,2,2.4,3.3,16.5,22,60,7.5,9.2,2.14,2.13,1.27,1.5
2014,CNJ04_21_5,R4C5,4,5,20.7727272727273,16.6272727272727,2.42136363636364,18.6363636363636,5.27272727272727,2.63636363636364,5.171,3.33636363636364,2.85,NA,1.2493165664297465,1.9614137931034459,425.9,367.3,415.9,354.6,2.2,2.3,2.3,3.5,7,24,7.3,7.7,2.4,2.48,1.4,1.29
2014,CNJ04_21_6,R4C6,4,6,20.01,17.03,2.3942,19.2,5.3,2.2,4.6888,4.06666666666667,NA,NA,1.1749853200234879,2.131272727272727,402,544.7,378.3,526.2,2,2.2,5,3.4,8,21,6.8,7.5,2.81,2.66,1.19,1.07
2014,CNJ04_21_7,R4C7,4,7,20.03,17.74,2.5293,19.6,5.7,2.4,5.3367000000000004,3.38888888888889,NA,NA,1.129086809470124,2.223625,287.9,465,284.9,416.1,2.2,2.4,1,10.5,23,42,8.4,7.9,2.47,2.26,1.38,1.42
2014,CNJ04_21_8,R4C8,4,8,25.6,16.81,2.853,25.6,3.4,1.3,5.1091,3.193,NA,NA,1.522903033908388,3.9300769230769226,465.5,439.1,441.6,409.9,2.4,2.9,4.9,6.6,6,47,6.8,8.6,2.84,2.49,1.43,1.16
2014,CNJ04_21_9,R4C9,4,9,19.4,16.56,2.1844,9.3,3.4,2.5,4.5585,3.77,NA,NA,1.171497584541063,1.8234000000000001,131.4,74.7,130,68.6,1.8,2,1,8.2,9,19,9.5,9.5,2.31,2.38,1.61,1.9
2011,Stevens,NA,7,41,NA,NA,NA,NA,NA,NA,NA,NA,NA,NA,NA,NA,569.6,579.5,507.1,353.8,3.2,2.5,11,38.9,12,19,8.1,9.7,2.46,2.69,NA,NA
2012,Stevens,NA,7,41,NA,NA,NA,NA,NA,NA,NA,NA,NA,NA,NA,NA,519.6,537.6,402.7,303.5,2.4,2.7,20.6,41.9,10,31,8.6,10.1,2.69,2.89,NA,1.36
2013,Stevens,NA,7,41,NA,NA,NA,NA,NA,NA,NA,NA,NA,NA,NA,NA,NA,NA,NA,NA,NA,NA,NA,NA,NA,NA,NA,NA,NA,NA,NA,NA
