accession,accession_name,row,column,year,BBI_UTBM,BBI_TY,BBI_SFY,num_peds,num_no_fruit,num_berries,num_aborted_flower,num_aborted_berries,total_berry_weight,upright_length,secondary_growth,dry_wt_leaves,berry_length,berry_width,berry_weight,num_seeds,calyx_diam,calyx_lobe_form,calyx_lobe_size,berry_skin,rebud,chimera_LvW,chimera_eccentricity,chimera_solidity,chimera_tortuosity,chimera_umccLogX,chimera_umccLogY,ULvW,UMFM,TY,SFY,MFM,PFR,Tacy,Brix,TA,PAC
R3C1,CNJ04_2_1,3,1,2011,0.21804811057458026,0.23337453646477127,0.2240375053274612,4.1,0,2.3,1.6,0.2,5.499,3.83,1.8,0.0941,22.101,18.714,2.777,21.2,3.303,0.6,1.7,1.6,0.9,1.40908698560512,0.704524772988865,0.989343824001222,90.7048327646991,456.783991989004,444.307342738925,1.1809874959923052,2.3908695652173915,498.9,430.79999999999995,2.3,12.05,15.5,8.57,2.5149999999999997,1.1400000000000001
R3C1,CNJ04_2_1,3,1,2012,NA,NA,NA,4.6,NA,1.8,0.6,0.2,3.5302,4.14,2.8375,0.1072,21.07,16.76,2.263,13.3,2.35,0.9,1.6,2.1,0.6,1.41035404546152,0.705166431933139,0.989619771863118,95,435.296429391646,433.216987849966,1.257159904534606,1.961222222222222,310.1,273.1,2.5,11.350000000000001,25.5,9.149999999999999,2.73,1.335
R3C1,CNJ04_2_1,3,1,2014,NA,NA,NA,5.55555555555556,1.11111111111111,2,0.888888888888889,1.55555555555556,3.591,2.62,1.7,NA,18.35,16.52,2.008,17.1,2.85,1.8,1.66666666666667,1.4,0.1,1.3984077976179,0.69902320295497,0.990167308205343,100,437.375870933325,433.216987849966,1.1107748184019373,1.7955,350.75,137.95,1.8,NA,25,8.8,2.435,1.115
R3C10,CNJ04_2_10,3,10,2011,0.19686676033026038,0.0967741935483871,0.13210725817773405,4.7,0.5,1.9,1.6,0.7,4.173,2.4,1.53333333333333,0.0674,20.436,17.467,2.483,17.9,2.848,1.1,1.4,2,1,1.2971679927595,0.636943880727018,0.99054936611602,121,454.011403266764,451.931961725084,1.1699776721818287,2.1963157894736844,446.25,403.2,2.55,10.6,12.5,8.92,2.3200000000000003,1.4
R3C10,CNJ04_2_10,3,10,2012,NA,NA,NA,4.77777777777778,0.555555555555556,2.88888888888889,1.33333333333333,0,6.2188,2.45,1.3,0.0602,20.87,18.15,2.6955,16.2,2.57,1.3,1.6,1.8,0.8,1.41035404546152,0.705166431933139,0.989619771863118,95,435.296429391646,433.216987849966,1.1498622589531682,2.1526615384615373,367.5,309.1,2.55,15.149999999999999,23.5,9.65,2.4450000000000003,1.295
R3C10,CNJ04_2_10,3,10,2014,NA,NA,NA,6.22222222222222,0.666666666666667,2.66666666666667,0.666666666666667,2.22222222222222,5.3964,2.83,NA,NA,18.19,17.04,2.2085,14.1,2.98,1.2,1.2,1.3,0,1.38619826168848,0.692521195247388,0.989571836346337,101,437.375870933325,436.682723752766,1.0674882629107982,2.0236499999999973,275.5,246,2.1,12.05,25,8.25,2.135,1.135
R3C11,CNJ04_2_11,3,11,2011,0.019389317332471158,0.2688579387186629,0.342303858749822,4,0.3,2,1.2,0.5,5.36,3.42,2.6,0.0816,23.555,18.626,3.01,25.3,2.918,1.7,2,1.9,1,1.52425188681813,0.754709131280887,0.98936170212766,86.4096655293983,466.488052516843,440.148459655565,1.2646300869751959,2.68,569.4,471.35,2.8499999999999996,19.15,17,7.92,2.285,1.315
R3C11,CNJ04_2_11,3,11,2012,NA,NA,NA,3.4,0.8,1.8,0.5,0.3,5.1561,3.14,1.78,0.0628,23.99,18.74,3.1987,23.8,2.95,0.7,1.6,2.1,0.2,1.41035404546152,0.705166431933139,0.989619771863118,95,435.296429391646,433.216987849966,1.2801494130202775,2.8645,328.1,230.95000000000002,2.95,28.849999999999998,32,9.25,2.575,1.525
R3C11,CNJ04_2_11,3,11,2014,NA,NA,NA,5.1,1.3,1.9,0.9,1,4.3659,2.74,NA,NA,21.18,17.53,2.4728,19.4,2.63,1.5,1.9,1.7,0.2,1.46720013569511,0.731752663271278,0.990711719287516,86.5,449.852520183405,435.989576572206,1.2082144894466629,2.297842105263158,287.54999999999995,252.9,2.25,11.850000000000001,29,8.15,2.295,1.1400000000000001
R3C12,CNJ04_2_12,3,12,2011,0.2222718755635001,0.14470654135806313,0.09837587006960552,3.7,0.8,2.2,0.5,0.2,4.96,3.55,2.6,0.0855,20.387,17.592,2.554,14.1,2.921,1.4,1.6,1.1,0.9,1.18700817548793,0.538767995867654,0.990502191801892,128.5,442.227901197245,456.783991989004,1.1588790359254209,2.2545454545454544,459.79999999999995,355.05,2.4000000000000004,21.9,8.5,8.46,2.2649999999999997,1.205
R3C12,CNJ04_2_12,3,12,2012,NA,NA,NA,5.5,1.3,3.3,0.3,0.6,7.7951,3.51111111111111,2.275,0.0932,22.23,18.73,2.9879,20.9,2.52,1.5,1.9,1.2,0.8,1.38619826168848,0.692521195247388,0.989571836346337,101,437.375870933325,436.682723752766,1.1868659903897492,2.362151515151515,343.54999999999995,291.45000000000005,2.7,13.5,19,9.15,2.4800000000000004,1.2650000000000001
R3C12,CNJ04_2_12,3,12,2014,NA,NA,NA,4.6,0.2,2.5,0.6,1.3,5.462,4.96,NA,NA,19.62,17.78,2.577,20.5,3.01,1,1.7,1,0.1,1.18139321235797,0.532455139485658,0.990719791387046,116.5,436.682723752766,454.011403266764,1.1034870641169854,2.1848,473.15000000000003,452.25,2.1500000000000004,4.6,22.5,8.45,2.27,1.1600000000000001
R3C13,CNJ04_2_13,3,13,2011,0.12488160731918665,0.22671925067784082,0.26709139916687086,4.6,0.5,2.1,1.3,0.7,5.582,3.51,2.3,0.06136,23.72,18.226,2.932,23.2,2.796,0.5,1.8,1.6,1,1.52425188681813,0.754709131280887,0.98936170212766,86.4096655293983,466.488052516843,440.148459655565,1.3014375068583341,2.658095238095238,622.1,517.1,2.6,18.6,16,7.71,2.59,1.17
R3C13,CNJ04_2_13,3,13,2012,NA,NA,NA,3.1,0.3,1.9,0.5,0.4,4.3426,3.58888888888889,3.4,0.08,23.07,16.99,2.6669,14.5,2.35,0.9,1.8,1.7,0.1,1.43326967678901,0.716384790558589,0.990094124791255,98.5,443.614195558365,434.603282211086,1.3578575632725134,2.285578947368421,392.15,299.1,2.5,23.1,23.5,8.05,2.69,1.42
R3C13,CNJ04_2_13,3,13,2014,NA,NA,NA,4.3,NA,2,0.2,0.1,3.7467,2.25,NA,NA,19.76,15.85,1.9943,19.4,2.95,0.4,1.6,1.6,0,1.49815262191294,0.744619894480314,0.989215760993827,89.4096655293983,459.556580711244,440.148459655565,1.2466876971608833,1.87335,273.05,261.5,1.9,3.95,31,8.1,2.455,1.22
R3C14,CNJ04_2_14,3,14,2011,0.06798069187449712,0.4164303079416532,0.45969251716117315,4.4,0.6,2.4,0.9,0.5,5.31,5.16,2.62,0.1369,22.572,17.593,2.696,16.1,2.981,1.9,2,1.1,1,1.52425188681813,0.754709131280887,0.98936170212766,86.4096655293983,466.488052516843,440.148459655565,1.2830102881827998,2.2125,699.1500000000001,643.25,2.65,8.2,9,8.600000000000001,2.335,1.2799999999999998
R3C14,CNJ04_2_14,3,14,2012,NA,NA,NA,4.5,1.4,1.7,0.8,0.6,4.634,3.62222222222222,2.76666666666667,0.1242,24.06,18.11,2.8611,16.6,2.63,1.2,1.7,1.7,0.2,1.44876543749112,0.723577772811705,0.989069379080006,98.5,449.159373002845,437.375870933325,1.3285477636664826,2.7258823529411766,288.05,238.10000000000002,2.3,16.8,22,9,2.6,1.525
R3C14,CNJ04_2_14,3,14,2014,NA,NA,NA,5.6,0.7,1.7,0.7,NA,2.9918,2.62,NA,NA,19.31,15.47,1.9018,17.4,3.04,0.7,1.2,1.1,0,1.46725581051598,0.731776750929143,0.990860071130827,84.2951672353009,450.545667363964,435.989576572206,1.2482223658694245,1.7598823529411765,297.04999999999995,268.55,1.7,11.399999999999999,26,8.25,2.545,1.4449999999999998
R3C15,CNJ04_2_15,3,15,2011,0.07229374706492171,0.2844336844860303,0.29975106164885046,4.2,1,1.8,0.8,0.6,5.235,3.39,1.48333333333333,0.0758,23.161,19.745,3.434,22.1,3.222,0.3,0.6,1.5,1,1.49474016985014,0.743251066346965,0.989569005043558,97.6144982940974,474.805818683563,449.159373002845,1.1730058242593062,2.9083333333333337,490.75,443.79999999999995,2.85,9.149999999999999,10,8.01,2.665,1.21
R3C15,CNJ04_2_15,3,15,2012,NA,NA,NA,3.2,0.3,1.8,0.3,0.8,6.0509,3.48,2.275,0.1929,22.73,18.99,3.5099,17.6,3.14,1.4,1.4,1.9,0.5,1.43326967678901,0.716384790558589,0.990094124791255,98.5,443.614195558365,434.603282211086,1.1969457609268037,3.3616111111111113,273.4,239.1,2.8499999999999996,10.8,16,9.45,3.08,1.195
R3C15,CNJ04_2_15,3,15,2014,NA,NA,NA,5.3,0.5,1.9,1.1,1.8,4.714,5.05,NA,NA,20,18.25,2.73,19.9,2.89,1.6,1.8,1.6,0.5,1.20887267934936,0.561882619059755,0.991110770527606,123,436.682723752766,450.545667363964,1.095890410958904,2.481052631578948,394.29999999999995,372.1,2.3,5.6,21,8.25,2.605,1.155
R3C16,CNJ04_2_16,3,16,2011,0.21929294455355794,0.023409963701404538,0.08443738934000858,5.1,1.2,2,0.9,1,4.134,3.33,3.13333333333333,0.0891,21.319,17.441,2.407,23.1,2.842,0.5,1,1.9,0.9,1.55970264097694,0.767417376822317,0.989861259338314,89.2048327646991,484.509879211402,449.159373002845,1.2223496359153718,2.067,486.34999999999997,444.05,2.4,7.75,17.5,7.79,2.315,1.0699999999999998
R3C16,CNJ04_2_16,3,16,2012,NA,NA,NA,4.2,1.1,2.5,0.2,0.4,6.4564,4.35,5.68571428571429,0.1446,23.62,18.16,3.0419,18.4,2.73,0.7,1.5,2.1,0.6,1.46725581051598,0.731776750929143,0.990860071130827,84.2951672353009,450.545667363964,435.989576572206,1.300660792951542,2.58256,464.1,374.9,2.6,17,22.5,8.25,2.465,1.345
R3C16,CNJ04_2_16,3,16,2014,NA,NA,NA,5.4,0.8,2.4,0.5,1.7,5.171,3.66,1.5,NA,21.54,17.47,2.6333,22.1,2.78,1.3,1.3,1.6,0.1,1.43402480568385,0.716742425127632,0.989180128009753,107.5,453.318256086204,439.455312475005,1.2329708070978822,2.1545833333333335,323.6,284.25,2,12.05,24.5,8,2.3550000000000004,1.0550000000000002
R3C17,CNJ04_2_17,3,17,2011,0.2420562786301171,0.22605025520219862,0.20963172804532587,4.8,0.3,3.5,0.7,0.3,8.541,4.36,3.2,0.1088,22.296,19.016,2.988,15.5,2.841,1.4,1,1.5,1,1.54926909500924,0.763789290882834,0.988528163358954,117.5,494.907086919801,458.863433530684,1.1724863273033237,2.4402857142857144,624.55,512.4000000000001,2.6,18.25,18.5,7.6,2.4850000000000003,1.375
R3C17,CNJ04_2_17,3,17,2012,NA,NA,NA,4.1,0.6,2.4,0.7,0.4,5.212,5.69,6.1625,0.1707,20.68,16.95,2.4466,9.7,2.74,1.9,1.2,2.4,0.2,1.44705820232611,0.722800066639646,0.989872839412168,100,447.773078641725,437.375870933325,1.2200589970501474,2.171666666666667,394.25,334.8,2.35,9.5,29,10,2.8600000000000003,1.65
R3C17,CNJ04_2_17,3,17,2014,NA,NA,NA,4.5,0.8,2.9,0.5,0.3,5.252,3.93,2.35,NA,18.5,17.14,2.195,14.4,2.97,2,0.3,1.1,0,1.12311668918315,NA,0.990695002871913,122.409665529398,424.206074502687,453.318256086204,1.0793465577596266,1.8110344827586207,130.1,120.05,1.9,7.7,40,8.8,2.4749999999999996,1.26
R3C18,CNJ04_2_18,3,18,2011,0.08912906401761118,0.28847058823529415,0.28057040998217464,5.2,1.4,2.1,0.9,0.8,4.117,3.2,1.45,0.0679,21.9,17.51,2.36,22.8,2.796,0.6,1,1.8,0.9,1.45378787169003,0.725845031810185,0.99104466138827,103,475.498965864123,450.545667363964,1.2507138777841231,1.9604761904761905,410.70000000000005,359.2,2.25,12.600000000000001,10,8.93,2.305,0.885
R3C18,CNJ04_2_18,3,18,2012,NA,NA,NA,3.3,0.5,2.1,0.5,0.2,4.9227,3.23,1.4,0.1019,24.18,18,2.8399,24,2.72,0.9,2,1.7,0.8,1.46725581051598,0.731776750929143,0.990860071130827,84.2951672353009,450.545667363964,435.989576572206,1.3433333333333333,2.344142857142857,226.8,201.8,2.2,8.3,21,8.7,2.635,1.395
R3C18,CNJ04_2_18,3,18,2014,NA,NA,NA,3.66666666666667,0.333333333333333,2.88888888888889,0.111111111111111,0.333333333333333,5.617,3.4,1.1,NA,20.01,17.11,2.298,19.9,2.66,1.2,1.33333333333333,1.6,0.4,1.42012770643902,0.710039325713677,0.989629799077357,104.5,449.852520183405,440.841606836125,1.169491525423729,1.944346153846153,394.6,385.84999999999997,1.7999999999999998,2.05,19.5,8.35,2.5149999999999997,1.405
R3C19,CNJ04_2_19,3,19,2011,0.1655273339614698,0.06470492602828819,0.10276900204422973,4.7,0.9,2.4,0.9,0.5,5.814,4,4,0.1124,21.447,16.951,2.578,18.6666666666667,2.946,1.2,1.7,1.7,1,1.50383162714665,0.746871795483204,0.990475097544182,100.114498294097,483.816732030842,455.397697627884,1.265235089375258,2.4225000000000003,327.45000000000005,296.7,2.4000000000000004,8.3,17.5,8.8,2.5149999999999997,1.2650000000000001
R3C19,CNJ04_2_19,3,19,2012,NA,NA,NA,3.44444444444444,0.888888888888889,1.77777777777778,0.333333333333333,0.444444444444444,4.1626,3.79,2.32,0.106,20.61,17.17,2.5635,10.2,2.82,1.5,1.5,1.7,0.9,1.41035404546152,0.705166431933139,0.989619771863118,95,435.296429391646,433.216987849966,1.2003494467093767,2.3414624999999973,287.65,241.39999999999998,2.5,13.45,29,9.55,2.785,1.725
R3C19,CNJ04_2_19,3,19,2014,NA,NA,NA,4.33333333333333,0.111111111111111,2.11111111111111,0.333333333333333,1.77777777777778,4.1651,2.8,NA,NA,19.59,16.73,2.3588,14.7,3.14,1.5,1.375,1.7,0.6,1.40530772782255,0.702597064575,0.989661223866931,99,440.841606836125,434.603282211086,1.1709503885236103,1.972942105263159,311.55,300,2.05,3.45,34,8.35,2.77,1.595
R3C2,CNJ04_2_2,3,2,2011,0.06520171027734505,0.3705220061412487,0.4052835051546392,3.4,1.6,1.5,0.1,0.2,4.471,4.54,2.33333333333333,0.0739,23.7277777777778,18.9177777777778,3.144,21.9,2.924,1.2,1.9,1.33333333333333,0.9,1.52425188681813,0.754709131280887,0.98936170212766,86.4096655293983,466.488052516843,440.148459655565,1.2542581933513446,2.9806666666666666,602.55,545.25,2.8,8.65,13,7.38,2.525,1.3399999999999999
R3C2,CNJ04_2_2,3,2,2012,NA,NA,NA,2.8,0.5,1.8,0.1,0.4,5.0947,3.57,2.21666666666667,0.0857,23.92,18.78,3.2666,15,2.41,0.7,1.5,1.6,0.5,1.37822208911398,0.68814576687732,0.989759013210492,99.5,435.296429391646,435.989576572206,1.2736954206602769,2.8303888888888884,276.75,230.75,2.8,13.2,18.5,8.35,2.84,1.885
R3C2,CNJ04_2_2,3,2,2014,NA,NA,NA,4.55555555555556,NA,2.11111111111111,0.222222222222222,0.333333333333333,4.4572,2.91,NA,NA,19.69,16.56,2.1141,14.9,2.81,1,1.5,1.6,0.7,1.44876543749112,0.723577772811705,0.989069379080006,98.5,449.159373002845,437.375870933325,1.1890096618357489,2.111305263157896,205.95,78.3,2.1,NA,19.5,7.8,2.52,1.335
R3C20,CNJ04_2_20,3,20,2011,0.12987500670564892,0.08303249097472924,0.13314494680851066,3.9,0.4,2.1,0.8,0.6,4.055,4.03,1.35,0.086,20.599,16.917,2.235,23,3.045,0.8,1.2,2,0.9,1.48715319306771,0.740164645376648,0.98999197830322,96.9096655293983,466.488052516843,442.921048377805,1.2176508837264288,1.9309523809523808,375,340.85,2.2,8.5,6.5,8.45,2.7,1.31
R3C20,CNJ04_2_20,3,20,2012,NA,NA,NA,3.4,0.5,2.4,0.3,0.2,5.2655,3.86,2.1,0.0972,23.76,17.87,2.7873,22.1,2.66,1.9,1.4,1.1,0.7,1.44876543749112,0.723577772811705,0.989069379080006,98.5,449.159373002845,437.375870933325,1.3296026860660324,2.1939583333333337,317.5,260.75,2.3,16.7,14,9.350000000000001,2.9699999999999998,1.405
R3C20,CNJ04_2_20,3,20,2014,NA,NA,NA,4.3,0.2,2.3,0.4,1.4,4.1351,2.91,NA,NA,19.08,15.96,2.0386,22.5,3.07,1.8,1,1.7,0.2,1.48134361297093,0.737760249743566,0.990350877192982,93.2048327646991,454.011403266764,436.682723752766,1.1954887218045112,1.7978695652173917,322.2,315.54999999999995,2,1.95,10.5,7.9,2.71,1.185
R3C21,CNJ04_2_21,3,21,2011,0.19202157091790573,0.2866137421297564,0.30324951199908146,4.11111111111111,0.555555555555556,3,0.444444444444444,0.111111111111111,6.786,3.76,2.28333333333333,0.0982,24.25,17.74,2.772,19.3,3.15,0.7,1.3,2.1,1,1.64178987232125,0.793100078545195,0.986752704498007,112,500.45226436428,459.556580711244,1.366967305524239,2.262,587.5,567.5,2.5999999999999996,3.45,11,7.79,2.585,0.985
R3C21,CNJ04_2_21,3,21,2012,NA,NA,NA,3.33333333333333,1.11111111111111,1.88888888888889,0.333333333333333,0,4.5997,4.3,3.15,0.0877777777777778,22.38,16.97,2.6893,14.1,2.74,0.8,1.3,2.3,0.9,1.48134361297093,0.737760249743566,0.990350877192982,93.2048327646991,454.011403266764,436.682723752766,1.3187978786093106,2.435135294117646,325.75,303.4,2.55,6.699999999999999,13.5,9.35,2.995,1.06
R3C21,CNJ04_2_21,3,21,2014,NA,NA,NA,4.8,0.3,2.7,0.8,1,5.795,3.05,NA,NA,20.79,17.21,2.506,23.4,2.67,0.8,1.8,1.3,0.5,1.44876543749112,0.723577772811705,0.989069379080006,98.5,449.159373002845,437.375870933325,1.2080185938407901,2.146296296296296,352,335.29999999999995,2,4.85,18.5,8.1,2.29,1.07
R3C22,CNJ04_2_22,3,22,2011,0.22953565085003808,0.652014652014652,0.6252164877034985,3.9,1,2,0.3,0.6,6.057,5.1,1,0.1048,26.088,19.125,3.233,26.5,3.083,0.5,0.888888888888889,2.1,0.6,1.55970264097694,0.767417376822317,0.989861259338314,89.2048327646991,484.509879211402,449.159373002845,1.3640784313725491,3.0285,157.85000000000002,117.3,2.45,21.9,23.5,8.120000000000001,2.58,1.48
R3C22,CNJ04_2_22,3,22,2012,NA,NA,NA,2.6,0.6,1.6,0.4,0,3.7955,3.56,NA,0.1089,21.84,16.07,2.5099,25.2222222222222,2.82,1.4,0.7,1.9,0.7,1.5173163154766,0.752091803085153,0.990108426859426,87.4096655293983,464.408610975163,439.455312475005,1.359054138145613,2.3721875,33.25,27.05,2.2,17.450000000000003,25.5,8.25,2.825,1.5299999999999998
R3C22,CNJ04_2_22,3,22,2014,NA,NA,NA,2.9,1,1.5,0.1,0.3,3.863,3.96,NA,NA,21.89,17.34,2.688,25.2,3.08,0.6,1.8,1.3,0.4,1.3054580291983,0.642823091549352,0.990868459582338,118.204832764699,460.249727891804,454.011403266764,1.26239907727797,2.5753333333333335,70.3,61.05,2.3,17.400000000000002,23.5,7.5,2.745,1.565
R3C23,CNJ04_2_23,3,23,2011,0.026617737409295437,0.24143961708394693,0.2928765196423189,4.8,0,2.6,1.8,0.4,5.862,2.66,1.85,0.0579,22.01,18.272,2.723,18.4,3.166,0.9,0.7,2,1,1.6009888229415,0.7809336569021,0.99006040217142,97.4096655293983,490.055056655881,452.625108905644,1.20457530647986,2.2546153846153847,674.3499999999999,643.4,2.3,4.85,20,7.9399999999999995,2.425,1.325
R3C23,CNJ04_2_23,3,23,2012,NA,NA,NA,4.7,1.4,2.3,0.6,0.4,6.1826,3.63,2.9,0.1483,23.36,19.05,3.3355,15.6,2.86,1.3,1.2,1.7,0.6,1.41780579902569,0.708893820996909,0.989604279697993,103,440.841606836125,435.989576572206,1.226246719160105,2.6880869565217393,412.05,351.9,2.7,11.95,18,7.85,2.815,1.345
R3C23,CNJ04_2_23,3,23,2014,NA,NA,NA,4.3,0,3.1,0.2,1,6.4843,3.64,1.95,NA,20.41,17.49,2.5356,15.8,2.99,1.5,1.1,1.7,0.8,1.3388020486639,0.664895476653669,0.990827441238295,100.5,438.069018113885,440.148459655565,1.166952544311035,2.0917096774193547,379.65,351.05,2.05,7.5,25.5,8.25,2.36,1.225
R3C24,CNJ04_2_24,3,24,2011,0.002395009957275858,0.22513868218103095,0.2276103101791175,4,0.1,2,1,0.9,5.713,4.06,1.95,0.0673,23.515,19.916,3.224,22.6,3.245,0.4,1.1,1.7,0.4,1.29718909958221,0.63695906231654,0.990626200537841,117,454.704550447324,452.625108905644,1.1807089777063668,2.8565,452.75,421.5,2.8,6.75,23,8.120000000000001,2.4349999999999996,1.42
R3C24,CNJ04_2_24,3,24,2012,NA,NA,NA,3.8,0.8,2.3,0.6,0.1,5.6857,3.93,1.88,0.0838,20.75,18.71,2.8762,20.5,3.09,0.9,1.5,1.4,0.7,NA,NA,0.9907874617737,119,420.740338599887,452.625108905644,1.109032602886157,2.47204347826087,286.35,265.2,2.8499999999999996,6.9,33.5,8.45,2.625,1.435
R3C24,CNJ04_2_24,3,24,2014,NA,NA,NA,4.36363636363636,0.818181818181818,2.18181818181818,0.454545454545455,0.909090909090909,4.77090909090909,2.86363636363636,NA,NA,19.2181818181818,17.9909090909091,2.45909090909091,19.5454545454545,3.09090909090909,0.545454545454545,1.63636363636364,1.27272727272727,0.0909090909090909,1.11816714637344,NA,0.990731520490234,122.5,426.285516044366,454.011403266764,1.0682162708438592,2.186666666666668,396.35,381.6,2.3,3.3499999999999996,35,7.95,2.415,1.545
R3C25,CNJ04_2_25,3,25,2011,0.12140957446808509,0.32543425744852184,0.32377106252611054,4.7,1,2.9,0.6,0.2,8.433,3.45,1.7,0.0756,26.012,19.297,3.535,23,2.878,1.4,1.5,1.6,0.8,1.47806542701179,0.73638747702764,0.989025644933887,90.1144982940974,460.249727891804,440.148459655565,1.3479815515365083,2.9079310344827585,576.1,475.29999999999995,2.9,16.35,25,7.58,2.6550000000000002,1.38
R3C25,CNJ04_2_25,3,25,2012,NA,NA,NA,3.66666666666667,0.555555555555556,2.22222222222222,0.444444444444444,0.444444444444444,6.607,5.2,1.25,0.1147,25.54,19.33,3.6095,21.2222222222222,3.34,1.6,1.2,1.8,0.6,1.46799202309275,0.732094940490981,0.990749942664934,80.5,451.238814544524,436.682723752766,1.321262286601138,2.973150000000003,293.2,242.8,3.25,15.15,25.5,7.35,2.55,1.62
R3C25,CNJ04_2_25,3,25,2014,NA,NA,NA,4.6,0.9,3.1,0.1,0.5,7.6599,4.17,NA,NA,22.53,17.81,2.7711,20.8,2.7,1.1,1,1.5,0.2,1.51410822745402,0.750865832063099,0.991073131652234,98,469.953788419643,445.693637100045,1.265019651880966,2.4709354838709676,478.9,469.15,2.5,2.1,35.5,8.05,2.625,1.355
R3C26,CNJ04_2_26,3,26,2011,0.009445740806116924,0.17972692981990115,0.1644387863356673,5.2,1,2.2,1.5,0.5,5.752,3.55,NA,0.0642,23.057,19.097,3,21.6,2.905,1.2,1.1,1.3,0.7,1.55970264097694,0.767417376822317,0.989861259338314,89.2048327646991,484.509879211402,449.159373002845,1.2073624129444414,2.6145454545454543,555.15,411.6,2.6,24.9,10,8.120000000000001,2.2800000000000002,1.24
R3C26,CNJ04_2_26,3,26,2012,NA,NA,NA,3.9,0.3,2.1,1.3,0.2,5.8617,4.55,2.05,0.0843,22.48,17.83,2.9344,21.4,2.78,1.3,1,1.7,0.5,1.49815262191294,0.744619894480314,0.989215760993827,89.4096655293983,459.556580711244,440.148459655565,1.260796410544027,2.791285714285714,386,295.35,2.8,22.85,19.5,9.2,2.64,1.105
R3C26,CNJ04_2_26,3,26,2014,NA,NA,NA,5.5,0.4,2.3,0.5,NA,4.592,3.58,1,NA,21.12,16.58,2.348,16.9,2.94,0.6,0.7,1.2,0.5,1.52425188681813,0.754709131280887,0.98936170212766,86.4096655293983,466.488052516843,440.148459655565,1.2738238841978289,1.9965217391304348,321.65,306.7,2.1500000000000004,4.75,17.5,7.9,2.255,1.05
R3C27,CNJ04_2_27,3,27,2011,0.13129408595814887,0.23556668753913576,0.24758892060797777,3.88888888888889,0.333333333333333,2.66666666666667,0.666666666666667,0.222222222222222,6.72,2.63,1.175,0.0514,21.502,18.397,2.775,19.9,3.114,1,1,2,0.5,1.66372368759721,0.799202888915253,NA,123.204832764699,499.065970003161,457.477139169564,1.168777518073599,2.519999999999997,493.29999999999995,404.25,2.4000000000000004,17.15,31.5,8.58,2.18,1.43
R3C27,CNJ04_2_27,3,27,2012,NA,NA,NA,3.2,1.2,1.6,0.3,0.1,5.1602,3.57,2.1375,0.092,22.17,18.85,3.191,19.1,2.97,1.8,1.4,2.4,0.6,1.41035404546152,0.705166431933139,0.989619771863118,95,435.296429391646,433.216987849966,1.1761273209549072,3.225125,305.20000000000005,243.8,3.2,19.049999999999997,29,8.45,2.42,1.21
R3C27,CNJ04_2_27,3,27,2014,NA,NA,NA,5.3,0.3,2.3,1.4,1.3,5.1895,2.43,1.2,NA,18.64,18.01,2.4356,24.3,2.83,2,0.9,1.6,0,NA,NA,0.989289934062583,124.704832764699,404.104806266448,453.318256086204,1.0349805663520266,2.256304347826087,441.8,431.15,2.35,2.3,29.5,8.25,2.225,1.2799999999999998
R3C28,CNJ04_2_28,3,28,2011,0.2385240984440614,0.39538839538839543,0.4629292561582332,4.5,1,3,0.4,0.1,8.155,2.75,2.25,0.0702,24.296,19.154,3.225,27.1,2.888,2,0,1.9,0.9,1.49474016985014,0.743251066346965,0.989569005043558,97.6144982940974,474.805818683563,449.159373002845,1.2684556750548188,2.7183333333333333,369.15,301.4,2.6,17.4,20.5,7.91,2.545,1.62
R3C28,CNJ04_2_28,3,28,2012,NA,NA,NA,3.9,1.2,2.1,0.4,0.2,5.0139,3.13,2.41666666666667,0.0904,21.8,18.23,2.7963,21.4,2.85,1.6,0.8,1.9,0.4,1.38619826168848,0.692521195247388,0.989571836346337,101,437.375870933325,436.682723752766,1.1958310477235325,2.3875714285714285,159.95,110.65,2.2,27.8,30,7.9,2.76,1.94
R3C28,CNJ04_2_28,3,28,2014,NA,NA,NA,4.5,0.5,2.4,0.7,0.9,4.6675,2.64,NA,NA,19.36,16.83,2.1291,24.1,2.81,0.9,0.6,1.6,0.6,1.38839407711479,0.69370773925572,0.99033059430537,116,449.159373002845,440.841606836125,1.150326797385621,1.944791666666667,386,375.29999999999995,2.05,2.6500000000000004,23.5,8.05,2.475,1.53
R3C29,CNJ04_2_29,3,29,2011,0.001497067670205655,0.12344147790325732,0.10979271954881702,3.6,0.1,2.6,0.6,0.3,7.27,3.43,1.225,0.083,25.713,18.153,3.165,22.7,3.101,0.4,1.1,2.2,1,1.54581235298082,0.762567165338059,0.989410330641475,89.4096655293983,477.578407405802,446.386784280605,1.4164600892414478,2.796153846153846,335.70000000000005,303.85,2.55,10.1,18.5,9.219999999999999,2.63,1.54
R3C29,CNJ04_2_29,3,29,2012,NA,NA,NA,3.3,0.6,2.4,0.1,0.2,7.2918,4.2,1.875,0.1323,25.92,17.996,3.2306,18.5,2.463,2,1.4,1.7,0.4,1.44705820232611,0.722800066639646,0.989872839412168,100,447.773078641725,437.375870933325,1.4403200711269173,3.03825,430.25,378.79999999999995,2.85,11.1,26,8.95,2.695,1.27
R3C29,CNJ04_2_29,3,29,2014,NA,NA,NA,4.7,0.3,2.2,0.3,1.9,4.584,3.14,NA,NA,21.59,16.36,2.372,18.9,3.11,1.7,1.77777777777778,1.2,0.5,1.52425188681813,0.754709131280887,0.98936170212766,86.4096655293983,466.488052516843,440.148459655565,1.319682151589242,2.0836363636363635,422.45000000000005,413.8,2.25,2.15,26.5,8.15,2.4299999999999997,1.21
R3C3,CNJ04_2_3,3,3,2011,0.190026276066417,0.046311889525092624,0.11395718425726839,3.7,1,1.6,0.9,0.2,3.622,3.15,NA,0.0737,21.803,18.41,2.535,16.3,3.04,1,0.9,1.3,0.9,1.29053085405047,0.632114585416451,0.990455747633102,111,447.079931461165,446.386784280605,1.184302009777295,2.26375,310.65,297.9,2.4,4.1,22,8.34,2.5949999999999998,1.295
R3C3,CNJ04_2_3,3,3,2012,NA,NA,NA,4.3,0.9,2.2,0.7,0.5,5.3215,3.94,1.45,0.1073,22.41,18.29,3.0273,16.1,3.02,1.3,1,1.5,0.9,1.46725581051598,0.731776750929143,0.990860071130827,84.2951672353009,450.545667363964,435.989576572206,1.2252597047566978,2.4188636363636364,283.15,236.95,2.45,13.7,27,8.7,2.745,1.6949999999999998
R3C3,CNJ04_2_3,3,3,2014,NA,NA,NA,4,0.2,2,0.3,1.5,4.2149,2.98,NA,NA,19.2,16.42,2.154,18,3.28,0.9,0.4,1,0,1.45850790191825,0.727948122422741,0.989693466190005,97.5,453.318256086204,440.841606836125,1.1693057247259437,2.10745,274.15,194.64999999999998,2.05,28.05,33,8.15,2.5300000000000002,1.2650000000000001
R3C30,CNJ04_2_30,3,30,2011,0.13383856726632934,0.1409220889981438,0.11190239915941862,4.2,0.6,2.2,1.3,0.1,5.366,3.36,2.5,0.078,24.595,18.337,2.976,19.9,2.923,1.4,0.75,1.6,0.7,1.55970264097694,0.767417376822317,0.989861259338314,89.2048327646991,484.509879211402,449.159373002845,1.3412771991056334,2.4390909090909085,568.55,476.20000000000005,2.6,14.35,12,7.79,2.5,1.225
R3C30,CNJ04_2_30,3,30,2012,NA,NA,NA,4.5,0.3,2.3,0.7,1.2,7.0243,3.26,4.01666666666667,0.1015,24.781,18.587,3.246,21.2,2.724,1.6,1.7,1,0.2,1.47105874060171,0.733413759014027,0.989295238095238,105.5,458.170286350124,442.921048377805,1.3332436649270996,3.05404347826087,428.09999999999997,380.35,2.7,11.15,15.5,8.15,2.54,1.29
R3C30,CNJ04_2_30,3,30,2014,NA,NA,NA,4.6,0.7,2.3,0.3,1.3,4.277,3.11111111111111,NA,NA,20.61,16.16,2.166,14.5,3,1.2,1.6,1.2,0.6,1.47806542701179,0.73638747702764,0.989025644933887,90.1144982940974,460.249727891804,440.148459655565,1.2753712871287128,1.8595652173913046,593,568.7,2.2,4,14.5,7.8,2.505,1.1800000000000002
R3C31,CNJ04_2_31,3,31,2011,0.0768325357369636,0.23850442432612134,0.25239928428129915,4.7,0.3,2.6,0.7,1.1,6.953,3.03,2.65,0.0798,24.058,18.572,3.101,19,2.819,0.4,0.9,1.1,1,1.5704585388767,0.771064784781837,0.987084447841039,106.909665529398,494.907086919801,457.477139169564,1.2953909110488908,2.6742307692307694,605.3499999999999,577.45,2.8,4.65,9.5,8.47,2.695,1.29
R3C31,CNJ04_2_31,3,31,2012,NA,NA,NA,3.77777777777778,0.222222222222222,2.11111111111111,1,0.444444444444444,5.9608,4.35,3.1,0.0895,24.82,17.81,3.173,19.3,3.12,0.8,1.1,2,0.5,1.50312919226483,0.746595007508111,0.990366675551156,91,462.329169433484,440.841606836125,1.393599101628299,2.823536842105265,372.2,344.7,2.55,6.9,15.5,NA,2.7649999999999997,1.37
R3C31,CNJ04_2_31,3,31,2014,NA,NA,NA,4.44444444444444,0,2.77777777777778,0.222222222222222,1.44444444444444,5.4359,3.24,0.8,NA,21.08,16.3,2.2825,11.6,2.66,0.8,0.9,1.2,0.4,1.52425188681813,0.754709131280887,0.98936170212766,86.4096655293983,466.488052516843,440.148459655565,1.2932515337423311,1.9569239999999986,344.95,332.7,2.15,3.35,17.5,8.05,2.535,1.4500000000000002
R3C32,CNJ04_2_32,3,32,2011,0.06382711658751916,0.24407643312101915,0.24412573851080138,4.44444444444444,1.44444444444444,2.11111111111111,0.333333333333333,0.555555555555556,4.475,3.77,2.6,0.0879,20.9071428571429,18.075,2.171,22.4,2.92,0.4,0.6,2.3,1,1.28053224567252,0.624624455258653,0.991201327519006,119.204832764699,457.477139169564,454.704550447324,1.156688401501682,2.1197368421052643,732.45,689.65,2.45,5.75,13,8.34,2.5549999999999997,1.5699999999999998
R3C32,CNJ04_2_32,3,32,2012,NA,NA,NA,4.3,0.5,2.2,1.2,0.4,5.0852,2.76,2.4,0.0885,20.74,17.86,2.6746,20.5,2.38,0.9,2,1.6,0,1.41035404546152,0.705166431933139,0.989619771863118,95,435.296429391646,433.216987849966,1.1612541993281074,2.3114545454545454,445.05,419,2.45,5.45,14.5,8.649999999999999,2.6550000000000002,1.44
R3C32,CNJ04_2_32,3,32,2014,NA,NA,NA,5.33333333333333,0.555555555555556,1.77777777777778,1.66666666666667,1.33333333333333,4.156,2.4,NA,NA,19.38,17.18,2.36,21.4,3.14,0.4,2,1.1,0.4,1.13185289313357,NA,0.990344827586207,124.909665529398,428.364957586046,453.318256086204,1.1280558789289872,2.337749999999997,418.2,391,2,5.95,22,8.05,2.3499999999999996,1.1
R3C33,CNJ04_2_33,3,33,2011,0.32903154030149634,0.3442568410546453,0.38354554358472076,3.2,0,2.2,0.8,0.2,5.973,4.07,1.6,0.0771,23.603,17.459,2.828,16.5,3.101,1.9,1.5,1.5,1,1.52425188681813,0.754709131280887,0.98936170212766,86.4096655293983,466.488052516843,440.148459655565,1.3519101895870327,2.715,404.05,353.15,2.55,12.55,24.5,8.03,2.495,1.415
R3C33,CNJ04_2_33,3,33,2012,NA,NA,NA,2.7,0.7,1.5,0.5,0,3.0155,2.85,2.03333333333333,0.1312,21.34,16.13,2.264,13.5,2.97,1,1,1.9,0.7,1.41035404546152,0.705166431933139,0.989619771863118,95,435.296429391646,433.216987849966,1.3230006199628024,2.010333333333333,197.1,157.35000000000002,2.3499999999999996,14.55,47,8.45,2.6950000000000003,1.345
R3C33,CNJ04_2_33,3,33,2014,NA,NA,NA,4.7,0.9,2.2,0.2,1.4,4.467,2.99,NA,NA,20.65,16.19,2.319,14.8,3.21,0.7,1.5,1.3,0.6,1.46574411169894,0.73112145838907,0.990158010072662,118,485.896173572522,458.170286350124,1.275478690549722,2.0304545454545453,242.45000000000002,235.25,2,2.8,33,7.6,2.515,1.29
R3C34,CNJ04_2_34,3,34,2011,0.08232261853298822,0.2640363438842526,0.31241719222004344,3.8,0.6,2.7,0.1,0.4,7.372,4.74,1.2,0.0958,22.667,18.764,3.01,27.4,2.864,1.5,1.4,2,1,1.52425188681813,0.754709131280887,0.98936170212766,86.4096655293983,466.488052516843,440.148459655565,1.2080046898315926,2.73037037037037,639.95,619.1,2.55,3.3,24.5,8.129999999999999,2.56,1.3599999999999999
R3C34,CNJ04_2_34,3,34,2012,NA,NA,NA,3.66666666666667,0.666666666666667,2.22222222222222,0.444444444444444,0.333333333333333,6.25055555555556,5.13333333333333,2.13333333333333,0.11011111111111101,24.0666666666667,18.7111111111111,3.07844444444444,22.2222222222222,2.94444444444444,1.66666666666667,1.11111111111111,2.22222222222222,0.888888888888889,1.41035404546152,0.705166431933139,0.989619771863118,95,435.296429391646,433.216987849966,1.2862232779097411,2.8127500000000047,372.6,324.35,2.6,10.65,32,8.9,2.8499999999999996,1.78
R3C34,CNJ04_2_34,3,34,2014,NA,NA,NA,3.7,0.4,2.3,0.1,0.9,5.053,3.3,NA,NA,20.7,17.35,2.592,19.2,3.06,1.3,1.7,1.1,0.6,1.29045786589897,0.632060856673574,0.990494077963893,111,447.079931461165,446.386784280605,1.1930835734870315,2.1969565217391307,290.55,276.85,2.45,4.15,33,7.7,2.565,1.33
R3C35,CNJ04_2_35,3,35,2011,0.0772148507452161,0.1572366859222917,0.2289702683103699,3.8,0.3,2.3,0.6,0.6,6.945,3.14,NA,0.0632,25.266,18.293,3.361,17.1,2.901,0.5,1.8,1.4,1,1.54590783614344,0.762601059779727,0.989486515313119,89.4096655293983,477.578407405802,446.386784280605,1.3811840594763023,3.0195652173913046,365.6,338.95000000000005,2.6,7.15,14,8.26,2.3049999999999997,1.3900000000000001
R3C35,CNJ04_2_35,3,35,2012,NA,NA,NA,4.11111111111111,0.555555555555556,2.11111111111111,1.11111111111111,0.333333333333333,5.94936363636364,2.6,1.1,0.0675454545454545,24.9363636363636,18.2363636363636,3.15318181818182,19.7272727272727,2.97272727272727,0.363636363636364,1.63636363636364,1.27272727272727,0.636363636363636,1.41035404546152,0.705166431933139,0.989619771863118,95,435.296429391646,433.216987849966,1.3673978065802599,2.818119617224884,266.25,212.65,2.45,18.65,19.5,8.45,2.415,1.29
R3C35,CNJ04_2_35,3,35,2014,NA,NA,NA,4.4,0.4,2.2,1.1,0.7,4.807,3.49,2.5,NA,20.81,16.52,2.428,13.9,3.09,0,2,1.1,0.6,1.49474016985014,0.743251066346965,0.989569005043558,97.6144982940974,474.805818683563,449.159373002845,1.259685230024213,2.185,448.05,417.4,2.1500000000000004,6.949999999999999,21,8.05,2.28,1.2349999999999999
R3C36,CNJ04_2_36,3,36,2011,0.03196616504376907,0.01063381271373029,0.01209362808842647,4.6,0.8,2.2,1.5,0.1,5.246,2.71111111111111,2.2,0.0537,21.531,17.216,2.635,22.9,3.037,1.9,1.9,1.6,0.9,1.52425188681813,0.754709131280887,0.98936170212766,86.4096655293983,466.488052516843,440.148459655565,1.2506389405204459,2.3845454545454547,528,389.15,2.3499999999999996,26.2,17,8.379999999999999,2.55,1.1600000000000001
R3C36,CNJ04_2_36,3,36,2012,NA,NA,NA,4.9,1.1,2,1.4,0.4,4.921,2.26666666666667,1.46666666666667,0.0581,22.4,18.04,2.8135,23,2.79,0.9,1.8,2.1,0.1,1.41035404546152,0.705166431933139,0.989619771863118,95,435.296429391646,433.216987849966,1.2416851441241685,2.4605,539.35,379.85,2.75,27.349999999999998,23,8.8,2.6799999999999997,1.1949999999999998
R3C36,CNJ04_2_36,3,36,2014,NA,NA,NA,4.3,0.5,2.2,0.6,1,4.508,2.6,NA,NA,19.75,16.29,2.314,18.7,3.22,0.6,2,1.3,0.2,1.29718909958221,0.63695906231654,0.990626200537841,117,454.704550447324,452.625108905644,1.212400245549417,2.049090909090909,290.9,247.15,2.3,8.35,22.5,9.05,2.615,1.245
R3C4,CNJ04_2_4,3,4,2011,0.1312945347925403,0.3702645820805773,0.31676669167291815,4,0.8,2.3,0.9,0,5.096,3.21,1.26,0.0667,20.712,17.809,2.463,22.1,2.765,0.8,0.9,1.5,0.8,1.40903424376239,0.704498013473049,0.989344637946838,91.7048327646991,456.090844808444,443.614195558365,1.1630074681340894,2.2156521739130435,455.75,351.04999999999995,2.2,21.6,30.5,7.9,2.1950000000000003,1.3
R3C4,CNJ04_2_4,3,4,2012,NA,NA,NA,3.7,0.4,2.6,0.5,0.2,6.6364,3.86,2.56,0.1011,20.44,18.02,2.7685,17.1,3.1,1.2,1.4,1.7,0.6,1.46725581051598,0.731776750929143,0.990860071130827,84.2951672353009,450.545667363964,435.989576572206,1.1342952275249722,2.5524615384615386,209.45,182.15,2.6,12.649999999999999,33,8.45,2.3200000000000003,1.27
R3C4,CNJ04_2_4,3,4,2014,NA,NA,NA,5.2,0.6,2.4,0.7,1.5,4.8065,2.03,1.2,NA,18.29,16.37,2.1706,22,3.22,0.6,0.8,1.7,0.2,1.38619826168848,0.692521195247388,0.989571836346337,101,437.375870933325,436.682723752766,1.1172877214416614,2.0027083333333335,365.35,353.4,2.1500000000000004,3.25,29.5,8.1,2.225,1.4249999999999998
R3C5,CNJ04_2_5,3,5,2011,0.09121611186046276,0.4213924542979385,0.4001171646162859,3.4,0.6,2,0.1,0.7,5.299,4.1,2.6,0.0898,24.39,18.74,2.912,22.1,3.51,0.7,1.3,1.88888888888889,0.8,1.6105315240873,0.783879465067568,0.989558722658334,96.2048327646991,498.372822822601,456.090844808444,1.301494130202775,2.6495,456.79999999999995,358.5,2.45,19.85,14.5,8.7,2.535,1.58
R3C5,CNJ04_2_5,3,5,2012,NA,NA,NA,3.66666666666667,1.22222222222222,2,0.111111111111111,0.333333333333333,4.4131,3.74,2.26666666666667,0.095,22.33,16.76,2.6617,17.5,2.66,1.2,1.1,2.1,0.7,1.47620380462521,0.735602680992942,0.98998209728412,103,455.397697627884,438.069018113885,1.3323389021479712,2.20655,185.95,153.6,2.55,18,18.5,9.2,NA,1.82
R3C5,CNJ04_2_5,3,5,2014,NA,NA,NA,4.5,1.125,2.25,0.125,1,4.1391,3.03333333333333,0.9,NA,20.33,16.12,2.212,18.5,2.79,1.7,0.4,1.6,0.3,1.44876543749112,0.723577772811705,0.989069379080006,98.5,449.159373002845,437.375870933325,1.2611662531017367,1.8396,212.5,203.39999999999998,2.15,4.2,21.5,8.05,2.715,1.5350000000000001
R3C6,CNJ04_2_6,3,6,2011,0.09718509628498175,0.16310502283105013,0.17859270895401116,4.3,0.5,2.9,0.7,0.2,8.045,4.53,1.15,0.0984,24.146,19.117,3.197,22.2,2.895,0.3,1,1.4,1,1.64178987232125,0.793100078545195,0.986752704498007,112,500.45226436428,459.556580711244,1.263064288329759,2.774137931034483,636.8,543.95,2.6,14.15,18,8.47,2.5700000000000003,1.365
R3C6,CNJ04_2_6,3,6,2012,NA,NA,NA,4.7,0.5,2.4,0.9,0.9,6.6198,3.15,NA,0.0623,22.47,17.83,2.9808,17.2,3.27,0.9,1.4,2.4,0.5,1.48134361297093,0.737760249743566,0.990350877192982,93.2048327646991,454.011403266764,436.682723752766,1.2602355580482334,2.75825,458.20000000000005,379.1,2.5,16.75,22,8.25,2.8099999999999996,1.355
R3C6,CNJ04_2_6,3,6,2014,NA,NA,NA,5.625,0.125,3.5,1,1,7.11755555555556,3.38888888888889,NA,NA,19.8777777777778,17.7888888888889,2.587,23,2.95555555555556,1.22222222222222,1.77777777777778,1.33333333333333,0.333333333333333,1.37311890072089,0.685291316169313,0.989527001294844,101,431.830693488846,433.910135030526,1.1174266083697697,2.033587301587303,308.9,295.29999999999995,2.1500000000000004,4.35,41.5,8.8,2.365,1.385
R3C7,CNJ04_2_7,3,7,2011,0.11704746897774276,0.26327557294577975,0.32076480812942904,3.3,0.6,1.8,0.8,0.1,4.537,4.23,1.66666666666667,0.0568,22.066,18.971,2.851,21.1,2.88,1.3,0.8,1.8,0.9,1.42990839281308,0.714783793574969,0.990258121428297,105.204832764699,472.726377141883,451.931961725084,1.1631437457171472,2.5205555555555557,282.5,246.95,2.2,11.1,23,8.7,2.165,1.63
R3C7,CNJ04_2_7,3,7,2012,NA,NA,NA,2.9,0.7,1.6,0.3,0.3,3.5862,3.307,1.8375,0.077,21.03,17.81,2.4839,15.8,3.12,1.3,1,2,0.5,1.42012770643902,0.710039325713677,0.989629799077357,104.5,449.852520183405,440.841606836125,1.1807973048848963,2.2413749999999997,164.75,127,2.4000000000000004,21.95,26.5,9.1,2.92,1.62
R3C7,CNJ04_2_7,3,7,2014,NA,NA,NA,4.2,0.2,2.5,0,1.5,4.552,3.07,1.3,NA,18.17,17.32,2.158,18.4,2.85,1.9,1,1.4,0.4,1.16554899478365,0.513708494164841,0.991297013380363,116.409665529398,427.671810405486,449.159373002845,1.0490762124711317,1.8207999999999998,406.45000000000005,389.9,2.1500000000000004,3.95,NA,8,2.3200000000000003,1.49
R3C8,CNJ04_2_8,3,8,2011,0.022711711887947704,0.3554663197782932,0.392131894645131,3.9,0.7,2,0.4,0.8,5.228,4.08,1.88333333333333,0.0959,23.696,18.517,2.837,20.2,2.726,0.9,1,1.8,0.8,1.66384810600145,0.799236689645521,NA,123.204832764699,499.065970003161,457.477139169564,1.2796889344926285,2.614,599.1500000000001,519.3,2.5,12.7,11.5,7.83,2.495,1.325
R3C8,CNJ04_2_8,3,8,2012,NA,NA,NA,5,1.4,2,0.2,1.4,4.9958,NA,NA,0.1113,22.47,17.43,2.7261,16.8,3.14,0.5,1.5,1.6,0.3,1.51728367637216,0.752079379223809,0.990111812580817,94.2048327646991,463.022316614043,438.069018113885,1.2891566265060241,2.4979,284.9,226.75,2.3,18.3,20,8.45,2.92,1.565
R3C8,CNJ04_2_8,3,8,2014,NA,NA,NA,5.66666666666667,0.222222222222222,2.55555555555556,1.33333333333333,1.55555555555556,5.171,2.84,NA,NA,20.26,17.12,2.259,18.7,2.73,1.7,1.4,1.4,0.4,1.44876543749112,0.723577772811705,0.989069379080006,98.5,449.159373002845,437.375870933325,1.183411214953271,2.0234347826086925,452,432.4,2.05,4.25,28.5,8.15,2.545,1.4100000000000001
R3C9,CNJ04_2_9,3,9,2011,0.14646940147948884,0.1347753743760399,0.07201479597734368,3.4,0.7,1.4,0.5,0.8,3.173,4.15555555555556,1.9,0.0794,24.8177777777778,16.5988888888889,2.55,19.6,2.68,1.5,1.3,1.33333333333333,0.9,1.52425188681813,0.754709131280887,0.98936170212766,86.4096655293983,466.488052516843,440.148459655565,1.4951469308521321,2.2664285714285715,247,200.7,2.3,20.2,14,8.559999999999999,2.585,1.685
R3C9,CNJ04_2_9,3,9,2012,NA,NA,NA,4.1,0.4,1.7,1.6,0.4,4.262,2.25,1.6,0.0774,24.52,16.52,2.6233,16,2.44,1.7,0.7,1.4,0.7,1.41035404546152,0.705166431933139,0.989619771863118,95,435.296429391646,433.216987849966,1.4842615012106537,2.5070588235294116,323.95,231.85,NA,27.65,20,9.1,2.8449999999999998,1.585
R3C9,CNJ04_2_9,3,9,2014,NA,NA,NA,5,0.9,2.5,0.6,1,5.295,3.11,NA,NA,23.18,16.53,2.453,26.9,2.66,1.8,0.444444444444444,1.9,0.7,1.51526786425682,0.751310117128507,0.989630589760207,90.4096655293983,460.942875072364,437.375870933325,1.4022988505747125,2.118,427.35,404.25,2.45,5.8,26.5,6.7,2.51,1.1400000000000001
R4C1,CNJ04_21_1,4,1,2011,0.006761602294846835,0.03103337954569688,0.215235792019347,4.2,0.7,1.2,0.9,1.4,3.878,3.68,1,0.05269,22.791,19.631,3.179,27.6,3.352,0.3,0.3,1.6,0.6,1.48207027334197,0.738062969132149,0.990455297694646,110,492.827645378121,460.249727891804,1.160969894554531,3.231666666666667,241.7,201,2.95,14.350000000000001,22,8.370000000000001,2.42,1.12
R4C1,CNJ04_21_1,4,1,2012,NA,NA,NA,2.7,0.3,1.5,0.7,0.2,3.9308,3.42,2.425,0.0892,20.61,17.53,2.6797,15.1428571428571,2.81,0.5,1.6,1.7,0.1,1.41035404546152,0.705166431933139,0.989619771863118,95,435.296429391646,433.216987849966,1.1756988020536223,2.6205333333333334,227.15,129.8,2.6,40.85,34.5,9.8,2.8099999999999996,1.195
R4C1,CNJ04_21_1,4,1,2014,NA,NA,NA,4,0.666666666666667,1.88888888888889,0.111111111111111,1.33333333333333,4.8026,4.28,NA,NA,21.46,18.72,3.1304,28.1,3.34,1.2,1.8,1.2,0.4,1.46725581051598,0.731776750929143,0.990860071130827,84.2951672353009,450.545667363964,435.989576572206,1.1463675213675215,2.5425529411764693,274.65,170.35,2.7,37,24,7.45,2.4349999999999996,1.1
R4C10,CNJ04_21_10,4,10,2011,0.09187307974659474,0.19768607790204393,0.3854166666666667,4.625,1.375,1.875,1,0.375,5.75222222222222,3.17777777777778,2.03333333333333,0.0677777777777778,25.6477777777778,19.1077777777778,3.43444444444444,21.6666666666667,3.12555555555556,1.22222222222222,2,1.77777777777778,0.888888888888889,1.52376951893481,0.754528544185566,0.989284900068394,86.4096655293983,466.488052516843,440.148459655565,1.3422690004070472,3.0678518518518505,388.2,352.45,3.1,9.2,20,8.03,2.385,1.315
R4C10,CNJ04_21_10,4,10,2012,NA,NA,NA,4.5,0.9,2.3,0.7,0.6,6.9161,3.62,1.4,0.073,22.85,17.63,3.1608,23.5,3.25,1,1.6,2.3,0.8,1.51526786425682,0.751310117128507,0.989630589760207,90.4096655293983,460.942875072364,437.375870933325,1.2960862166761205,3.007,260.05,156.35,3.3,39.3,33,8.899999999999999,2.775,1.205
R4C10,CNJ04_21_10,4,10,2014,NA,NA,NA,4.66666666666667,0.222222222222222,2.55555555555556,0.555555555555556,1.33333333333333,6.5894,3.54,NA,NA,23.16,18.59,3.0611,24.2,3.3,0.9,1,1.1,0.2,1.41035404546152,0.705166431933139,0.989619771863118,95,435.296429391646,433.216987849966,1.2458310919849382,2.5784608695652134,390.15,366.95,2.75,5.85,23,7.15,2.4299999999999997,1.2
R4C11,CNJ04_21_11,4,11,2011,0.028324451344886942,0.22519483540770044,0.3714683368128045,4.9,0.8,2.5,0.7,0.9,5.789,3.71,1.6,0.0982,22.874,18.494,2.726,23,2.879,0.7,0.9,1.6,0.9,1.59887353367515,0.780271995012422,0.990467804915397,93,494.213939739241,455.397697627884,1.23683356764356,2.3156,526.6500000000001,492.70000000000005,2.5,7,16.5,7.029999999999999,2.54,1.21
R4C11,CNJ04_21_11,4,11,2012,NA,NA,NA,4.1,0.4,2.7,0.4,0.6,6.1265,2.91,3.13333333333333,0.0831,23.46,17.79,2.7527,20.9,2.98,1.6,1.2,2.4,0.5,1.41035404546152,0.705166431933139,0.989619771863118,95,435.296429391646,433.216987849966,1.318718381112985,2.269074074074074,333.05,225.8,2.6,29.6,27.5,8.649999999999999,2.77,1.225
R4C11,CNJ04_21_11,4,11,2014,NA,NA,NA,4.875,0.375,2.25,1,1.25,5.0153,3.3,NA,NA,19.97,16.47,2.2144,19,3.01,1.6,0.7,1.4,0.2,1.41035404546152,0.705166431933139,0.989619771863118,95,435.296429391646,433.216987849966,1.2125075895567698,2.229022222222222,337,317.8,2.05,5.45,28,7.699999999999999,2.415,1.13
R4C12,CNJ04_21_12,4,12,2011,0.10379469676235246,0.44676090714939487,0.49755832881172,4,0.375,2.625,0.25,0.75,6.856,2.28,2.4,0.08,25.233,18.202,2.944,25.4,2.834,1.2,1,2.1,0.7,1.49474016985014,0.743251066346965,0.989569005043558,97.6144982940974,474.805818683563,449.159373002845,1.386276233380947,2.611809523809524,355.65,345,2.6,3.9,22,7.17,2.465,1.5699999999999998
R4C12,CNJ04_21_12,4,12,2012,NA,NA,NA,3,0.7,2,0.3,0,5.5666,3.26,1.63333333333333,0.103,25.75,17.76,3.0554,18.8,2.5875,1.5,1.125,2,0.3,1.43326967678901,0.716384790558589,0.990094124791255,98.5,443.614195558365,434.603282211086,1.4498873873873872,2.7833,136,115.75,2.55,14.3,34,8.1,2.775,1.615
R4C12,CNJ04_21_12,4,12,2014,NA,NA,NA,3.6,0.4,2.1,0.5,0.6,4.7587,2.2,NA,NA,22,16.79,2.4732,25.8,2.99,1.2,1.1,1.8,0.2,1.48134361297093,0.737760249743566,0.990350877192982,93.2048327646991,454.011403266764,436.682723752766,1.3103037522334724,2.266047619047619,368.95,346.8,2.3,7.1,32,6.95,2.565,1.03
R4C13,CNJ04_21_13,4,13,2011,0.013094857872884039,0.16255500733431122,0.3108880308880308,4.8,0.7,2.1,1.8,0.2,5.562,2.98,0.7,0.065,21.802,18.481,2.909,21.8,2.876,1.4,1.6,1.5,0.9,1.52824421552716,0.756195564269505,0.988999734476349,87.6144982940974,471.340082780763,442.921048377805,1.179698068286348,2.6485714285714286,435.9,424.4,2.45,2.65,17,8.45,2.4,1.245
R4C13,CNJ04_21_13,4,13,2012,NA,NA,NA,2.66666666666667,0.222222222222222,2.11111111111111,0.333333333333333,0,5.7096,3.5707,1.85,0.0811,21.37,18.74,2.87988888888889,21.6666666666667,2.85,0.666666666666667,1.2,2.3,0.5,1.41035404546152,0.705166431933139,0.989619771863118,95,435.296429391646,433.216987849966,1.1403415154749201,2.7045473684210544,314,223.10000000000002,2.45,26.85,33,8.6,2.54,1.3450000000000002
R4C13,CNJ04_21_13,4,13,2014,NA,NA,NA,4.7,0.8,2.5,0.6,0.8,4.6305,2.72,NA,NA,18.95,16.3,2.1289,19.1,2.76,0.7,1.3,1.3,0.5,1.43326967678901,0.716384790558589,0.990094124791255,98.5,443.614195558365,434.603282211086,1.1625766871165644,1.8521999999999998,307.8,297,2.05,3.35,31,8.25,2.4,1.5
R4C14,CNJ04_21_14,4,14,2011,0.12823386569533946,0.392630610565051,0.5721939281698525,4.2,0.7,2.2,0.7,0.6,5.436,4.18,1.6,0.0722,23.646,18.148,2.807,25,3.058,0.7,1.3,1.4,1,1.47432587878444,0.734807143940049,0.989043292357028,104.409665529398,466.488052516843,444.307342738925,1.3029534934979061,2.4709090909090907,719.05,594.25,2.7,17.25,16,7.279999999999999,2.415,1.835
R4C14,CNJ04_21_14,4,14,2012,NA,NA,NA,4,1.375,1.375,0.875,0.375,4.2003,4.47,2.46666666666667,0.0886,24.42,17.74,3.1456,18.7,2.83,1.2,1.5,2,0.3,1.41035404546152,0.705166431933139,0.989619771863118,95,435.296429391646,433.216987849966,1.3765501691093576,3.054763636363637,313.6,161.7,2.9000000000000004,NA,30,8.8,2.6799999999999997,1.77
R4C14,CNJ04_21_14,4,14,2014,NA,NA,NA,4.33333333333333,0.111111111111111,2.55555555555556,0.111111111111111,1.55555555555556,5.1576,2.93,NA,NA,21.83,15.92,2.4044,21.4,2.91,1.3,1.5,1.7,0,1.44876543749112,0.723577772811705,0.989069379080006,98.5,449.159373002845,437.375870933325,1.3712311557788943,2.018191304347823,354.5,332.2,2.1500000000000004,6.949999999999999,32.5,8.25,2.3099999999999996,1.4449999999999998
R4C15,CNJ04_21_15,4,15,2011,0.1745310910854088,0.10927988121752036,0.1467414393746282,4.2,0.6,1.5,1.9,0.2,3.49,2.39,1.9,0.0609,21.272,16.735,2.347,19,2.818,0.9,1.1,1.6,1,1.40903424376239,0.704498013473049,0.989344637946838,91.7048327646991,456.090844808444,443.614195558365,1.271108455333134,2.3266666666666667,373.55,337.4,2.25,9.1,26.5,8.379999999999999,2.425,1.77
R4C15,CNJ04_21_15,4,15,2012,NA,NA,NA,3.6,0.2,2.3,0.8,0.3,4.9658,3.09,3.94,0.0905,21.98,17.34,2.4954,17.5,2.85,1.1,1.2,2.5,0.3,1.41035404546152,0.705166431933139,0.989619771863118,95,435.296429391646,433.216987849966,1.2675893886966552,2.1590434782608696,299.95000000000005,251.05,2.75,16.05,32.5,8.600000000000001,2.82,1.34
R4C15,CNJ04_21_15,4,15,2014,NA,NA,NA,5.88888888888889,0.333333333333333,2.88888888888889,1.11111111111111,1.55555555555556,5.996,3.5,0.8,NA,20.31,17.41,2.49,26.1,2.83,1.4,1.3,1.1,0.4,1.46725581051598,0.731776750929143,0.990860071130827,84.2951672353009,450.545667363964,435.989576572206,1.1665709362435381,2.0755384615384607,464.9,439.85,2,5.35,39,8.05,2.5,1.35
R4C16,CNJ04_21_16,4,16,2011,0.03736851281455226,0.19122165325530366,0.11214230471771079,5.4,0.9,2.1,1.3,1.1,4.141,2.97,NA,0.0571,22.041,17.006,2.502,18.6,2.878,1.2,1.6,1.8,0.8,1.52425188681813,0.754709131280887,0.98936170212766,86.4096655293983,466.488052516843,440.148459655565,1.296071974597201,1.9719047619047618,276.4,229.6,2.1,20.4,17.5,9.33,2.285,1.875
R4C16,CNJ04_21_16,4,16,2012,NA,NA,NA,3.5,0.3,1.8,0.8,0.6,4.4625,3.9,2.46,0.0937,23.78,17.65,2.8789,17.9,2.96,1.4,1.3,1.6,0.5,1.41035404546152,0.705166431933139,0.989619771863118,95,435.296429391646,433.216987849966,1.3473087818696885,2.479166666666667,407.1,287.6,2.75,26.1,19.5,8.649999999999999,2.605,1.5699999999999998
R4C16,CNJ04_21_16,4,16,2014,NA,NA,NA,5,0.1,2.5,1.2,1.2,4.706,3.2,1.8,NA,19.98,16.12,2.156,18.9,2.76,1.8,1.1,1.2,0.3,1.49815262191294,0.744619894480314,0.989215760993827,89.4096655293983,459.556580711244,440.148459655565,1.2394540942928038,1.8824,411.20000000000005,383.9,2.05,6.65,22.5,7.8,2.38,1.2149999999999999
R4C17,CNJ04_21_17,4,17,2011,0.16728902165795367,0.060606060606060615,0.08638981509548349,4.3,0.3,2.3,1.4,0.3,4.689,4.08,4.8,0.0836,21.914,16.831,2.398,13,2.808,1.2,1.2,1.6,0.8,1.53380930569427,0.758243446306591,0.990360435875943,89.1144982940974,477.578407405802,448.466225822285,1.3020022577386965,2.0386956521739132,213.5,179.2,1.9,18.45,14.5,9.15,2.525,1.7349999999999999
R4C17,CNJ04_21_17,4,17,2012,NA,NA,NA,3.3,0.1,2,0.9,0.3,3.345,2.55,1.76666666666667,0.0686,19.32,15.69,1.9187,11.7,2.31,1.4,1.5,1.6,0.6,1.43326967678901,0.716384790558589,0.990094124791255,98.5,443.614195558365,434.603282211086,1.2313575525812621,1.6725,189.1,150.7,1.95,19.85,24,9.45,2.8449999999999998,1.395
R4C17,CNJ04_21_17,4,17,2014,NA,NA,NA,4,0.4,2.4,0.6,0.6,3.828,3.1,0.55,NA,19.2,15.46,1.895,11,2.88,1.5,1,1.6,0.3,1.51526786425682,0.751310117128507,0.989630589760207,90.4096655293983,460.942875072364,437.375870933325,1.241914618369987,1.595,273.15,245.10000000000002,1.7,8.6,16,8.4,2.615,1.595
R4C18,CNJ04_21_18,4,18,2011,0.11959388323100503,0.21191400591064496,0.3771551724137931,3.3,0.1,1.5,1.4,0.3,4.223,3.48,2.4,0.0595,22.761,18.007,2.846,21.9,3.018,1.8,1.8,1.8,0.9,1.40908698560512,0.704524772988865,0.989343824001222,90.7048327646991,456.783991989004,444.307342738925,1.2640084411617702,2.8153333333333332,522.85,447.3,2.5,14.35,17,8.02,2.4000000000000004,1.64
R4C18,CNJ04_21_18,4,18,2012,NA,NA,NA,2.7,0.2,1.8,0.2,0.5,5.3703,3.73,3.95,0.0958,22.91,18.15,3.0459,22.7,2.84,1.6,1.9,1.5,0.1,1.41035404546152,0.705166431933139,0.989619771863118,95,435.296429391646,433.216987849966,1.2622589531680442,2.9835000000000003,340,202.3,2.55,36.55,24.5,8.8,2.6950000000000003,1.67
R4C18,CNJ04_21_18,4,18,2014,NA,NA,NA,4.7,0.1,2.6,0.1,1.9,5.2207,3.94444444444444,NA,NA,19.05,16.2,2.1915,19.2,3.23,1.2,1.6,1.5,0.1,1.44876543749112,0.723577772811705,0.989069379080006,98.5,449.159373002845,437.375870933325,1.175925925925926,2.0079615384615384,629.8,589.4,2.2,6.1,23,8.9,2.685,1.385
R4C19,CNJ04_21_19,4,19,2011,0.19965932595206226,0.02735732705460251,0.054521671918663375,4.3,0.6,2,1.4,0.3,5.423,2.89,1.675,0.0701,23.483,18.067,2.826,25.1,2.579,1.8,1.5,1.4,1,1.52824421552716,0.756195564269505,0.988999734476349,87.6144982940974,471.340082780763,442.921048377805,1.2997730669175847,2.7115,458.15,443.4,2.45,2.75,16.5,8.68,2.63,1.28
R4C19,CNJ04_21_19,4,19,2012,NA,NA,NA,3.8,0.9,1.4,1.3,0.2,3.6179,3.8,2.075,0.0984,21.72,17.37,2.5406,19.4,2.86,1.9,0.7,1.4,0.8,1.41492584075289,0.707462561993523,0.989597570235383,97.5,440.841606836125,435.989576572206,1.250431778929188,2.584214285714286,433.75,397.55,2.5,7.800000000000001,22,8.25,2.6799999999999997,1.3250000000000002
R4C19,CNJ04_21_19,4,19,2014,NA,NA,NA,4.5,0.1,2,0.7,1.7,4.2258,2.55,0.5,NA,20.13,17.01,2.3493,23.5,2.81,1.4,1.6,1.6,0.2,1.49815262191294,0.744619894480314,0.989215760993827,89.4096655293983,459.556580711244,440.148459655565,1.1834215167548499,2.1129,379.6,346.1,1.9,8.45,30.5,7.55,2.49,1.2
R4C2,CNJ04_21_2,4,2,2011,0.2004135062088206,0.35633257707193383,0.47219209914794724,3.9,0.2,2.1,0.9,0.7,4.819,4.24444444444444,3.525,0.1085,20.349,18.636,2.501,20.8,3.324,0.7,0.3,2,0.8,1.13185289313357,NA,0.990344827586207,124.909665529398,428.364957586046,453.318256086204,1.0919188667095945,2.294761904761905,508.15,475.15,2.05,7.65,13.5,8.27,2.395,1.2999999999999998
R4C2,CNJ04_21_2,4,2,2012,NA,NA,NA,3.6,1,1.8,0.8,0,3.2099,4.58,3.675,0.3408,19.77,17,2.2145,14.4444444444444,2.9,1.11111111111111,1,2.1,0.5,1.41035404546152,0.705166431933139,0.989619771863118,95,435.296429391646,433.216987849966,1.1629411764705881,1.7832777777777777,241.14999999999998,170.35,2.05,25.25,21.5,9.35,2.675,1.605
R4C2,CNJ04_21_2,4,2,2014,NA,NA,NA,4.66666666666667,0.444444444444444,2.33333333333333,0.444444444444444,1.44444444444444,4.3583,3.36,NA,NA,18.41,16.53,1.9996,15.3,3.28,1.2,1.1,1.8,0.2,1.43326967678901,0.716384790558589,0.990094124791255,98.5,443.614195558365,434.603282211086,1.1137326073805203,1.8678428571428598,379.85,196.5,2,NA,21.5,7.7,2.2750000000000004,1.255
R4C20,CNJ04_21_20,4,20,2011,0.209008561218281,0.43667640998610385,0.5422204626435156,4.7,0.1,2,NA,0.2,4.615,4.27,1.425,0.0722,19.919,17.456,2.528,20.1,3.078,1.8,1.3,1.8,0.8,1.34819864862832,0.670698090730659,0.98921564878198,104.614498294097,451.931961725084,446.386784280605,1.1410976168652613,2.3075,749.55,681.7,2.25,8.95,16.5,7.83,2.51,1.305
R4C20,CNJ04_21_20,4,20,2012,NA,NA,NA,5.6,1.1,3.2,0.7,0.6,7.0539,4.47,2.8625,0.1276,20.55,17.67,2.7337,16.2,3.39,1.9,1.5,1.7,0.1,1.41035404546152,0.705166431933139,0.989619771863118,95,435.296429391646,433.216987849966,1.162988115449915,2.2043437499999996,293.9,202.35000000000002,2.5,29.549999999999997,32,9.35,2.41,1.585
R4C20,CNJ04_21_20,4,20,2014,NA,NA,NA,5.3,0.7,2.5,1.5,0.6,4.534,3.62,1.8,NA,17.51,16.56,2.102,17.9,3.07,1.9,1.8,1.4,0.2,1.19943828964875,0.552182009005905,0.991648469524576,108.909665529398,429.751251947166,448.466225822285,1.0573671497584543,1.8135999999999999,129.55,117.2,1.7999999999999998,9.1,34.5,8.25,2.54,1.9449999999999998
R4C21,CNJ04_21_21,4,21,2011,0.331619034309273,0.21841746936305406,0.26736865563541146,4.8,1.4,1.4,1.9,0.1,2.657,2.81,1.7,0.0464,19.049,16.139,1.997,16.4,2.878,1.4,1.2,2.5,0.9,1.42985726738236,0.714759327271279,0.990258495052543,105.204832764699,472.726377141883,451.931961725084,1.18030856930417,1.897857142857143,604,568.7,2.4,5.95,17.5,7.8100000000000005,2.4,1.3050000000000002
R4C21,CNJ04_21_21,4,21,2012,NA,NA,NA,4.66666666666667,0.777777777777778,2.55555555555556,0.888888888888889,0.444444444444444,5.29355555555556,2.81111111111111,1.52,0.0862222222222222,20.9666666666667,16.7666666666667,2.50433333333333,21.6666666666667,2.95555555555556,1.22222222222222,1.11111111111111,2.22222222222222,0.666666666666667,1.41972751872084,0.709842426955729,0.989610586584765,99.5,440.841606836125,435.989576572206,1.2504970178926436,2.0713913043478245,387.45000000000005,328.75,2.35,14.149999999999999,25.5,9.1,2.73,1.85
R4C21,CNJ04_21_21,4,21,2014,NA,NA,NA,4.5,0.1,3.5,0.6,0.3,5.5053,3.25,1.3,NA,18.27,15.64,1.9194,18.5,3.07,1.55555555555556,1.25,1.7,0.3,1.40530772782255,0.702597064575,0.989661223866931,99,440.841606836125,434.603282211086,1.168158567774936,1.5729428571428572,368.85,341.1,1.8,8.15,28.5,8.15,2.565,1.355
R4C22,CNJ04_21_22,4,22,2011,0.05305132474152634,0.5742386175623506,0.7018511522478278,2.9,0.1,1.7,0.9,0.2,4.607,3.25,1.5,0.0553,24.76,18.273,2.937,21.2,2.944,1.2,1.3,2,1,1.52425188681813,0.754709131280887,0.98936170212766,86.4096655293983,466.488052516843,440.148459655565,1.3550046516718657,2.7100000000000004,642.25,563.1,2.7,12.7,27,7.7,2.51,1.33
R4C22,CNJ04_21_22,4,22,2012,NA,NA,NA,3.4,1.1,1.9,0.2,0.2,5.1232,3.91,1.725,0.1039,22.28,17.31,2.9307,12.1,3.06,1.7,1.2,2.4,0.7,1.44876543749112,0.723577772811705,0.989069379080006,98.5,449.159373002845,437.375870933325,1.2871172732524554,2.696421052631579,173.7,98.65,2.8,38.3,31,8.05,3.105,1.495
R4C22,CNJ04_21_22,4,22,2014,NA,NA,NA,4.5,0.3,2.8,0.5,0.9,5.8859,4.09,NA,NA,21.83,16.98,2.4625,18.6,2.89,1.7,1.4,1.6,0.6,1.41780579902569,0.708893820996909,0.989604279697993,103,440.841606836125,435.989576572206,1.285630153121319,2.102107142857143,366.9,334.9,2.4,8.4,33,7.85,2.58,1.5899999999999999
R4C23,CNJ04_21_23,4,23,2011,0.18454822646807198,0.07410762819351334,0.10317307073437597,4.8,0.3,3.3,1.1,0.1,8.1,3.55,1.56666666666667,0.0934,23.759,19.028,2.951,19.6,2.875,1.8,0.2,2,0.9,1.62156179513594,0.787206555799451,0.989410734011351,102,499.759117183721,456.783991989004,1.2486335926003784,2.4545454545454546,444.6,428.5,2.3,3.65,29,8.58,2.2800000000000002,1.3599999999999999
R4C23,CNJ04_21_23,4,23,2012,NA,NA,NA,5.6,1.6,2.7,0.6,0.7,5.5761,3.6875,2.525,0.1242,22.28,17.16,2.5001,15.6,2.26,2,0.8,1.7,0.4,1.47298278604016,0.734235777380915,0.990329703799589,96.5,451.931961725084,435.989576572206,1.2983682983682985,2.0652222222222223,383.25,348.35,2.1,6.5,29.5,9.45,2.6950000000000003,1.555
R4C23,CNJ04_21_23,4,23,2014,NA,NA,NA,5.2,0.3,2.7,1.2,1,4.65,3.175,2.2,NA,19.96,16.33,2.0089,14.3,2.57,1.8,0.9,1.5,0.4,1.38619826168848,0.692521195247388,0.989571836346337,101,437.375870933325,436.682723752766,1.222290263319045,1.7222222222222223,382.6,374.35,1.7,1.7999999999999998,31.5,8.05,2.495,1.435
R4C24,CNJ04_21_24,4,24,2011,0.15010375835831227,0.45533214558411805,0.5089514066496164,4.2,0.6,1.6,1.7,0.3,3.686,2.7,NA,0.0457,21.988,17.193,2.503,12,2.9093,1.2,0.8,2,0.8,1.54590783614344,0.762601059779727,0.989486515313119,89.4096655293983,477.578407405802,446.386784280605,1.2788925725585993,2.30375,285.9,265.5,2.45,6.95,20.5,8.24,2.545,1.3199999999999998
R4C24,CNJ04_21_24,4,24,2012,NA,NA,NA,2.9,0.4,2,0.3,0.2,4.988,3.41,1.7,0.089,21.97,18.26,2.9509,14,2.37,1.7,1.6,1.8,0.2,1.41035404546152,0.705166431933139,0.989619771863118,95,435.296429391646,433.216987849966,1.2031763417305585,2.494,107,86.4,2.4,17.25,18,9.15,2.87,1.525
R4C24,CNJ04_21_24,4,24,2014,NA,NA,NA,4.5,0.2,2.8,0.3,1.2,5.065,3.035,NA,NA,18.98,16.88,2.188,16.4,2.62,1.7,1,1.9,0.1,1.40530772782255,0.702597064575,0.989661223866931,99,440.841606836125,434.603282211086,1.1244075829383888,1.8089285714285717,182.3,178.39999999999998,2.1,2.5,20,7.25,2.65,1.415
R4C25,CNJ04_21_25,4,25,2011,0.1169081952850514,0.1338783852835973,0.15619896065330371,3.2,0.2,1.8,1,0.2,4.939,3.2,NA,0.0599,22.755,19.016,2.937,23,3.229,0.8,1.2,2,1,1.62156179513594,0.787206555799451,0.989410734011351,102,499.759117183721,456.783991989004,1.196623895666807,2.743888888888889,443.79999999999995,389.35,2.75,11.95,9.5,7.2700000000000005,2.5,1.365
R4C25,CNJ04_21_25,4,25,2012,NA,NA,NA,4.2,0.7,2.2,0.9,0.4,6.2467,4.51,2.35,0.1016,23.2,19.12,3.3746,24.1,2.91,1,1,2.4,0.8,1.48134361297093,0.737760249743566,0.990350877192982,93.2048327646991,454.011403266764,436.682723752766,1.213389121338912,2.8394090909090903,339,284.15,2.7,15.350000000000001,17.5,8.7,2.87,1.545
R4C25,CNJ04_21_25,4,25,2014,NA,NA,NA,4.1,0.5,2.6,0.2,0.8,5.677,3.66,0.5,NA,19.27,18.26,2.577,21.2,2.84,0.9,1.5,1.8,0.3,1.24536106273405,0.596006001083231,0.990962009803922,115.5,435.296429391646,445.000489919485,1.055312157721796,2.1834615384615383,435.3,415.6,2.2,4.45,18,7.35,2.45,0.9850000000000001
R4C26,CNJ04_21_26,4,26,2011,0.11372711519626309,0.2323047726154495,0.25400801603206413,4.7,0.3,2.3,1.9,0.2,5.913,4.56,1.65,0.0839,22.668,18.643,2.949,21.2,3.308,0.3,1.4,2,0.8,1.54926909500924,0.763789290882834,0.988528163358954,117.5,494.907086919801,458.863433530684,1.2158987287453735,2.5708695652173916,438.3,375.45,2.75,14.5,9,8.36,2.565,1.145
R4C26,CNJ04_21_26,4,26,2012,NA,NA,NA,3.7,0.5,2,0.7,0.5,4.7054,3.9,NA,0.087,20.95,17.75,2.7583,21.4,2.85,1.6,1.5,2.4,0.8,1.46725581051598,0.731776750929143,0.990860071130827,84.2951672353009,450.545667363964,435.989576572206,1.180281690140845,2.3527,273.05,223.35,2.5,15.1,10.5,9.55,2.5700000000000003,1.1800000000000002
R4C26,CNJ04_21_26,4,26,2014,NA,NA,NA,3.9,0.3,2.2,0,1.4,4.6404,3.44,0.6,NA,18.13,15.83,2.145,18.5,3.19,1.8,1.6,1.5,0.4,1.44876543749112,0.723577772811705,0.989069379080006,98.5,449.159373002845,437.375870933325,1.1452937460518002,2.1092727272727267,285.15,266,2.2,5.75,14.5,8,2.3449999999999998,0.95
R4C27,CNJ04_21_27,4,27,2011,0.09401267296004139,0.28089533417402274,0.31560498005560256,4,0.444444444444444,2.44444444444444,1.11111111111111,0,5.076,2.21,0.7,0.0516,21.632,17.755,2.61,22.8,3.089,0.8,1.1,2,0.9,1.52425188681813,0.754709131280887,0.98936170212766,86.4096655293983,466.488052516843,440.148459655565,1.2183610250633625,2.076545454545458,609.45,544.2,2.2,9.35,16,8.05,2.23,1.33
R4C27,CNJ04_21_27,4,27,2012,NA,NA,NA,2.625,0.375,1.75,0.5,0,4.2036,3.62,NA,0.0694,21.56,17.54,2.7169,17.6,3.01,1.3,1.2,2.4,0.6,1.43326967678901,0.716384790558589,0.990094124791255,98.5,443.614195558365,434.603282211086,1.2291904218928165,2.4020571428571427,342.15,283.1,2.8,14.75,21,8.5,2.43,1.2200000000000002
R4C27,CNJ04_21_27,4,27,2014,NA,NA,NA,4.7,0,2.7,0.3,1.7,5.551,3.18888888888889,NA,NA,19.68,17.74,2.49,25.2,2.92,1.9,1.7,1.3,0.3,1.34731135107815,0.670157480180776,0.990601719197708,102.5,440.148459655565,441.534754016685,1.109357384441939,2.055925925925926,330.25,316.9,1.9500000000000002,3.9000000000000004,21.5,7.25,2.385,1.095
R4C28,CNJ04_21_28,4,28,2011,0.05872067608917389,0.24376878203995053,0.26482288312180335,2.8,0.1,1.7,0.8,0.2,3.876,3.83,NA,0.0893,20.199,18.251,2.517,19.5,3.068,0.4,1.5,1.7,0.8,1.70155431520976,0.80908040869097,NA,128.204832764699,502.53170590596,458.863433530684,1.1067338775957483,2.28,351.8,333.85,2.2,4.2,14,8.27,2.585,1.4449999999999998
R4C28,CNJ04_21_28,4,28,2012,NA,NA,NA,4,0.7,1.8,0.8,0.7,4.3596,3.04,NA,0.0908,20.45,17.87,2.5806,21.3,2.53,1.2,2,1.5,0.8,1.28963281438837,0.63145255870265,0.99127873618177,112,435.296429391646,442.921048377805,1.1443760492445438,2.422,213.89999999999998,194.05,2.3,8.15,22,8.8,2.75,1.27
R4C28,CNJ04_21_28,4,28,2014,NA,NA,NA,4.44444444444444,0.222222222222222,2.66666666666667,0.666666666666667,0.888888888888889,4.3648,2.86,NA,NA,17.94,16.38,1.9392,16.8,3.08,0.8,1.1,1,0,1.37822208911398,0.68814576687732,0.989759013210492,99.5,435.296429391646,435.989576572206,1.0952380952380953,1.6367999999999978,370.85,342.85,1.75,8.15,26,8,2.3499999999999996,1.5899999999999999
R4C29,CNJ04_21_29,4,29,2011,0.13378133427649316,0.09553120768189088,0.12652419037629473,5,0.6,2.1,NA,0,5.129,3.21,1.38,0.065,20.503,18.639,2.81,8.1,2.928,1.7,1.6,1.5,1,1.28134031990666,0.625239683059635,0.990988227173371,110.704832764699,444.307342738925,446.386784280605,1.100005365094694,2.442380952380952,444.95,429.6,2.5,3.85,14.5,8.27,2.52,1.2850000000000001
R4C29,CNJ04_21_29,4,29,2012,NA,NA,NA,3.6,0.8,1.9,0.9,0,3.9186,3.69,1.62857142857143,0.0765,19.39,18.33,2.4359,NA,2.91,1.4,1.7,2.4,0.5,1.37822208911398,0.68814576687732,0.989759013210492,99.5,435.296429391646,435.989576572206,1.0578286961265686,2.062421052631579,367.35,333.1,2.4,7.949999999999999,16.5,9,2.8,1.6400000000000001
R4C29,CNJ04_21_29,4,29,2014,NA,NA,NA,4.88888888888889,0.666666666666667,2.44444444444444,1.22222222222222,0.555555555555556,4.6119,3.82,1.95,NA,16.88,16.62,2.0675,11,3.41,0.9,0.8,1.3,0.2,1.32964372604727,0.659070500101197,0.989847328244275,100.5,434.603282211086,440.148459655565,1.0156438026474126,1.886686363636367,433.75,417.79999999999995,2,3.45,20,7.45,2.4450000000000003,1.37
R4C3,CNJ04_21_3,4,3,2011,0.22486616320964037,0.7070355259229774,0.709474581690291,3.7,0.4,1.7,1.1,0.5,3.808,1.93,1.5,0.0341,22.669,16.715,2.399,23.7,2.702,1.8,1,2,0.8,1.52425188681813,0.754709131280887,0.98936170212766,86.4096655293983,466.488052516843,440.148459655565,1.3562069997008674,2.2399999999999998,428.85,401,2.3,6.6000000000000005,26,8.34,2.3449999999999998,1.42
R4C3,CNJ04_21_3,4,3,2012,NA,NA,NA,3.8,1.1,2,0.3,0.4,6.0174,3.03,1.68571428571429,0.08,26.38,18.96,3.5569,23.8,3,1.6,1.1,1.8,0.6,1.41035404546152,0.705166431933139,0.989619771863118,95,435.296429391646,433.216987849966,1.391350210970464,3.0087,73.6,68.15,2.5,9.25,24,8.15,2.985,1.5899999999999999
R4C3,CNJ04_21_3,4,3,2014,NA,NA,NA,4.66666666666667,0.888888888888889,2,0.444444444444444,1.33333333333333,4.1333,3.838,NA,NA,21.62,16.14,2.2261,24.6,3.1,1.1,0.9,1.4,0,1.52425188681813,0.754709131280887,0.98936170212766,86.4096655293983,466.488052516843,440.148459655565,1.339529120198265,2.06665,255,178.95,1.9500000000000002,29.5,34,7.6,2.26,1.37
R4C30,CNJ04_21_30,4,30,2011,0.12095746660749336,0.04540459760010546,0.09507824689139989,5,0.5,3.5,0.7,0.3,NA,5.74,2.22,NA,21.394,19.141,2.9,29.3,3.014,1.9,0.7,1.9,1,1.53198540563889,0.75757534114197,0.990270808595396,95.5,494.907086919801,460.249727891804,1.1177054490361005,2.4857142857142853,594.6,579.05,2.55,2.5999999999999996,28,8.02,2.465,1.19
R4C30,CNJ04_21_30,4,30,2012,NA,NA,NA,4.88888888888889,0.666666666666667,3,0.444444444444444,0.777777777777778,6.82244444444444,4.37777777777778,2.85,0.114444444444444,21.4777777777778,18.3666666666667,2.74022222222222,20,2.95555555555556,1.33333333333333,1.22222222222222,2.55555555555556,0.222222222222222,1.41035404546152,0.705166431933139,0.989619771863118,95,435.296429391646,433.216987849966,1.1693889897156675,2.274148148148147,542.95,478.5,3,10.45,26.5,9.8,2.965,1.22
R4C30,CNJ04_21_30,4,30,2014,NA,NA,NA,5.7,0.7,2.4,0.6,2,4.4015,3.2,1.95,NA,18.86,16.58,2.0895,24,3.17,1.5,0.6,1.6,0,1.41035404546152,0.705166431933139,0.989619771863118,95,435.296429391646,433.216987849966,1.1375150784077201,1.8339583333333336,398.5,388.45000000000005,1.75,2.65,30.5,8.25,2.37,1.2
R4C31,CNJ04_21_31,4,31,2011,0.1384386563807578,0.5019839142091151,0.5291701896364296,3.6,0.4,2.3,0.8,0.1,6.353,3.22,2.16666666666667,0.0711,23.844,18.974,3.144,23.4,3.238,1.5,0.5,1.9,0.5,1.57741123800289,0.77337395897078,0.989704873026767,95,491.441351017001,455.397697627884,1.2566670180246653,2.7621739130434784,350.15,316.5,2.8499999999999996,9.600000000000001,20.5,7.140000000000001,2.77,1.4649999999999999
R4C31,CNJ04_21_31,4,31,2012,NA,NA,NA,2.44444444444444,0.333333333333333,1.77777777777778,0.333333333333333,0,4.8079,3.76,3.08,0.0968,23.69,18.81,3.1505,24.6,2.91,1.1,1.9,2.7,0.2,1.41780579902569,0.708893820996909,0.989604279697993,103,440.841606836125,435.989576572206,1.2594364699627858,2.7044437499999967,116.10000000000001,97.45,2.8,15.25,23.5,8.5,3.0999999999999996,1.29
R4C31,CNJ04_21_31,4,31,2014,NA,NA,NA,4.2,0.6,2.4,0.2,1,5.7269,3.2375,NA,NA,21.26,17.99,2.8046,26.7,3.59,1.1,0.9,1.2,0.1,1.41035404546152,0.705166431933139,0.989619771863118,95,435.296429391646,433.216987849966,1.181767648693719,2.3862083333333333,404.29999999999995,390.1,2.55,3.75,18.5,7.7,2.885,1.4049999999999998
R4C32,CNJ04_21_32,4,32,2011,0.06209987195902689,0.3622767284847449,0.44643592913061386,3.8,0.8,1.9,0.9,0.2,4.688,2.82,1,0.0646,21.142,19.751,2.729,23.4,3.006,1,1.1,1.9,0.8,1.50383162714665,0.746871795483204,0.990475097544182,100.114498294097,483.816732030842,455.397697627884,1.0704268138322108,2.4673684210526314,398.5,351.04999999999995,2.9,11.35,28,7.609999999999999,2.535,1.7999999999999998
R4C32,CNJ04_21_32,4,32,2012,NA,NA,NA,3,0.222222222222222,2,0.444444444444444,0.333333333333333,5.3088,3.66,2.1,0.1087,20.8,18.63,2.8556,15.1,2.55,1.1,2,2.4,0.5,1.41492584075289,0.707462561993523,0.989597570235383,97.5,440.841606836125,435.989576572206,1.116478797638218,2.6544,186.55,134.35,2.6500000000000004,12,35.5,8.8,2.835,1.96
R4C32,CNJ04_21_32,4,32,2014,NA,NA,NA,6.1,0.6,3.1,0.8,1.6,7.7255,3.2,NA,NA,20.33,19.08,2.95,24.5,2.98,1.7,1.8,1.4,0,1.14986728831065,NA,0.990056981146507,113,421.433485780447,449.159373002845,1.0655136268343817,2.4920967741935485,286.65,268,2.55,7.050000000000001,30,7.9,2.7350000000000003,1.61
R4C33,CNJ04_21_33,4,33,2011,0.0660315771657922,0.2240127501328139,0.25898858075040787,4.33333333333333,0.444444444444444,2.22222222222222,1.33333333333333,0.333333333333333,4.409,3.91,2.45,0.084,22.008,17.825,2.659,20.7,2.952,2,0.3,2.1,0.9,1.54590783614344,0.762601059779727,0.989486515313119,89.4096655293983,477.578407405802,446.386784280605,1.234670406732118,1.9840500000000019,518.4,482.35,2.55,7.45,16.5,8.24,2.495,1.335
R4C33,CNJ04_21_33,4,33,2012,NA,NA,NA,3.4,0.8,2.1,0.3,0.2,3.8628,2.61,1.55833333333333,0.0806,19.93,16.57,2.1446,13.9,2.36,2,1,1.1,0.8,1.48134361297093,0.737760249743566,0.990350877192982,93.2048327646991,454.011403266764,436.682723752766,1.2027761013880507,1.8394285714285714,328.65,283.9,2.2,9.9,21.5,8.05,2.74,1.89
R4C33,CNJ04_21_33,4,33,2014,NA,NA,NA,4,0,1.875,0.375,1.75,4.18555555555556,3.64444444444444,0.7,NA,20.08,16.95,2.274,18.8,2.59,1.6,0.7,1.5,0.4,1.43326967678901,0.716384790558589,0.990094124791255,98.5,443.614195558365,434.603282211086,1.1846607669616518,2.2322962962962984,327.05,312.4,2,4.7,23.5,7.699999999999999,2.5199999999999996,1.2149999999999999
R4C34,CNJ04_21_34,4,34,2011,0.18707469457598788,0.16293338936751411,0.19520307303133932,3.33333333333333,0.444444444444444,2.33333333333333,0.555555555555556,0,5.966,3.76,1.5,0.0763,22.765,18.9,3.006,23.6,3.621,1.6,0.4,2.4,1,1.52824421552716,0.756195564269505,0.988999734476349,87.6144982940974,471.340082780763,442.921048377805,1.2044973544973545,2.5568571428571465,691.8,637.85,2.2,7.65,18.5,8.559999999999999,2.285,1.4
R4C34,CNJ04_21_34,4,34,2012,NA,NA,NA,4.33333333333333,1.33333333333333,2.11111111111111,0.555555555555556,0.333333333333333,4.0856,2.23333333333333,0.8,0.0533,23.68,17.6,2.4494,18.2,2.8,0.5,1,2.6,0.7,1.45850790191825,0.727948122422741,0.989693466190005,97.5,453.318256086204,440.841606836125,1.3454545454545452,1.935284210526317,497.95000000000005,429.5,2.55,10.9,28,8.7,2.2350000000000003,1.5899999999999999
R4C34,CNJ04_21_34,4,34,2014,NA,NA,NA,4.3,0.3,2.9,0.2,0.9,5.779,2.18,NA,NA,19.43,17.07,2.319,18.9,2.59,1.6,1.5,1.5,0.1,1.40530772782255,0.702597064575,0.989661223866931,99,440.841606836125,434.603282211086,1.1382542472173403,1.9927586206896553,444.4,431.29999999999995,2,2.95,31,8.25,2.145,1.26
R4C35,CNJ04_21_35,4,35,2011,0.2223126089482859,0.06872774115329244,0.04848705796573099,4.44444444444444,0.777777777777778,2.22222222222222,1.22222222222222,0.222222222222222,5.259,5.27,2.75,0.0863,19.983,18.133,2.575,18.2,3.049,0.9,1,2,0.5,1.40903424376239,0.704498013473049,0.989344637946838,91.7048327646991,456.090844808444,443.614195558365,1.1020239342634977,2.3665500000000024,307.25,261,2.25,14.85,31,9,2.295,1.325
R4C35,CNJ04_21_35,4,35,2012,NA,NA,NA,4.2,1.5,1.5,1.1,0.1,3.346,4.06,1.4,0.0661,21.76,19.81,2.4001,19.7,3,1.2,1.9,2.2,0.2,1.41035404546152,0.705166431933139,0.989619771863118,95,435.296429391646,433.216987849966,1.098435133770823,2.2306666666666666,352.6,287.6,2.3499999999999996,16.3,26.5,8.05,2.325,1.505
R4C35,CNJ04_21_35,4,35,2014,NA,NA,NA,5,0.9,2.7,0.6,0.8,5.1599,2.9,NA,NA,18.84,16.83,2.2398,19.3,3.07,0.9,1.2,1.5,0.3,1.38836730000183,0.693693315909347,0.990330963846213,116,449.159373002845,440.841606836125,1.1194295900178255,1.9110740740740741,469.55,431,1.7999999999999998,8.1,44,8.15,2.41,1.21
R4C36,CNJ04_21_36,4,36,2011,0.006032274438974859,0.06796116504854365,0.13149492017416556,4,0.7,2,1.1,0.2,4.21,3.49,1.9,0.093,21.754,17.685,2.531,20.8,3.159,0.9,0.9,2.3,0.7,1.57741123800289,0.77337395897078,0.989704873026767,95,491.441351017001,455.397697627884,1.2300819903873341,2.105,313.5,292.35,2.7,7.25,23.5,7.7,2.465,1.795
R4C36,CNJ04_21_36,4,36,2012,NA,NA,NA,3.7,0.6,2,0.8,0.3,4.2611,3.84,1.85,0.0895,21.69,16.15,2.4192,16.1,2.9,1.6,1.1,2.5,1,1.45850790191825,0.727948122422741,0.989693466190005,97.5,453.318256086204,440.841606836125,1.3430340557275544,2.13055,273.6,224.39999999999998,2.5,16.35,39,8.15,2.705,NA
R4C36,CNJ04_21_36,4,36,2014,NA,NA,NA,3.7,0.2,2.3,0.3,0.9,4.1622,4.12,NA,NA,19.8,15.93,2.0386,19.7,3.18,1.1,0.9,1.8,0.3,1.46725581051598,0.731776750929143,0.990860071130827,84.2951672353009,450.545667363964,435.989576572206,1.2429378531073447,1.8096521739130438,347.35,334.9,2.2,3.75,33.5,7.6,2.795,1.48
R4C4,CNJ04_21_4,4,4,2011,0.11124246364818535,0.45914908336215837,0.5891268533772652,4.2,0.9,2.1,1,0.2,5.17,3.15,1,0.0639,21.965,18.911,3.126,22.9,2.99,1.5,1.9,1.5,0.8,1.35776113415368,0.676430386503091,0.990138899547234,112.204832764699,457.477139169564,449.159373002845,1.1614933107715086,2.4619047619047616,527.3,482.29999999999995,2.6500000000000004,8.65,26,9.11,2.145,1.4100000000000001
R4C4,CNJ04_21_4,4,4,2012,NA,NA,NA,4.5,0.6,1.7,1.7,0.5,4.1349,2.91,2.55714285714286,0.0796,19.84,17.05,2.4663,17.7777777777778,2.99,1.6,1.4,1.4,0.4,1.32964372604727,0.659070500101197,0.989847328244275,100.5,434.603282211086,440.148459655565,1.1636363636363636,2.432294117647059,195.45,124.7,2.65,34.7,43,9.45,2.215,1.3199999999999998
R4C4,CNJ04_21_4,4,4,2014,NA,NA,NA,5.2,0.6,2.2,1.3,1.1,4.385,3.17,NA,NA,18.16,16.76,2.2294,21.9,2.91,1.6,1.2,1.7,0.3,1.43326967678901,0.716384790558589,0.990094124791255,98.5,443.614195558365,434.603282211086,1.0835322195704056,1.993181818181818,263.5,232.5,2.2,9.9,41,8.35,2.135,1.385
R4C5,CNJ04_21_5,4,5,2011,0.36830943709372543,0.07084231280663945,0.14686040477426052,5.2,1,2.6,0.9,0.7,5.936,2.85,2.5,0.0649,23.22,17.853,2.634,20.1,3.168,0.3,0.8,1.1,0.9,1.61134196278989,0.784126732538189,0.990194208096455,90.9096655293983,492.827645378121,453.318256086204,1.3006217442446646,2.283076923076923,583.85,552.5,2.55,5.3,11,8.27,2.565,1.3050000000000002
R4C5,CNJ04_21_5,4,5,2012,NA,NA,NA,3.1,0.6,1.4,0.3,0.8,2.7404,3.34,3.13333333333333,0.0986,20.8,15.21,2.1454,9.55555555555556,2.93,1.1,1.5,1.7,0.3,1.44876543749112,0.723577772811705,0.989069379080006,98.5,449.159373002845,437.375870933325,1.3675213675213675,1.9574285714285717,506.6,411,2.4,17.049999999999997,29,9.15,2.505,1.5150000000000001
R4C5,CNJ04_21_5,4,5,2014,NA,NA,NA,5.27272727272727,0.818181818181818,2.63636363636364,0.545454545454545,1.27272727272727,5.171,3.33636363636364,2.85,NA,20.7727272727273,16.6272727272727,2.42136363636364,18.6363636363636,3.19090909090909,1.54545454545455,1.27272727272727,1.54545454545455,0.272727272727273,1.4559732478931,0.726822063327344,0.9895548465512,98,450.545667363964,438.069018113885,1.2493165664297465,1.9614137931034459,396.6,385.25,2.25,2.9,15.5,7.5,2.44,1.345
R4C6,CNJ04_21_6,4,6,2011,0.10307554726078,0.10617250491225688,0.20613314558397877,3.9,0.2,1.9,0.9,0.9,5.674,4.14,0.75,0.077,22.975,19.179,3.13222222222222,24.4444444444444,3.132,0.9,0.7,1,0.8,1.57741123800289,0.77337395897078,0.989704873026767,95,491.441351017001,455.397697627884,1.1979248135982066,2.9863157894736845,408.15,385.45000000000005,2.7,4.85,10.5,7.800000000000001,2.7649999999999997,1.2349999999999999
R4C6,CNJ04_21_6,4,6,2012,NA,NA,NA,4.6,0.7,2.3,1.1,0.5,4.6136,2.92,2.36666666666667,0.0574,20.55,17.18,2.5612,18.5,2.92,1.8,1.2,1.7,0.6,1.43326967678901,0.716384790558589,0.990094124791255,98.5,443.614195558365,434.603282211086,1.1961583236321305,2.005913043478261,329.8,253.7,2.45,22.45,17,8.149999999999999,2.635,1.155
R4C6,CNJ04_21_6,4,6,2014,NA,NA,NA,5.3,1.2,2.2,0.6,1.3,4.6888,4.06666666666667,NA,NA,20.01,17.03,2.3942,19.2,2.95,1.8,1.8,1.2,0.3,1.51526786425682,0.751310117128507,0.989630589760207,90.4096655293983,460.942875072364,437.375870933325,1.1749853200234879,2.131272727272727,473.35,452.25,2.1,4.2,14.5,7.15,2.7350000000000003,1.13
R4C7,CNJ04_21_7,4,7,2011,0.03798050093556114,0.35770535885780147,0.5133115366651098,4.3,0.7,2.2,0.8,0.6,6.324,3.25,1.875,0.0817,24.372,19.207,3.185,21.4,3.099,0.5,0.6,1.7,0.9,1.53542137038732,0.75883148657284,0.988900371263444,117.5,495.600234100361,462.329169433484,1.2689123756963607,2.874545454545454,530.15,486,2.7,7.85,18.5,8.48,2.3499999999999996,1.5699999999999998
R4C7,CNJ04_21_7,4,7,2012,NA,NA,NA,4.6,NA,2,0.4,0.3,5.8612,3.5,3.18,0.099,22.37,17.74,3.0481,17,3.37,1.6,1.4,1.4,0.4,1.41780579902569,0.708893820996909,0.989604279697993,103,440.841606836125,435.989576572206,1.2609921082299889,2.9306,250.79999999999998,156.3,2.5999999999999996,31.349999999999998,36,9,2.48,1.56
R4C7,CNJ04_21_7,4,7,2014,NA,NA,NA,5.7,0.5,2.4,0.3,NA,5.3367000000000004,3.38888888888889,NA,NA,20.03,17.74,2.5293,19.6,3.11,1.2,1.6,1.4,0.5,1.40530772782255,0.702597064575,0.989661223866931,99,440.841606836125,434.603282211086,1.129086809470124,2.223625,376.45,350.5,2.3,5.75,32.5,8.15,2.365,1.4
R4C8,CNJ04_21_8,4,8,2011,0.15882897966481896,0.27824429447220644,0.46384988846608055,4.5,0.9,2.2,0.8,0.6,7.129,2.97,1.53333333333333,0.1031,NA,18.874,3.522,24.8,2.984,0.9,0.8,1.2,0.8,1.76730303803404,0.824519240961767,0.987164881901724,111,503.22485308652,453.318256086204,1.4949666207481194,3.240454545454545,620.3,557.8,3.05,9.6,9.5,7.8100000000000005,2.675,1.355
R4C8,CNJ04_21_8,4,8,2012,NA,NA,NA,3.77777777777778,0.888888888888889,1.55555555555556,0.333333333333333,1,5.1748,3.43,1.675,0.1112,27.5,17.93,3.6505,22,3.24,1.4,1.7,1.1,0.6,1.46725581051598,0.731776750929143,0.990860071130827,84.2951672353009,450.545667363964,435.989576572206,NA,3.3266571428571337,350.25,204.3,2.7,42.95,23.5,8.55,2.9050000000000002,1.345
R4C8,CNJ04_21_8,4,8,2014,NA,NA,NA,3.4,1.2,1.3,0.1,0.8,5.1091,3.193,NA,NA,25.6,16.81,2.853,25.6,2.98,0.7,1.4,1,0.2,1.64596057182576,0.794282989358989,0.989070202927351,107,485.203026391962,444.307342738925,1.522903033908388,NA,452.3,425.75,2.65,5.75,26.5,7.699999999999999,2.665,1.295
R4C9,CNJ04_21_9,4,9,2011,0.06821347637165015,0.6403207331042382,0.7167902899527984,NA,0.3,1,0.5,0,2.569,4.08,2.04285714285714,0.0597,22.094,17.347,2.569,7.3,3.223,0.222222222222222,2,2.1,1,1.70155431520976,0.80908040869097,NA,128.204832764699,502.53170590596,458.863433530684,1.2736496224130973,2.569,71.6,63.650000000000006,2.4000000000000004,12,7.5,8.47,2.3449999999999998,NA
R4C9,CNJ04_21_9,4,9,2012,NA,NA,NA,NA,0.2,1.2,0.1,0,2.2409,4.64,2.08,0.0972,20.1666666666667,16.0222222222222,2.0843,9.55555555555556,3.12,0.8,1.9,2.4,0.5,1.5643919081068,0.76901892440477,0.99058769513315,93.2048327646991,487.975615114202,455.397697627884,1.258668515950073,1.8674166666666667,15.7,10.5,2.1,24.15,18.5,10.25,2.48,1.635
R4C9,CNJ04_21_9,4,9,2014,NA,NA,NA,3.4,0.4,2.5,0,0.5,4.5585,3.77,NA,NA,19.4,16.56,2.1844,9.3,3.33,0.1,1.9,2,0.2,1.58907675194861,0.777165530746256,0.990149287923332,100.204832764699,494.213939739241,459.556580711244,1.171497584541063,1.8234000000000001,103.05000000000001,99.3,1.9,4.6,14,9.5,2.3449999999999998,1.755
R6C29,Mullica_Queen,6,29,2012,NA,NA,NA,3.6,0,2.1,0.8,0.7,4.8449,2.85,1.075,0.071,23.51,16.93,2.761,17.1,3.14,1.5,1.3,1.9,0.8,1.43326967678901,0.716384790558589,0.990094124791255,98.5,443.614195558365,434.603282211086,1.3886591848789134,2.307095238095238,NA,NA,NA,NA,NA,NA,NA,NA
R6C28,Stevens,6,28,2012,NA,NA,NA,4.11111111111111,0.444444444444444,2.22222222222222,0.333333333333333,1.11111111111111,5.9512,3.05,1.55,0.0763,21.15,17.4,2.7429,16.9,2.73,0.9,1.5,2,0.9,1.41780579902569,0.708893820996909,0.989604279697993,103,440.841606836125,435.989576572206,1.2155172413793103,2.6780400000000024,NA,NA,NA,NA,NA,NA,NA,NA
NA,Stevens,NA,41,2011,NA,0.041653446947377895,0.09871737604492377,NA,NA,NA,NA,NA,NA,NA,NA,NA,NA,NA,NA,NA,NA,NA,NA,NA,NA,NA,NA,NA,NA,NA,NA,NA,NA,574.55,430.45000000000005,2.85,24.95,15.5,8.899999999999999,2.575,NA
NA,Stevens,NA,41,2012,NA,NA,NA,NA,NA,NA,NA,NA,NA,NA,NA,NA,NA,NA,NA,NA,NA,NA,NA,NA,NA,NA,NA,NA,NA,NA,NA,NA,NA,528.6,353.1,2.55,31.25,20.5,9.35,2.79,NA
NA,Stevens,NA,41,2013,NA,NA,NA,NA,NA,NA,NA,NA,NA,NA,NA,NA,NA,NA,NA,NA,NA,NA,NA,NA,NA,NA,NA,NA,NA,NA,NA,NA,NA,NA,NA,NA,NA,NA,NA,NA,NA
