"population","year","accession_name","accession","berry_length","berry_width","berry_weight","num_seeds","num_peds","num_berries","total_berry_weight","row","column"
"1",2011,"CNJ04_2_1","R3C1",22.101,18.714,2.777,21.2,4.1,2.3,5.499,"3","1"
"1",2011,"CNJ04_2_10","R3C10",20.436,17.467,2.483,17.9,4.7,1.9,4.173,"3","10"
"1",2011,"CNJ04_2_11","R3C11",23.555,18.626,3.01,25.3,4,2,5.36,"3","11"
"1",2011,"CNJ04_2_12","R3C12",20.387,17.592,2.554,14.1,3.7,2.2,4.96,"3","12"
"1",2011,"CNJ04_2_13","R3C13",23.72,18.226,2.932,23.2,4.6,2.1,5.582,"3","13"
"1",2011,"CNJ04_2_14","R3C14",22.572,17.593,2.696,16.1,4.4,2.4,5.31,"3","14"
"1",2011,"CNJ04_2_15","R3C15",23.161,19.745,3.434,22.1,4.2,1.8,5.235,"3","15"
"1",2011,"CNJ04_2_16","R3C16",21.319,17.441,2.407,23.1,5.1,2,4.134,"3","16"
"1",2011,"CNJ04_2_17","R3C17",22.296,19.016,2.988,15.5,4.8,3.5,8.541,"3","17"
"1",2011,"CNJ04_2_18","R3C18",21.9,17.51,2.36,22.8,5.2,2.1,4.117,"3","18"
"1",2011,"CNJ04_2_19","R3C19",21.447,16.951,2.578,18.6666666666667,4.7,2.4,5.814,"3","19"
"1",2011,"CNJ04_2_2","R3C2",23.7277777777778,18.9177777777778,3.144,21.9,3.4,1.5,4.471,"3","2"
"1",2011,"CNJ04_2_20","R3C20",20.599,16.917,2.235,23,3.9,2.1,4.055,"3","20"
"1",2011,"CNJ04_2_21","R3C21",24.25,17.74,2.772,19.3,4.11111111111111,3,6.786,"3","21"
"1",2011,"CNJ04_2_22","R3C22",26.088,19.125,3.233,26.5,3.9,2,6.057,"3","22"
"1",2011,"CNJ04_2_23","R3C23",22.01,18.272,2.723,18.4,4.8,2.6,5.862,"3","23"
"1",2011,"CNJ04_2_24","R3C24",23.515,19.916,3.224,22.6,4,2,5.713,"3","24"
"1",2011,"CNJ04_2_25","R3C25",26.012,19.297,3.535,23,4.7,2.9,8.433,"3","25"
"1",2011,"CNJ04_2_26","R3C26",23.057,19.097,3,21.6,5.2,2.2,5.752,"3","26"
"1",2011,"CNJ04_2_27","R3C27",21.502,18.397,2.775,19.9,3.88888888888889,2.66666666666667,6.72,"3","27"
"1",2011,"CNJ04_2_28","R3C28",24.296,19.154,3.225,27.1,4.5,3,8.155,"3","28"
"1",2011,"CNJ04_2_29","R3C29",25.713,18.153,3.165,22.7,3.6,2.6,7.27,"3","29"
"1",2011,"CNJ04_2_3","R3C3",21.803,18.41,2.535,16.3,3.7,1.6,3.622,"3","3"
"1",2011,"CNJ04_2_30","R3C30",24.595,18.337,2.976,19.9,4.2,2.2,5.366,"3","30"
"1",2011,"CNJ04_2_31","R3C31",24.058,18.572,3.101,19,4.7,2.6,6.953,"3","31"
"1",2011,"CNJ04_2_32","R3C32",20.9071428571429,18.075,2.171,22.4,4.44444444444444,2.11111111111111,4.475,"3","32"
"1",2011,"CNJ04_2_33","R3C33",23.603,17.459,2.828,16.5,3.2,2.2,5.973,"3","33"
"1",2011,"CNJ04_2_34","R3C34",22.667,18.764,3.01,27.4,3.8,2.7,7.372,"3","34"
"1",2011,"CNJ04_2_35","R3C35",25.266,18.293,3.361,17.1,3.8,2.3,6.945,"3","35"
"1",2011,"CNJ04_2_36","R3C36",21.531,17.216,2.635,22.9,4.6,2.2,5.246,"3","36"
"1",2011,"CNJ04_2_4","R3C4",20.712,17.809,2.463,22.1,4,2.3,5.096,"3","4"
"1",2011,"CNJ04_2_5","R3C5",24.39,18.74,2.912,22.1,3.4,2,5.299,"3","5"
"1",2011,"CNJ04_2_6","R3C6",24.146,19.117,3.197,22.2,4.3,2.9,8.045,"3","6"
"1",2011,"CNJ04_2_7","R3C7",22.066,18.971,2.851,21.1,3.3,1.8,4.537,"3","7"
"1",2011,"CNJ04_2_8","R3C8",23.696,18.517,2.837,20.2,3.9,2,5.228,"3","8"
"1",2011,"CNJ04_2_9","R3C9",24.8177777777778,16.5988888888889,2.55,19.6,3.4,1.4,3.173,"3","9"
"1",2011,"CNJ04_21_1","R4C1",22.791,19.631,3.179,27.6,4.2,1.2,3.878,"4","1"
"1",2011,"CNJ04_21_10","R4C10",25.6477777777778,19.1077777777778,3.43444444444444,21.6666666666667,4.625,1.875,5.75222222222222,"4","10"
"1",2011,"CNJ04_21_11","R4C11",22.874,18.494,2.726,23,4.9,2.5,5.789,"4","11"
"1",2011,"CNJ04_21_12","R4C12",25.233,18.202,2.944,25.4,4,2.625,6.856,"4","12"
"1",2011,"CNJ04_21_13","R4C13",21.802,18.481,2.909,21.8,4.8,2.1,5.562,"4","13"
"1",2011,"CNJ04_21_14","R4C14",23.646,18.148,2.807,25,4.2,2.2,5.436,"4","14"
"1",2011,"CNJ04_21_15","R4C15",21.272,16.735,2.347,19,4.2,1.5,3.49,"4","15"
"1",2011,"CNJ04_21_16","R4C16",22.041,17.006,2.502,18.6,5.4,2.1,4.141,"4","16"
"1",2011,"CNJ04_21_17","R4C17",21.914,16.831,2.398,13,4.3,2.3,4.689,"4","17"
"1",2011,"CNJ04_21_18","R4C18",22.761,18.007,2.846,21.9,3.3,1.5,4.223,"4","18"
"1",2011,"CNJ04_21_19","R4C19",23.483,18.067,2.826,25.1,4.3,2,5.423,"4","19"
"1",2011,"CNJ04_21_2","R4C2",20.349,18.636,2.501,20.8,3.9,2.1,4.819,"4","2"
"1",2011,"CNJ04_21_20","R4C20",19.919,17.456,2.528,20.1,4.7,2,4.615,"4","20"
"1",2011,"CNJ04_21_21","R4C21",19.049,16.139,1.997,16.4,4.8,1.4,2.657,"4","21"
"1",2011,"CNJ04_21_22","R4C22",24.76,18.273,2.937,21.2,2.9,1.7,4.607,"4","22"
"1",2011,"CNJ04_21_23","R4C23",23.759,19.028,2.951,19.6,4.8,3.3,8.1,"4","23"
"1",2011,"CNJ04_21_24","R4C24",21.988,17.193,2.503,12,4.2,1.6,3.686,"4","24"
"1",2011,"CNJ04_21_25","R4C25",22.755,19.016,2.937,23,3.2,1.8,4.939,"4","25"
"1",2011,"CNJ04_21_26","R4C26",22.668,18.643,2.949,21.2,4.7,2.3,5.913,"4","26"
"1",2011,"CNJ04_21_27","R4C27",21.632,17.755,2.61,22.8,4,2.44444444444444,5.076,"4","27"
"1",2011,"CNJ04_21_28","R4C28",20.199,18.251,2.517,19.5,2.8,1.7,3.876,"4","28"
"1",2011,"CNJ04_21_29","R4C29",20.503,18.639,2.81,8.1,5,2.1,5.129,"4","29"
"1",2011,"CNJ04_21_3","R4C3",22.669,16.715,2.399,23.7,3.7,1.7,3.808,"4","3"
"1",2011,"CNJ04_21_30","R4C30",21.394,19.141,2.9,29.3,5,3.5,8.7,"4","30"
"1",2011,"CNJ04_21_31","R4C31",23.844,18.974,3.144,23.4,3.6,2.3,6.353,"4","31"
"1",2011,"CNJ04_21_32","R4C32",21.142,19.751,2.729,23.4,3.8,1.9,4.688,"4","32"
"1",2011,"CNJ04_21_33","R4C33",22.008,17.825,2.659,20.7,4.33333333333333,2.22222222222222,4.409,"4","33"
"1",2011,"CNJ04_21_34","R4C34",22.765,18.9,3.006,23.6,3.33333333333333,2.33333333333333,5.966,"4","34"
"1",2011,"CNJ04_21_35","R4C35",19.983,18.133,2.575,18.2,4.44444444444444,2.22222222222222,5.259,"4","35"
"1",2011,"CNJ04_21_36","R4C36",21.754,17.685,2.531,20.8,4,2,4.21,"4","36"
"1",2011,"CNJ04_21_4","R4C4",21.965,18.911,3.126,22.9,4.2,2.1,5.17,"4","4"
"1",2011,"CNJ04_21_5","R4C5",23.22,17.853,2.634,20.1,5.2,2.6,5.936,"4","5"
"1",2011,"CNJ04_21_6","R4C6",22.975,19.179,3.13222222222222,24.4444444444444,3.9,1.9,5.674,"4","6"
"1",2011,"CNJ04_21_7","R4C7",24.372,19.207,3.185,21.4,4.3,2.2,6.324,"4","7"
"1",2011,"CNJ04_21_8","R4C8",28.216,18.874,3.522,24.8,4.5,2.2,7.129,"4","8"
"1",2011,"CNJ04_21_9","R4C9",22.094,17.347,2.569,7.3,1.8,1,2.569,"4","9"
"1",2012,"CNJ04_2_1","R3C1",21.07,16.76,2.263,13.3,4.6,1.8,3.5302,"3","1"
"1",2012,"CNJ04_2_10","R3C10",20.87,18.15,2.6955,16.2,4.77777777777778,2.88888888888889,6.2188,"3","10"
"1",2012,"CNJ04_2_11","R3C11",23.99,18.74,3.1987,23.8,3.4,1.8,5.1561,"3","11"
"1",2012,"CNJ04_2_12","R3C12",22.23,18.73,2.9879,20.9,5.5,3.3,7.7951,"3","12"
"1",2012,"CNJ04_2_13","R3C13",23.07,16.99,2.6669,14.5,3.1,1.9,4.3426,"3","13"
"1",2012,"CNJ04_2_14","R3C14",24.06,18.11,2.8611,16.6,4.5,1.7,4.634,"3","14"
"1",2012,"CNJ04_2_15","R3C15",22.73,18.99,3.5099,17.6,3.2,1.8,6.0509,"3","15"
"1",2012,"CNJ04_2_16","R3C16",23.62,18.16,3.0419,18.4,4.2,2.5,6.4564,"3","16"
"1",2012,"CNJ04_2_17","R3C17",20.68,16.95,2.4466,9.7,4.1,2.4,5.212,"3","17"
"1",2012,"CNJ04_2_18","R3C18",24.18,18,2.8399,24,3.3,2.1,4.9227,"3","18"
"1",2012,"CNJ04_2_19","R3C19",20.61,17.17,2.5635,10.2,3.44444444444444,1.77777777777778,4.1626,"3","19"
"1",2012,"CNJ04_2_2","R3C2",23.92,18.78,3.2666,15,2.8,1.8,5.0947,"3","2"
"1",2012,"CNJ04_2_20","R3C20",23.76,17.87,2.7873,22.1,3.4,2.4,5.2655,"3","20"
"1",2012,"CNJ04_2_21","R3C21",22.38,16.97,2.6893,14.1,3.33333333333333,1.88888888888889,4.5997,"3","21"
"1",2012,"CNJ04_2_22","R3C22",21.84,16.07,2.5099,25.2222222222222,2.6,1.6,3.7955,"3","22"
"1",2012,"CNJ04_2_23","R3C23",23.36,19.05,3.3355,15.6,4.7,2.3,6.1826,"3","23"
"1",2012,"CNJ04_2_24","R3C24",20.75,18.71,2.8762,20.5,3.8,2.3,5.6857,"3","24"
"1",2012,"CNJ04_2_25","R3C25",25.54,19.33,3.6095,21.2222222222222,3.66666666666667,2.22222222222222,6.607,"3","25"
"1",2012,"CNJ04_2_26","R3C26",22.48,17.83,2.9344,21.4,3.9,2.1,5.8617,"3","26"
"1",2012,"CNJ04_2_27","R3C27",22.17,18.85,3.191,19.1,3.2,1.6,5.1602,"3","27"
"1",2012,"CNJ04_2_28","R3C28",21.8,18.23,2.7963,21.4,3.9,2.1,5.0139,"3","28"
"1",2012,"CNJ04_2_29","R3C29",25.92,17.996,3.2306,18.5,3.3,2.4,7.2918,"3","29"
"1",2012,"CNJ04_2_3","R3C3",22.41,18.29,3.0273,16.1,4.3,2.2,5.3215,"3","3"
"1",2012,"CNJ04_2_30","R3C30",24.781,18.587,3.246,21.2,4.5,2.3,7.0243,"3","30"
"1",2012,"CNJ04_2_31","R3C31",24.82,17.81,3.173,19.3,3.77777777777778,2.11111111111111,5.9608,"3","31"
"1",2012,"CNJ04_2_32","R3C32",20.74,17.86,2.6746,20.5,4.3,2.2,5.0852,"3","32"
"1",2012,"CNJ04_2_33","R3C33",21.34,16.13,2.264,13.5,2.7,1.5,3.0155,"3","33"
"1",2012,"CNJ04_2_34","R3C34",24.0666666666667,18.7111111111111,3.07844444444444,22.2222222222222,3.66666666666667,2.22222222222222,6.25055555555556,"3","34"
"1",2012,"CNJ04_2_35","R3C35",24.9363636363636,18.2363636363636,3.15318181818182,19.7272727272727,4.11111111111111,2.11111111111111,5.94936363636364,"3","35"
"1",2012,"CNJ04_2_36","R3C36",22.4,18.04,2.8135,23,4.9,2,4.921,"3","36"
"1",2012,"CNJ04_2_4","R3C4",20.44,18.02,2.7685,17.1,3.7,2.6,6.6364,"3","4"
"1",2012,"CNJ04_2_5","R3C5",22.33,16.76,2.6617,17.5,3.66666666666667,2,4.4131,"3","5"
"1",2012,"CNJ04_2_6","R3C6",22.47,17.83,2.9808,17.2,4.7,2.4,6.6198,"3","6"
"1",2012,"CNJ04_2_7","R3C7",21.03,17.81,2.4839,15.8,2.9,1.6,3.5862,"3","7"
"1",2012,"CNJ04_2_8","R3C8",22.47,17.43,2.7261,16.8,5,2,4.9958,"3","8"
"1",2012,"CNJ04_2_9","R3C9",24.52,16.52,2.6233,16,4.1,1.7,4.262,"3","9"
"1",2012,"CNJ04_21_1","R4C1",20.61,17.53,2.6797,15.1428571428571,2.7,1.5,3.9308,"4","1"
"1",2012,"CNJ04_21_10","R4C10",22.85,17.63,3.1608,23.5,4.5,2.3,6.9161,"4","10"
"1",2012,"CNJ04_21_11","R4C11",23.46,17.79,2.7527,20.9,4.1,2.7,6.1265,"4","11"
"1",2012,"CNJ04_21_12","R4C12",25.75,17.76,3.0554,18.8,3,2,5.5666,"4","12"
"1",2012,"CNJ04_21_13","R4C13",21.37,18.74,2.87988888888889,21.6666666666667,2.66666666666667,2.11111111111111,5.7096,"4","13"
"1",2012,"CNJ04_21_14","R4C14",24.42,17.74,3.1456,18.7,4,1.375,4.2003,"4","14"
"1",2012,"CNJ04_21_15","R4C15",21.98,17.34,2.4954,17.5,3.6,2.3,4.9658,"4","15"
"1",2012,"CNJ04_21_16","R4C16",23.78,17.65,2.8789,17.9,3.5,1.8,4.4625,"4","16"
"1",2012,"CNJ04_21_17","R4C17",19.32,15.69,1.9187,11.7,3.3,2,3.345,"4","17"
"1",2012,"CNJ04_21_18","R4C18",22.91,18.15,3.0459,22.7,2.7,1.8,5.3703,"4","18"
"1",2012,"CNJ04_21_19","R4C19",21.72,17.37,2.5406,19.4,3.8,1.4,3.6179,"4","19"
"1",2012,"CNJ04_21_2","R4C2",19.77,17,2.2145,14.4444444444444,3.6,1.8,3.2099,"4","2"
"1",2012,"CNJ04_21_20","R4C20",20.55,17.67,2.7337,16.2,5.6,3.2,7.0539,"4","20"
"1",2012,"CNJ04_21_21","R4C21",20.9666666666667,16.7666666666667,2.50433333333333,21.6666666666667,4.66666666666667,2.55555555555556,5.29355555555556,"4","21"
"1",2012,"CNJ04_21_22","R4C22",22.28,17.31,2.9307,12.1,3.4,1.9,5.1232,"4","22"
"1",2012,"CNJ04_21_23","R4C23",22.28,17.16,2.5001,15.6,5.6,2.7,5.5761,"4","23"
"1",2012,"CNJ04_21_24","R4C24",21.97,18.26,2.9509,14,2.9,2,4.988,"4","24"
"1",2012,"CNJ04_21_25","R4C25",23.2,19.12,3.3746,24.1,4.2,2.2,6.2467,"4","25"
"1",2012,"CNJ04_21_26","R4C26",20.95,17.75,2.7583,21.4,3.7,2,4.7054,"4","26"
"1",2012,"CNJ04_21_27","R4C27",21.56,17.54,2.7169,17.6,2.625,1.75,4.2036,"4","27"
"1",2012,"CNJ04_21_28","R4C28",20.45,17.87,2.5806,21.3,4,1.8,4.3596,"4","28"
"1",2012,"CNJ04_21_29","R4C29",19.39,18.33,2.4359,6.2,3.6,1.9,3.9186,"4","29"
"1",2012,"CNJ04_21_3","R4C3",26.38,18.96,3.5569,23.8,3.8,2,6.0174,"4","3"
"1",2012,"CNJ04_21_30","R4C30",21.4777777777778,18.3666666666667,2.74022222222222,20,4.88888888888889,3,6.82244444444444,"4","30"
"1",2012,"CNJ04_21_31","R4C31",23.69,18.81,3.1505,24.6,2.44444444444444,1.77777777777778,4.8079,"4","31"
"1",2012,"CNJ04_21_32","R4C32",20.8,18.63,2.8556,15.1,3,2,5.3088,"4","32"
"1",2012,"CNJ04_21_33","R4C33",19.93,16.57,2.1446,13.9,3.4,2.1,3.8628,"4","33"
"1",2012,"CNJ04_21_34","R4C34",23.68,17.6,2.4494,18.2,4.33333333333333,2.11111111111111,4.0856,"4","34"
"1",2012,"CNJ04_21_35","R4C35",21.76,19.81,2.4001,19.7,4.2,1.5,3.346,"4","35"
"1",2012,"CNJ04_21_36","R4C36",21.69,16.15,2.4192,16.1,3.7,2,4.2611,"4","36"
"1",2012,"CNJ04_21_4","R4C4",19.84,17.05,2.4663,17.7777777777778,4.5,1.7,4.1349,"4","4"
"1",2012,"CNJ04_21_5","R4C5",20.8,15.21,2.1454,9.55555555555556,3.1,1.4,2.7404,"4","5"
"1",2012,"CNJ04_21_6","R4C6",20.55,17.18,2.5612,18.5,4.6,2.3,4.6136,"4","6"
"1",2012,"CNJ04_21_7","R4C7",22.37,17.74,3.0481,17,4.6,2,5.8612,"4","7"
"1",2012,"CNJ04_21_8","R4C8",27.5,17.93,3.6505,22,3.77777777777778,1.55555555555556,5.1748,"4","8"
"1",2012,"CNJ04_21_9","R4C9",20.1666666666667,16.0222222222222,2.0843,9.55555555555556,1.5,1.2,2.2409,"4","9"
"1",2014,"CNJ04_2_1","R3C1",18.35,16.52,2.008,17.1,5.55555555555556,2,3.591,"3","1"
"1",2014,"CNJ04_2_10","R3C10",18.19,17.04,2.2085,14.1,6.22222222222222,2.66666666666667,5.3964,"3","10"
"1",2014,"CNJ04_2_11","R3C11",21.18,17.53,2.4728,19.4,5.1,1.9,4.3659,"3","11"
"1",2014,"CNJ04_2_12","R3C12",19.62,17.78,2.577,20.5,4.6,2.5,5.462,"3","12"
"1",2014,"CNJ04_2_13","R3C13",19.76,15.85,1.9943,19.4,4.3,2,3.7467,"3","13"
"1",2014,"CNJ04_2_14","R3C14",19.31,15.47,1.9018,17.4,5.6,1.7,2.9918,"3","14"
"1",2014,"CNJ04_2_15","R3C15",20,18.25,2.73,19.9,5.3,1.9,4.714,"3","15"
"1",2014,"CNJ04_2_16","R3C16",21.54,17.47,2.6333,22.1,5.4,2.4,5.171,"3","16"
"1",2014,"CNJ04_2_17","R3C17",18.5,17.14,2.195,14.4,4.5,2.9,5.252,"3","17"
"1",2014,"CNJ04_2_18","R3C18",20.01,17.11,2.298,19.9,3.66666666666667,2.88888888888889,5.617,"3","18"
"1",2014,"CNJ04_2_19","R3C19",19.59,16.73,2.3588,14.7,4.33333333333333,2.11111111111111,4.1651,"3","19"
"1",2014,"CNJ04_2_2","R3C2",19.69,16.56,2.1141,14.9,4.55555555555556,2.11111111111111,4.4572,"3","2"
"1",2014,"CNJ04_2_20","R3C20",19.08,15.96,2.0386,22.5,4.3,2.3,4.1351,"3","20"
"1",2014,"CNJ04_2_21","R3C21",20.79,17.21,2.506,23.4,4.8,2.7,5.795,"3","21"
"1",2014,"CNJ04_2_22","R3C22",21.89,17.34,2.688,25.2,2.9,1.5,3.863,"3","22"
"1",2014,"CNJ04_2_23","R3C23",20.41,17.49,2.5356,15.8,4.3,3.1,6.4843,"3","23"
"1",2014,"CNJ04_2_24","R3C24",19.2181818181818,17.9909090909091,2.45909090909091,19.5454545454545,4.36363636363636,2.18181818181818,4.77090909090909,"3","24"
"1",2014,"CNJ04_2_25","R3C25",22.53,17.81,2.7711,20.8,4.6,3.1,7.6599,"3","25"
"1",2014,"CNJ04_2_26","R3C26",21.12,16.58,2.348,16.9,5.5,2.3,4.592,"3","26"
"1",2014,"CNJ04_2_27","R3C27",18.64,18.01,2.4356,24.3,5.3,2.3,5.1895,"3","27"
"1",2014,"CNJ04_2_28","R3C28",19.36,16.83,2.1291,24.1,4.5,2.4,4.6675,"3","28"
"1",2014,"CNJ04_2_29","R3C29",21.59,16.36,2.372,18.9,4.7,2.2,4.584,"3","29"
"1",2014,"CNJ04_2_3","R3C3",19.2,16.42,2.154,18,4,2,4.2149,"3","3"
"1",2014,"CNJ04_2_30","R3C30",20.61,16.16,2.166,14.5,4.6,2.3,4.277,"3","30"
"1",2014,"CNJ04_2_31","R3C31",21.08,16.3,2.2825,11.6,4.44444444444444,2.77777777777778,5.4359,"3","31"
"1",2014,"CNJ04_2_32","R3C32",19.38,17.18,2.36,21.4,5.33333333333333,1.77777777777778,4.156,"3","32"
"1",2014,"CNJ04_2_33","R3C33",20.65,16.19,2.319,14.8,4.7,2.2,4.467,"3","33"
"1",2014,"CNJ04_2_34","R3C34",20.7,17.35,2.592,19.2,3.7,2.3,5.053,"3","34"
"1",2014,"CNJ04_2_35","R3C35",20.81,16.52,2.428,13.9,4.4,2.2,4.807,"3","35"
"1",2014,"CNJ04_2_36","R3C36",19.75,16.29,2.314,18.7,4.3,2.2,4.508,"3","36"
"1",2014,"CNJ04_2_4","R3C4",18.29,16.37,2.1706,22,5.2,2.4,4.8065,"3","4"
"1",2014,"CNJ04_2_5","R3C5",20.33,16.12,2.212,18.5,4.5,2.25,4.1391,"3","5"
"1",2014,"CNJ04_2_6","R3C6",19.8777777777778,17.7888888888889,2.587,23,5.625,3.5,7.11755555555556,"3","6"
"1",2014,"CNJ04_2_7","R3C7",18.17,17.32,2.158,18.4,4.2,2.5,4.552,"3","7"
"1",2014,"CNJ04_2_8","R3C8",20.26,17.12,2.259,18.7,5.66666666666667,2.55555555555556,5.171,"3","8"
"1",2014,"CNJ04_2_9","R3C9",23.18,16.53,2.453,26.9,5,2.5,5.295,"3","9"
"1",2014,"CNJ04_21_1","R4C1",21.46,18.72,3.1304,28.1,4,1.88888888888889,4.8026,"4","1"
"1",2014,"CNJ04_21_10","R4C10",23.16,18.59,3.0611,24.2,4.66666666666667,2.55555555555556,6.5894,"4","10"
"1",2014,"CNJ04_21_11","R4C11",19.97,16.47,2.2144,19,4.875,2.25,5.0153,"4","11"
"1",2014,"CNJ04_21_12","R4C12",22,16.79,2.4732,25.8,3.6,2.1,4.7587,"4","12"
"1",2014,"CNJ04_21_13","R4C13",18.95,16.3,2.1289,19.1,4.7,2.5,4.6305,"4","13"
"1",2014,"CNJ04_21_14","R4C14",21.83,15.92,2.4044,21.4,4.33333333333333,2.55555555555556,5.1576,"4","14"
"1",2014,"CNJ04_21_15","R4C15",20.31,17.41,2.49,26.1,5.88888888888889,2.88888888888889,5.996,"4","15"
"1",2014,"CNJ04_21_16","R4C16",19.98,16.12,2.156,18.9,5,2.5,4.706,"4","16"
"1",2014,"CNJ04_21_17","R4C17",19.2,15.46,1.895,11,4,2.4,3.828,"4","17"
"1",2014,"CNJ04_21_18","R4C18",19.05,16.2,2.1915,19.2,4.7,2.6,5.2207,"4","18"
"1",2014,"CNJ04_21_19","R4C19",20.13,17.01,2.3493,23.5,4.5,2,4.2258,"4","19"
"1",2014,"CNJ04_21_2","R4C2",18.41,16.53,1.9996,15.3,4.66666666666667,2.33333333333333,4.3583,"4","2"
"1",2014,"CNJ04_21_20","R4C20",17.51,16.56,2.102,17.9,5.3,2.5,4.534,"4","20"
"1",2014,"CNJ04_21_21","R4C21",18.27,15.64,1.9194,18.5,4.5,3.5,5.5053,"4","21"
"1",2014,"CNJ04_21_22","R4C22",21.83,16.98,2.4625,18.6,4.5,2.8,5.8859,"4","22"
"1",2014,"CNJ04_21_23","R4C23",19.96,16.33,2.0089,14.3,5.2,2.7,4.65,"4","23"
"1",2014,"CNJ04_21_24","R4C24",18.98,16.88,2.188,16.4,4.5,2.8,5.065,"4","24"
"1",2014,"CNJ04_21_25","R4C25",19.27,18.26,2.577,21.2,4.1,2.6,5.677,"4","25"
"1",2014,"CNJ04_21_26","R4C26",18.13,15.83,2.145,18.5,3.9,2.2,4.6404,"4","26"
"1",2014,"CNJ04_21_27","R4C27",19.68,17.74,2.49,25.2,4.7,2.7,5.551,"4","27"
"1",2014,"CNJ04_21_28","R4C28",17.94,16.38,1.9392,16.8,4.44444444444444,2.66666666666667,4.3648,"4","28"
"1",2014,"CNJ04_21_29","R4C29",16.88,16.62,2.0675,11,4.88888888888889,2.44444444444444,4.6119,"4","29"
"1",2014,"CNJ04_21_3","R4C3",21.62,16.14,2.2261,24.6,4.66666666666667,2,4.1333,"4","3"
"1",2014,"CNJ04_21_30","R4C30",18.86,16.58,2.0895,24,5.7,2.4,4.4015,"4","30"
"1",2014,"CNJ04_21_31","R4C31",21.26,17.99,2.8046,26.7,4.2,2.4,5.7269,"4","31"
"1",2014,"CNJ04_21_32","R4C32",20.33,19.08,2.95,24.5,6.1,3.1,7.7255,"4","32"
"1",2014,"CNJ04_21_33","R4C33",20.08,16.95,2.274,18.8,4,1.875,4.18555555555556,"4","33"
"1",2014,"CNJ04_21_34","R4C34",19.43,17.07,2.319,18.9,4.3,2.9,5.779,"4","34"
"1",2014,"CNJ04_21_35","R4C35",18.84,16.83,2.2398,19.3,5,2.7,5.1599,"4","35"
"1",2014,"CNJ04_21_36","R4C36",19.8,15.93,2.0386,19.7,3.7,2.3,4.1622,"4","36"
"1",2014,"CNJ04_21_4","R4C4",18.16,16.76,2.2294,21.9,5.2,2.2,4.385,"4","4"
"1",2014,"CNJ04_21_5","R4C5",20.7727272727273,16.6272727272727,2.42136363636364,18.6363636363636,5.27272727272727,2.63636363636364,5.171,"4","5"
"1",2014,"CNJ04_21_6","R4C6",20.01,17.03,2.3942,19.2,5.3,2.2,4.6888,"4","6"
"1",2014,"CNJ04_21_7","R4C7",20.03,17.74,2.5293,19.6,5.7,2.4,5.3367,"4","7"
"1",2014,"CNJ04_21_8","R4C8",25.6,16.81,2.853,25.6,3.4,1.3,5.1091,"4","8"
"1",2014,"CNJ04_21_9","R4C9",19.4,16.56,2.1844,9.3,3.4,2.5,4.5585,"4","9"
"2",2011,"CNJ02_1_1","R7C46",24.037,18.051,2.785,19.8,5,2.6,6.278,"7","46"
"2",2011,"CNJ02_1_10","R8C1",22.163,18.494,2.493,19.5,3.2,2.3,4.923,"8","1"
"2",2011,"CNJ02_1_100","R9C37",22.0727272727273,19.3181818181818,2.83,23,4.72727272727273,2.18181818181818,5.75090909090909,"9","37"
"2",2011,"CNJ02_1_101","R9C38",22.65,19.57,3.149,26,4.7,2.1,5.981,"9","38"
"2",2011,"CNJ02_1_102","R9C39",23.693,19.392,3.109,26.3,4,2,5.744,"9","39"
"2",2011,"CNJ02_1_103","R9C40",23.061,18.334,2.723,27.6,3.5,1.7,4.221,"9","40"
"2",2011,"CNJ02_1_104","R9C41",24.5027272727273,18.4054545454545,3.04090909090909,20.7272727272727,3.54545454545455,2.45454545454545,6.61454545454546,"9","41"
"2",2011,"CNJ02_1_105","R9C42",22.07,18.109,2.528,31.4,4.7,1.5,3.454,"9","42"
"2",2011,"CNJ02_1_106","R9C43",23.385,20.371,3.348,27.2,3.8,2.1,6.696,"9","43"
"2",2011,"CNJ02_1_107","R9C44",23.703,16.679,2.43,16.6,4.3,1.5,3.525,"9","44"
"2",2011,"CNJ02_1_108","R9C45",27.101,18.296,3.065,19.9,3.6,1.8,5.1,"9","45"
"2",2011,"CNJ02_1_109","R9C46",24.026,18.268,2.751,27.7,3.6,2.1,5.158,"9","46"
"2",2011,"CNJ02_1_11","R8C2",23.377,16.954,2.205,15.5,5.9,2.7,4.525,"8","2"
"2",2011,"CNJ02_1_110","R9C47",22.943,16.951,2.38,24.5,4.77777777777778,1.66666666666667,3.948,"9","47"
"2",2011,"CNJ02_1_111","R9C48",23.411,18.615,2.86,19.1,4.1,2.2,5.229,"9","48"
"2",2011,"CNJ02_1_112","R9C49",23.459,17.777,2.69,17.1,4.4,1.4,3.6,"9","49"
"2",2011,"CNJ02_1_113","R9C50",24.46,18.434,2.737,28.2,4.3,2.4,5.754,"9","50"
"2",2011,"CNJ02_1_114","R9C51",25.791,19.485,3.251,25,3.6,1.4,4.208,"9","51"
"2",2011,"CNJ02_1_115","R9C52",23.343,19.428,2.982,24.3,4.9,2.2,6.105,"9","52"
"2",2011,"CNJ02_1_116","R9C53",24.9033333333333,19.334,3.11555555555556,20.1,4,1.9,5.506,"9","53"
"2",2011,"CNJ02_1_117","R9C54",24.698,18.95,3.157,22.3,4.5,3,8.342,"9","54"
"2",2011,"CNJ02_1_118","R10C2",24.84,18.844,3.152,20.1,3,1.8,5.007,"10","2"
"2",2011,"CNJ02_1_119","R10C3",19.926,17.273,2.101,20.5,3.5,2,3.656,"10","3"
"2",2011,"CNJ02_1_12","R8C3",21.521,16.986,2.183,17.4,4.6,2.7,4.939,"8","3"
"2",2011,"CNJ02_1_120","R10C4",19.101,19.045,2.519,23.1,4.2,2.2,5.122,"10","4"
"2",2011,"CNJ02_1_121","R10C5",19.437,17.916,2.186,26.4,3.3,2.3,4.266,"10","5"
"2",2011,"CNJ02_1_122","R10C6",21.368,17.195,2.242,23.6,3.5,1.4,3.009,"10","6"
"2",2011,"CNJ02_1_123","R10C7",20.9372727272727,16.5481818181818,2.11181818181818,20.6,4.90909090909091,2.36363636363636,4.07363636363636,"10","7"
"2",2011,"CNJ02_1_124","R10C8",24.063,17.719,2.507,22.7,4.4,2.4,5.185,"10","8"
"2",2011,"CNJ02_1_125","R10C9",21.007,16.709,2.103,24.9,4.5,2.5,4.182,"10","9"
"2",2011,"CNJ02_1_126","R10C10",24.07,17.038,2.302,26,3.5,2.9,6.061,"10","10"
"2",2011,"CNJ02_1_127","R10C11",21.5,17.55,2.253,22.6,4.5,1.8,3.654,"10","11"
"2",2011,"CNJ02_1_128","R10C12",26.4888888888889,18.8888888888889,3.192,26.3,4.2,2.3,6.369,"10","12"
"2",2011,"CNJ02_1_129","R10C13",23.758,17.106,2.445,23.3,4.6,2.7,5.676,"10","13"
"2",2011,"CNJ02_1_13","R8C4",18.411,15.721,1.798,21.6,3.4,2,3.128,"8","4"
"2",2011,"CNJ02_1_130","R10C14",21.182,16.374,2.038,26,5.2,1.2,2.319,"10","14"
"2",2011,"CNJ02_1_131","R10C15",25.97,18.89,3.062,23.2,4.2,2,5.632,"10","15"
"2",2011,"CNJ02_1_132","R10C16",23.67,17.53,2.522,29.1,3.4,1.9,4.412,"10","16"
"2",2011,"CNJ02_1_133","R10C17",21.012,18.132,2.288,25.5,4.3,2.7,5.455,"10","17"
"2",2011,"CNJ02_1_134","R10C18",21.059,17.437,2.339,24.4,4.8,1.8,4.065,"10","18"
"2",2011,"CNJ02_1_135","R10C19",18.4888888888889,16.6222222222222,1.797,22.4,4.1,2.1,3.221,"10","19"
"2",2011,"CNJ02_1_136","R10C20",20.71,17.93,2.456,23.6,5.7,2.7,5.781,"10","20"
"2",2011,"CNJ02_1_137","R10C21",24.288,17.817,2.473,19.2,3.6,2,4.507,"10","21"
"2",2011,"CNJ02_1_138","R10C22",18.853,17.957,2.275,21.4,4,1.8,3.703,"10","22"
"2",2011,"CNJ02_1_139","R10C23",20.96,16.978,2.101,20.4,5.11111111111111,2.77777777777778,4.914,"10","23"
"2",2011,"CNJ02_1_14","R8C5",21.043,18.311,2.581,27,4.22222222222222,2,4.67,"8","5"
"2",2011,"CNJ02_1_140","R10C24",20.3344444444444,18.5555555555556,2.53222222222222,22.9,4,1.6,3.496,"10","24"
"2",2011,"CNJ02_1_141","R10C25",21.83,17.19,2.296,20.3,4.9,2.5,5.222,"10","25"
"2",2011,"CNJ02_1_142","R10C26",21.3,17.27,2.314,28.4,3.7,1.9,3.893,"10","26"
"2",2011,"CNJ02_1_143","R10C27",20.73,18.05,2.505,24.5,5.1,2.8,5.827,"10","27"
"2",2011,"CNJ02_1_144","R10C28",20.97,18,2.46,21.9,3.8,2,4.537,"10","28"
"2",2011,"CNJ02_1_145","R10C29",23.576,18.009,2.596,21.6,4.6,2.3,4.874,"10","29"
"2",2011,"CNJ02_1_146","R10C30",23.844,18.063,2.743,29.2,6.1,1.9,4.487,"10","30"
"2",2011,"CNJ02_1_147","R10C31",22.547,17.718,2.489,21.9,5.33333333333333,2.66666666666667,4.77,"10","31"
"2",2011,"CNJ02_1_148","R10C32",23.805,17.189,2.367,16.6,5.8,1.7,3.732,"10","32"
"2",2011,"CNJ02_1_149","R10C33",23.23,18.98,2.954,21.8,4.1,2.1,5.787,"10","33"
"2",2011,"CNJ02_1_15","R8C6",22.507,18.641,2.642,18.9,5.4,2.9,6.482,"8","6"
"2",2011,"CNJ02_1_150","R10C34",25.56,17.62,2.87,18.1111111111111,4.11111111111111,2.22222222222222,6.059,"10","34"
"2",2011,"CNJ02_1_151","R10C35",25.09,17.572,2.673,22.1,5.2,2.3,4.855,"10","35"
"2",2011,"CNJ02_1_152","R10C36",18.865,18.03,2.24,24.9,4,2.2,4.291,"10","36"
"2",2011,"CNJ02_1_153","R10C37",23.922,18.057,2.668,28.6,4.2,2.2,5.213,"10","37"
"2",2011,"CNJ02_1_154","R10C38",22.276,18.285,2.587,16.4,4.44444444444444,2.44444444444444,5.61,"10","38"
"2",2011,"CNJ02_1_155","R10C39",21.818,16.68,2.086,19.6,4.6,2.2,4.229,"10","39"
"2",2011,"CNJ02_1_156","R10C40",25.3472727272727,17.9081818181818,2.79,19.2727272727273,4.3,2,5.30545454545455,"10","40"
"2",2011,"CNJ02_1_157","R10C41",23.093,18.193,2.746,25.6,3.8,2,4.894,"10","41"
"2",2011,"CNJ02_1_16","R8C7",24.736,18.748,2.874,25.2,5.9,2.2,5.283,"8","7"
"2",2011,"CNJ02_1_167","R44C15",24.093,18.369,2.677,22.1,4.22222222222222,2,4.909,"44","15"
"2",2011,"CNJ02_1_17","R8C8",24.566,19.977,3.454,29.8,4.2,2.6,7.129,"8","8"
"2",2011,"CNJ02_1_171","R44C19",24.433,18.03,2.683,18.3,3.8,2,4.737,"44","19"
"2",2011,"CNJ02_1_172","R44C20",20.936,16.542,2.122,16.5,4.4,2.2,4.148,"44","20"
"2",2011,"CNJ02_1_177","R44C25",19.012,17.423,2.178,23.9,4.5,2.5,4.852,"44","25"
"2",2011,"CNJ02_1_18","R8C9",19.73,17.56,2.178,26.2,5,1.5,3.101,"8","9"
"2",2011,"CNJ02_1_181","R44C29",26.414,18.437,3.078,30.3,4.6,2.3,6.388,"44","29"
"2",2011,"CNJ02_1_182","R44C30",25.605,19.204,3.214,26.5,3.6,2.3,6.562,"44","30"
"2",2011,"CNJ02_1_186","R44C34",23.585,17.895,2.475,19.3,4.7,2.9,6.184,"44","34"
"2",2011,"CNJ02_1_187","R44C35",21.479,17.436,2.373,20.7,5,2.5,5.251,"44","35"
"2",2011,"CNJ02_1_188","R44C36",22.689,16.773,2.233,19.5,3.4,2.6,5.089,"44","36"
"2",2011,"CNJ02_1_189","R44C37",21.441,17.16,2.032,17,4.5,2.1,3.974,"44","37"
"2",2011,"CNJ02_1_19","R8C10",17.48,16.06,1.706,13.9,5.2,2.3,3.146,"8","10"
"2",2011,"CNJ02_1_191","R44C39",22.001,16.627,2.108,16.6,4.9,2.1,4.164,"44","39"
"2",2011,"CNJ02_1_193","R44C41",24.497,16.884,2.433,16.8,5.5,3.1,6.297,"44","41"
"2",2011,"CNJ02_1_198","R44C46",22.118,18.398,2.559,20.9,4.77777777777778,1.88888888888889,4.934,"44","46"
"2",2011,"CNJ02_1_2","R7C47",21.765,17.795,2.579,18.7,5.11111111111111,2.11111111111111,5.534,"7","47"
"2",2011,"CNJ02_1_20","R8C11",23.768,18.159,2.555,28.2,5.6,3.3,7.109,"8","11"
"2",2011,"CNJ02_1_200","R44C48",19.691,16.972,2.004,18.1,5.3,2.1,3.846,"44","48"
"2",2011,"CNJ02_1_201","R44C49",24.29,20.563,3.262,23,5.5,1.7,5.128,"44","49"
"2",2011,"CNJ02_1_203","R44C51",26.302,18.821,3.238,18.7,4.4,2.5,6.971,"44","51"
"2",2011,"CNJ02_1_204","R44C52",21.899,17.959,2.525,19.4,4.55555555555556,2.44444444444444,5.007,"44","52"
"2",2011,"CNJ02_1_207","R45C1",23.035,18.603,2.728,26.3,3.4,1.6,4.177,"45","1"
"2",2011,"CNJ02_1_21","R8C12",21.906,17.896,2.279,22.4,7.5,2.5,5.12,"8","12"
"2",2011,"CNJ02_1_22","R8C13",23.681,17.986,2.445,15.8,3.9,2.2,4.938,"8","13"
"2",2011,"CNJ02_1_225","R45C19",24.192,17.286,2.403,21.5,4.9,2.8,5.775,"45","19"
"2",2011,"CNJ02_1_226","R45C20",22.462,18.558,2.685,21.1,3.6,1.7,4.371,"45","20"
"2",2011,"CNJ02_1_228","R45C22",19.863,15.002,1.614,13,3.6,2,2.593,"45","22"
"2",2011,"CNJ02_1_23","R8C14",25.11,19.299,3.469,22.6,3.2,2,6.397,"8","14"
"2",2011,"CNJ02_1_235","R45C29",22.332,17.362,2.258,25.1,4.7,1.9,3.666,"45","29"
"2",2011,"CNJ02_1_24","R8C15",26.667,18.48,2.741,25,7.1,3.5,7.741,"8","15"
"2",2011,"CNJ02_1_25","R8C16",25.017,17.722,2.756,23.2,3.8,2.1,5.481,"8","16"
"2",2011,"CNJ02_1_26","R8C17",21.04,18,2.537,18,5.4,2.5,5.128,"8","17"
"2",2011,"CNJ02_1_27","R8C18",25.003,19.118,3.195,25.6,6.44444444444444,2.88888888888889,7.862,"8","18"
"2",2011,"CNJ02_1_28","R8C19",24.974,18.485,3.02,25.5,6.5,3.9,9.48,"8","19"
"2",2011,"CNJ02_1_29","R8C20",20.353,16.859,2.042,25.6,4.2,1.9,3.548,"8","20"
"2",2011,"CNJ02_1_3","R7C48",23.73,16.64,2.473,21.9,4.8,2.4,5.074,"7","48"
"2",2011,"CNJ02_1_30","R8C21",24.36,18.16,2.727,27.2,3.44444444444444,2.11111111111111,4.987,"8","21"
"2",2011,"CNJ02_1_31","R8C22",24.12,19.15,3.205,23.3,4.2,2.4,6.923,"8","22"
"2",2011,"CNJ02_1_32","R8C23",25.21,19.17,2.875,29.1,6,3.1,7.469,"8","23"
"2",2011,"CNJ02_1_33","R8C24",23.297,18.002,2.641,26,4.4,2.3,5.242,"8","24"
"2",2011,"CNJ02_1_34","R8C25",22.95,18.15,2.399,22.6,4.3,2,4.32,"8","25"
"2",2011,"CNJ02_1_35","R8C26",21.24,17.11,2.329,24.8,4.7,2.9,5.733,"8","26"
"2",2011,"CNJ02_1_36","R8C27",20.604,17.5,2.212,21,5,1.7,3.32,"8","27"
"2",2011,"CNJ02_1_37","R8C28",23.595,17.547,2.712,18.5,8.2,3,7.361,"8","28"
"2",2011,"CNJ02_1_38","R8C29",25.32,20.47,3.63888888888889,21.4444444444444,3.7,2.1,7.361,"8","29"
"2",2011,"CNJ02_1_39","R8C30",22.598,18.164,2.957,20.2,4.66666666666667,2,5.402,"8","30"
"2",2011,"CNJ02_1_4","R7C49",23.25,18.89,2.839,20.3,4,2.7,6.918,"7","49"
"2",2011,"CNJ02_1_40","R8C31",22.9,18.37,2.817,19.9,7,3,6.74,"8","31"
"2",2011,"CNJ02_1_41","R8C32",22.84,17.77,2.709,25.2,5.3,2.2,5.312,"8","32"
"2",2011,"CNJ02_1_42","R8C33",21.985,18.667,2.827,19.4,3.9,1.7,4.544,"8","33"
"2",2011,"CNJ02_1_43","R8C34",23.139,17.077,2.329,11.8,4.9,2,3.961,"8","34"
"2",2011,"CNJ02_1_44","R8C35",24.93,17.82,2.988,21.5,4.28571428571429,2.28571428571429,5.705,"8","35"
"2",2011,"CNJ02_1_45","R8C36",23.68,18.4,3.005,16.3,5.5,2.5,6.312,"8","36"
"2",2011,"CNJ02_1_46","R8C37",22.065,18.359,2.616,23.8,4.8,3,6.927,"8","37"
"2",2011,"CNJ02_1_47","R8C38",21.24,16.75,2.098,18.8,3.3,2.3,4.057,"8","38"
"2",2011,"CNJ02_1_48","R8C39",26.848,19.295,3.511,24.7,4.2,2.8,8.787,"8","39"
"2",2011,"CNJ02_1_49","R8C40",22.136,17.081,2.415,22.6,4.8,2.1,4.753,"8","40"
"2",2011,"CNJ02_1_5","R7C50",24,16.89,2.705,11.9,4.9,2.3,5.279,"7","50"
"2",2011,"CNJ02_1_50","R8C41",22.859,18.23,2.82,21.5,4,2.4,6.029,"8","41"
"2",2011,"CNJ02_1_51","R8C42",23.31,18.63,2.779,21.9,4.4,2.2,5.597,"8","42"
"2",2011,"CNJ02_1_52","R8C43",22.03,18.41,2.715,19,3.8,2.8,6.617,"8","43"
"2",2011,"CNJ02_1_53","R8C44",21.518,17.804,2.477,25.6,4.8,2.7,5.526,"8","44"
"2",2011,"CNJ02_1_54","R8C45",23.41,18.49,2.758,20.4,5,3,6.821,"8","45"
"2",2011,"CNJ02_1_55","R8C46",26.1888888888889,17.4777777777778,2.769,21.8,4.7,2.9,6.963,"8","46"
"2",2011,"CNJ02_1_56","R8C47",24.217,20.345,3.736,30.5,3.8,2.6,8.554,"8","47"
"2",2011,"CNJ02_1_57","R8C48",27.5323,19.204,3.438,20.6,4.1,2.5,7.894,"8","48"
"2",2011,"CNJ02_1_58","R8C49",24.068,18.025,2.809,20.3,4.3,2,4.782,"8","49"
"2",2011,"CNJ02_1_59","R8C50",21.441,18.922,2.627,14.8,4.8,2.6,6.204,"8","50"
"2",2011,"CNJ02_1_6","R7C51",23.22,18.41,2.888,26,5,2.7,6.739,"7","51"
"2",2011,"CNJ02_1_60","R8C51",25.605,18.798,2.941,20.8,4.7,2.5,6.941,"8","51"
"2",2011,"CNJ02_1_61","R8C52",22.991,17.314,2.398,20.8,4.6,1.4,3.395,"8","52"
"2",2011,"CNJ02_1_62","R8C53",22.491,17.861,2.457,23.3,3.5,2.4,5.084,"8","53"
"2",2011,"CNJ02_1_63","R8C54",21.94,18.585,2.756,26,4.3,2.1,5.43,"8","54"
"2",2011,"CNJ02_1_64","R9C1",19.143,15.517,1.622,15.3,3.2,1.8,2.676,"9","1"
"2",2011,"CNJ02_1_65","R9C2",19.552,15.512,1.811,17.1,4.2,1.3,2.616,"9","2"
"2",2011,"CNJ02_1_66","R9C3",22.686,17.464,2.392,27.4,5.9,2.7,5.021,"9","3"
"2",2011,"CNJ02_1_67","R9C4",20.594,15.313,1.719,12.1,3.9,1.8,2.726,"9","4"
"2",2011,"CNJ02_1_68","R9C5",22.346,18.425,2.717,24.6,4.7,3,7.01,"9","5"
"2",2011,"CNJ02_1_69","R9C6",23.99,18,2.635,20.5,3.1,1.7,4.312,"9","6"
"2",2011,"CNJ02_1_7","R7C52",21.431,18.814,2.728,27.2,4.77777777777778,2,4.698,"7","52"
"2",2011,"CNJ02_1_70","R9C7",21.049,18.612,2.541,25.8,4,1.9,4.079,"9","7"
"2",2011,"CNJ02_1_71","R9C8",20.937,16.934,2.028,16.7,3.5,1.7,3.142,"9","8"
"2",2011,"CNJ02_1_72","R9C9",25.562,18.359,2.954,22.4,4.44444444444444,2.66666666666667,6.944,"9","9"
"2",2011,"CNJ02_1_73","R9C10",20.475,14.479,1.606,7.7,2.5,1.4,2.01,"9","10"
"2",2011,"CNJ02_1_74","R9C11",20.172,18.342,2.202,23,4,2.1,3.727,"9","11"
"2",2011,"CNJ02_1_75","R9C12",20.208,17.07,2.204,23.3,3.7,1.7,3.492,"9","12"
"2",2011,"CNJ02_1_76","R9C13",22.03,19.1,2.767,21,3.8,1.7,3.96,"9","13"
"2",2011,"CNJ02_1_77","R9C14",28.82,19.95,3.796,28,3.2,2.1,7.314,"9","14"
"2",2011,"CNJ02_1_78","R9C15",23.502,18.517,2.758,18.6,5.2,2.9,6.771,"9","15"
"2",2011,"CNJ02_1_79","R9C16",22.001,18.931,2.716,19.6,5.4,3.1,6.985,"9","16"
"2",2011,"CNJ02_1_8","R7C53",22.551,17.787,2.602,21,6.66666666666667,2.77777777777778,6.428,"7","53"
"2",2011,"CNJ02_1_80","R9C17",20.835,17.872,2.434,22.1,4.8,1.6,3.894,"9","17"
"2",2011,"CNJ02_1_81","R9C18",22.868,18.367,2.834,21.9,4.3,2.1,5.155,"9","18"
"2",2011,"CNJ02_1_82","R9C19",23.81,17.49,2.832,22.2,4.5,1.6,3.836,"9","19"
"2",2011,"CNJ02_1_83","R9C20",23.15,18.82,2.706,22.8,3.4,1.6,4.181,"9","20"
"2",2011,"CNJ02_1_84","R9C21",20.007,16.497,1.898,21,3.3,2,3.601,"9","21"
"2",2011,"CNJ02_1_85","R9C22",22.589,17.093,2.389,21.7,5.22222222222222,2.33333333333333,4.808,"9","22"
"2",2011,"CNJ02_1_86","R9C23",25.17,16.994,2.617,20.5,5.2,2.1,4.951,"9","23"
"2",2011,"CNJ02_1_87","R9C24",25.637,17.629,2.837,25.2,5.1,3.2,7.293,"9","24"
"2",2011,"CNJ02_1_88","R9C25",25.818,19.036,3.0911,20.3,4,1.5,4.449,"9","25"
"2",2011,"CNJ02_1_89","R9C26",25.289,16.641,2.415,18.7,3.1,1.7,3.731,"9","26"
"2",2011,"CNJ02_1_9","R7C54",25.835,17.762,2.849,25.5,5.33333333333333,2.33333333333333,5.783,"7","54"
"2",2011,"CNJ02_1_90","R9C27",24.2,17.96,2.656,21.7,4.7,2.2,4.919,"9","27"
"2",2011,"CNJ02_1_91","R9C28",25.04,19.93,3.328,29.8,3,1.6,5.226,"9","28"
"2",2011,"CNJ02_1_92","R9C29",23.308,17.997,2.581,19.3,5.55555555555556,1.77777777777778,4.359,"9","29"
"2",2011,"CNJ02_1_93","R9C30",22.014,18.064,2.468,23.4,4.2,2.4,5.441,"9","30"
"2",2011,"CNJ02_1_94","R9C31",25.31,18.51,3.1,20.9,4.66666666666667,2,6.198,"9","31"
"2",2011,"CNJ02_1_95","R9C32",21.58,16.99,2.293,20.3,4.9,1.7,3.816,"9","32"
"2",2011,"CNJ02_1_96","R9C33",21.725,18.243,2.561,19.8,4.1,1.9,4.132,"9","33"
"2",2011,"CNJ02_1_97","R9C34",20.43,17.438,2.152,20.6,4.4,2.1,4.189,"9","34"
"2",2011,"CNJ02_1_98","R9C35",27.19,18.19,2.7193,22.7,4.1,2,4.9501,"9","35"
"2",2011,"CNJ02_1_99","R9C36",22.51,18.19,2.6235,28.8,4.3,1.9,4.578,"9","36"
"2",2012,"CNJ02_1_1","R7C46",24.13,17.98,2.8985,18.5,3.1,2,4.9589,"7","46"
"2",2012,"CNJ02_1_10","R8C1",18.01,15.35,1.7619,18.1,3.4,2.2,3.1433,"8","1"
"2",2012,"CNJ02_1_100","R9C37",20.65,17.82,2.4444,18.8,3.5,1.8,4.0899,"9","37"
"2",2012,"CNJ02_1_101","R9C38",23.72,18.89,3.1882,21.1,2.7,1.9,5.7009,"9","38"
"2",2012,"CNJ02_1_102","R9C39",21.05,17.24,2.2297,20.3,3.125,1.875,4.0748,"9","39"
"2",2012,"CNJ02_1_103","R9C40",22.77,17.8,2.7064,19.2,3.3,2.4,5.8469,"9","40"
"2",2012,"CNJ02_1_104","R9C41",24.51,16.86,2.6133,14.3,2.875,2,4.9543,"9","41"
"2",2012,"CNJ02_1_105","R9C42",21.94,18.07,2.7508,28.8,3.75,2.75,6.5808,"9","42"
"2",2012,"CNJ02_1_106","R9C43",21.95,18.9,2.8027,27.5,4.2,2.1,4.8812,"9","43"
"2",2012,"CNJ02_1_107","R9C44",26.4,17.63,2.8869,20.2,2.7,1.8,4.4758,"9","44"
"2",2012,"CNJ02_1_108","R9C45",25.3777777777778,17.4555555555556,2.92,16.6666666666667,3.22222222222222,1.77777777777778,4.29788888888889,"9","45"
"2",2012,"CNJ02_1_109","R9C46",24.2,17.48,2.8078,23.3,2.9,2.1,5.6048,"9","46"
"2",2012,"CNJ02_1_11","R8C2",21.42,14.32,1.7655,16.3,4.33333333333333,2.22222222222222,3.0638,"8","2"
"2",2012,"CNJ02_1_110","R9C47",23.43,17.19,2.5525,21.8,3.6,1.7,3.8285,"9","47"
"2",2012,"CNJ02_1_111","R9C48",22.23,17.52,2.5724,16.6,4,2.2,4.8031,"9","48"
"2",2012,"CNJ02_1_112","R9C49",24.42,17.51,2.6909,17.1,4.1,2.3,5.2778,"9","49"
"2",2012,"CNJ02_1_113","R9C50",25.11,18.18,2.9121,27,4.2,2.2,5.5105,"9","50"
"2",2012,"CNJ02_1_114","R9C51",21.38,15.33,2.0912,15.2,2.9,1.6,3.0525,"9","51"
"2",2012,"CNJ02_1_115","R9C52",21.71,17.27,2.5569,19,3.5,1.9,4.4931,"9","52"
"2",2012,"CNJ02_1_116","R9C53",21.87,16.85,2.466,18.8,3.8,1.9,5.3591,"9","53"
"2",2012,"CNJ02_1_117","R9C54",24.2222222222222,18.7555555555556,3.1995,17.8,2.8,2,5.6864,"9","54"
"2",2012,"CNJ02_1_118","R10C2",22.03,16.35,2.3119,14.3,3.3,1.9,3.9148,"10","2"
"2",2012,"CNJ02_1_119","R10C3",17.33,14.34,1.5035,16.2,4,1.8,2.3866,"10","3"
"2",2012,"CNJ02_1_12","R8C3",20.46,14.89,1.6221,11.8,4.25,2.375,2.939,"8","3"
"2",2012,"CNJ02_1_120","R10C4",17.45,16.27,1.8465,16.5,4,2.4,3.5747,"10","4"
"2",2012,"CNJ02_1_121","R10C5",19.12,16.89,2.0884,25.5,3.2,2.1,3.9177,"10","5"
"2",2012,"CNJ02_1_122","R10C6",23.25,16.55,2.364,16.7,3.5,1.8,3.9632,"10","6"
"2",2012,"CNJ02_1_123","R10C7",18.7,14.85,1.5516,16.4,4.8,2.3,2.888,"10","7"
"2",2012,"CNJ02_1_124","R10C8",22.12,15.75,1.9761,20.4,3.2,2.1,3.6077,"10","8"
"2",2012,"CNJ02_1_125","R10C9",20.31,17.21,2.1753,22.7,3.9,1.5,3.1612,"10","9"
"2",2012,"CNJ02_1_126","R10C10",21.33,15.12,1.8604,16.7,3,1.8,3.1744,"10","10"
"2",2012,"CNJ02_1_127","R10C11",20.99,15.91,1.9798,21.6,4.1,2.3,3.8201,"10","11"
"2",2012,"CNJ02_1_128","R10C12",23.65,16.991,2.7177,17.7,3,1.7,4.1331,"10","12"
"2",2012,"CNJ02_1_129","R10C13",22.55,16.31,2.1768,16.7,3.57142857142857,1.42857142857143,3.5497,"10","13"
"2",2012,"CNJ02_1_13","R8C4",17.68,15.02,1.6201,14.4,3.4,1.9,3.1555,"8","4"
"2",2012,"CNJ02_1_130","R10C14",20.71,15.97,2.1336,19.4,3.1,2,3.7548,"10","14"
"2",2012,"CNJ02_1_131","R10C15",21.2555555555556,16.2333333333333,2.23644444444444,21.1111111111111,3,2.11111111111111,3.61788888888889,"10","15"
"2",2012,"CNJ02_1_132","R10C16",24.34,17.55,2.6513,24.6,3.2,2.3,5.6583,"10","16"
"2",2012,"CNJ02_1_133","R10C17",21.08,17.22,2.2373,22.4444444444444,3.9,2.4,4.4897,"10","17"
"2",2012,"CNJ02_1_134","R10C18",20.06,16.71,2.1634,17.7,4,2,3.9529,"10","18"
"2",2012,"CNJ02_1_135","R10C19",19.56,16.5,1.903,19.1,3.22222222222222,1.66666666666667,3.2188,"10","19"
"2",2012,"CNJ02_1_136","R10C20",19.89,16.75,2.203,20.4,4.3,2.6,5.2926,"10","20"
"2",2012,"CNJ02_1_137","R10C21",25.92,17.89,3.0201,16.5,3.7,2.6,6.5023,"10","21"
"2",2012,"CNJ02_1_138","R10C22",19.01,17.17,2.0918,14.2,3.3,1.6,2.9297,"10","22"
"2",2012,"CNJ02_1_139","R10C23",21.56,17.04,2.4925,17.5,3.9,1.9,3.5729,"10","23"
"2",2012,"CNJ02_1_14","R8C5",17.195,15.66,1.8725,21.3,3.5,2.2,3.6946,"8","5"
"2",2012,"CNJ02_1_140","R10C24",19.35,17.25,2.2469,17.9,4.9,2.3,4.3054,"10","24"
"2",2012,"CNJ02_1_141","R10C25",22.45,17.56,2.4911,17.2,3.4,1.7,3.8941,"10","25"
"2",2012,"CNJ02_1_142","R10C26",22.11,17.88,2.8325,26.4,4.5,1.7,4.2658,"10","26"
"2",2012,"CNJ02_1_143","R10C27",20.81,16.47,2.3033,18.4,4.2,2.5,4.4701,"10","27"
"2",2012,"CNJ02_1_144","R10C28",20.2,16.97,2.2234,18.5,3.6,2.2,4.2927,"10","28"
"2",2012,"CNJ02_1_145","R10C29",25.38,18.44,3.0488,19,3.9,2.1,5.5402,"10","29"
"2",2012,"CNJ02_1_146","R10C30",24.17,18.21,2.9957,28.6,4.1,2.3,5.443,"10","30"
"2",2012,"CNJ02_1_147","R10C31",23.37,16.1,2.2694,17.7,3.44444444444444,2,4.253,"10","31"
"2",2012,"CNJ02_1_148","R10C32",24.369,17.168,2.5948,14.4,3.3,1.8,4.3636,"10","32"
"2",2012,"CNJ02_1_149","R10C33",22.9,17.3,2.8086,14.1,4.6,2.5,6.1992,"10","33"
"2",2012,"CNJ02_1_15","R8C6",20.65,17.33,2.3856,14.5,3.8,2.3,4.7445,"8","6"
"2",2012,"CNJ02_1_150","R10C34",22.12,14.72,1.918,6.4,2.8,1.9,3.5944,"10","34"
"2",2012,"CNJ02_1_151","R10C35",24.21,15.72,2.3661,18.9,3,1.3,2.8562,"10","35"
"2",2012,"CNJ02_1_152","R10C36",17.2555555555556,15.3888888888889,1.59333333333333,10.3333333333333,2.22222222222222,1.44444444444444,2.246,"10","36"
"2",2012,"CNJ02_1_153","R10C37",20.32,14.92,1.8205,18.6,2.3,1.5,2.732,"10","37"
"2",2012,"CNJ02_1_154","R10C38",23.17,17.29,2.4456,17.8,4.7,2.5,5.3599,"10","38"
"2",2012,"CNJ02_1_155","R10C39",22.79,17.26,2.4657,17.3333333333333,4.4,2.3,4.7641,"10","39"
"2",2012,"CNJ02_1_156","R10C40",27.28,17.82,3.1401,16.2,3.8,2.5,6.6068,"10","40"
"2",2012,"CNJ02_1_157","R10C41",21.51,16.85,2.4553,21,3.1,1.6,3.4444,"10","41"
"2",2012,"CNJ02_1_16","R8C7",22.81,17.02,2.4042,16.7,3.6,1.6,3.7958,"8","7"
"2",2012,"CNJ02_1_17","R8C8",21.37,17.73,2.7498,28.3,3.7,2.4,5.5172,"8","8"
"2",2012,"CNJ02_1_18","R8C9",19.1,17.54,2.2911,27.8,3.7,1.9,3.8456,"8","9"
"2",2012,"CNJ02_1_19","R8C10",17.03,15.56,1.8592,13.9,4.3,2.5,3.7714,"8","10"
"2",2012,"CNJ02_1_2","R7C47",23.78,17.77,2.9772,15.9,3,1.9,4.8397,"7","47"
"2",2012,"CNJ02_1_20","R8C11",22.27,16.76,2.4227,19,4.55555555555556,2.22222222222222,4.6317,"8","11"
"2",2012,"CNJ02_1_21","R8C12",18.79,14.26,1.5577,10.6,4.3,1.7,2.4545,"8","12"
"2",2012,"CNJ02_1_22","R8C13",19.74,15.56,1.6926,15,3.1,2.1,3.0731,"8","13"
"2",2012,"CNJ02_1_23","R8C14",23.61,17.36,2.86,18.2,2.9,1.6,4.3794,"8","14"
"2",2012,"CNJ02_1_24","R8C15",25.96,17.39,2.5863,20.2,4.1,2.7,5.5142,"8","15"
"2",2012,"CNJ02_1_25","R8C16",25.27,16.95,2.8788,21.9,2.7,1.8,4.5501,"8","16"
"2",2012,"CNJ02_1_26","R8C17",19.4,17.34,2.2459,13.8,3,1.88888888888889,4.627,"8","17"
"2",2012,"CNJ02_1_27","R8C18",23.28,18.05,2.8139,20.5,2.9,1.6,4.1744,"8","18"
"2",2012,"CNJ02_1_28","R8C19",23,17.72,2.5132,17.8,4.42857142857143,3.14285714285714,6.6553,"8","19"
"2",2012,"CNJ02_1_29","R8C20",20.75,16.77,2.0832,23.7,3.6,2,3.6567,"8","20"
"2",2012,"CNJ02_1_3","R7C48",24.81,17.17,2.7903,23.5,3.7,2.3,5.4305,"7","48"
"2",2012,"CNJ02_1_30","R8C21",22.35,17.29,2.3487,18.7,5,2.2,4.7792,"8","21"
"2",2012,"CNJ02_1_31","R8C22",23.47,17.88,2.8195,17,3.8,2.5,5.6856,"8","22"
"2",2012,"CNJ02_1_32","R8C23",22.77,17.1,2.5101,24.1,5.11111111111111,2,4.3737,"8","23"
"2",2012,"CNJ02_1_33","R8C24",21.95,17.31,2.7088,22.4,3.6,1.9,4.4436,"8","24"
"2",2012,"CNJ02_1_34","R8C25",22.98,17.84,2.6133,18.5,3.2,1.7,3.6754,"8","25"
"2",2012,"CNJ02_1_35","R8C26",22.13,17.65,2.7374,16.8,3.1,2.4,5.7744,"8","26"
"2",2012,"CNJ02_1_36","R8C27",20.3,16.7,2.1616,18,4.6,1.7,3.5271,"8","27"
"2",2012,"CNJ02_1_37","R8C28",24.15,17.97,3.0079,17.8,3.4,2.1,5.5789,"8","28"
"2",2012,"CNJ02_1_38","R8C29",23.53,19.24,3.2969,22.1,3.1,2.1,6.3396,"8","29"
"2",2012,"CNJ02_1_39","R8C30",22.02,17.43,2.7887,18.2,3.9,1.8,4.5388,"8","30"
"2",2012,"CNJ02_1_4","R7C49",20.78,16.21,2.2328,16.2,3.1,2.3,4.3994,"7","49"
"2",2012,"CNJ02_1_40","R8C31",20.01,16.7,2.1371,10.9,3.8,2.4,4.7973,"8","31"
"2",2012,"CNJ02_1_41","R8C32",22.47,16.96,2.4183,18.6,5.1,3,5.8302,"8","32"
"2",2012,"CNJ02_1_42","R8C33",20.97,17.75,2.4148,12.7,1.9,1.3,2.9154,"8","33"
"2",2012,"CNJ02_1_43","R8C34",22.48,15.73,2.0572,8,2.9,1.6,3.1089,"8","34"
"2",2012,"CNJ02_1_44","R8C35",23.81,17.11,2.6773,18.1,3.2,1.8,4.1566,"8","35"
"2",2012,"CNJ02_1_45","R8C36",21.89,17.72,2.5558,11.7,3.5,1.4,3.6889,"8","36"
"2",2012,"CNJ02_1_46","R8C37",22.44,17.98,2.732,18,3.4,2.2,5.3906,"8","37"
"2",2012,"CNJ02_1_47","R8C38",22.51,17.06,2.5181,20.1,3.6,2.7,5.8998,"8","38"
"2",2012,"CNJ02_1_48","R8C39",24.03,17.53,2.7733,18.1,3.2,1.8,4.5625,"8","39"
"2",2012,"CNJ02_1_49","R8C40",20.72,16.43,2.116,17.3,4.25,1.75,3.764,"8","40"
"2",2012,"CNJ02_1_5","R7C50",22.83,16.57,2.3819,12.2,4.6,2.6,5.1277,"7","50"
"2",2012,"CNJ02_1_50","R8C41",20.18,17.2,2.4314,20.7,2.7,1.7,3.5902,"8","41"
"2",2012,"CNJ02_1_51","R8C42",23.91,18.21,2.9166,20.8,4.3,2.5,6.5677,"8","42"
"2",2012,"CNJ02_1_52","R8C43",20.33,16.75,2.2414,16.6,3.8,2.1,4.0699,"8","43"
"2",2012,"CNJ02_1_53","R8C44",22.16,18.05,2.6882,17,3.6,1.8,4.2292,"8","44"
"2",2012,"CNJ02_1_54","R8C45",20.49,16.32,2.1247,10.3,3.5,2.3,4.0461,"8","45"
"2",2012,"CNJ02_1_55","R8C46",25.48,16.18,2.4944,21.8,3.3,2,4.4979,"8","46"
"2",2012,"CNJ02_1_56","R8C47",20.44,17.5,2.6373,20.7,2.7,1.5,3.848,"8","47"
"2",2012,"CNJ02_1_57","R8C48",26.225,18.7666666666667,3.312875,17.2222222222222,4.66666666666667,2.88888888888889,8.94888888888889,"8","48"
"2",2012,"CNJ02_1_58","R8C49",24.1,16.89,2.8194,18.6,3.7,2.5,5.8692,"8","49"
"2",2012,"CNJ02_1_59","R8C50",18.96,16.95,2.0696,14.3,5.1,2.1,3.5075,"8","50"
"2",2012,"CNJ02_1_6","R7C51",20.96,17.31,2.235,19.1,4.2,2.8,5.6482,"7","51"
"2",2012,"CNJ02_1_60","R8C51",25.7,17.9888888888889,3.0951,17,2.9,1.4,4.2194,"8","51"
"2",2012,"CNJ02_1_61","R8C52",22.85,15.86,2.3771,19.7,2.7,1.4,3.133,"8","52"
"2",2012,"CNJ02_1_62","R8C53",20.2111111111111,16.4111111111111,2.0778,24.3,4,2.5,4.6204,"8","53"
"2",2012,"CNJ02_1_63","R8C54",20.9888888888889,17.93,2.43044444444444,18.9,2.8,2.5,5.8664,"8","54"
"2",2012,"CNJ02_1_64","R9C1",17.32,13.95,1.4447,15,3.5,2.4,2.9194,"9","1"
"2",2012,"CNJ02_1_65","R9C2",20.57,15.53,2.0615,18.1,4.2,2,3.3376,"9","2"
"2",2012,"CNJ02_1_66","R9C3",19.41,15.3,1.7517,16.5,2.6,1.6,2.3745,"9","3"
"2",2012,"CNJ02_1_67","R9C4",18.74,14.51,1.5453,11.7,3.9,2.6,3.5381,"9","4"
"2",2012,"CNJ02_1_68","R9C5",21.23,17.73,2.479,23.6,3.4,2.5,5.1565,"9","5"
"2",2012,"CNJ02_1_69","R9C6",23.02,17.19,2.3465,19.1,3.44444444444444,1.44444444444444,3.0766,"9","6"
"2",2012,"CNJ02_1_7","R7C52",20.8,17.05,2.3879,19.8,3.7,2,4.1735,"7","52"
"2",2012,"CNJ02_1_70","R9C7",18.7222222222222,16.0444444444444,1.79311111111111,19.2222222222222,3.5,2.125,3.403,"9","7"
"2",2012,"CNJ02_1_71","R9C8",22.1,16.65,2.2622,21.4,4,2.2,4.3902,"9","8"
"2",2012,"CNJ02_1_72","R9C9",26,18.06,3.0559,21.1,3.5,2.5,6.2905,"9","9"
"2",2012,"CNJ02_1_73","R9C10",19.22,15.56,1.8315,10.4,3.1,1.2,2.1117,"9","10"
"2",2012,"CNJ02_1_74","R9C11",18.68,17.02,1.9483,19.1,3.6,1.8,3.2371,"9","11"
"2",2012,"CNJ02_1_75","R9C12",20.03,15.21,1.9363,10.9,4.5,1.9,3.4966,"9","12"
"2",2012,"CNJ02_1_76","R9C13",21.62,17.99,2.5383,19.7,3.8,1.9,4.3649,"9","13"
"2",2012,"CNJ02_1_77","R9C14",25.79,17.81,3.037,26,2.6,1.2,3.2874,"9","14"
"2",2012,"CNJ02_1_78","R9C15",23.86,17.29,2.6755,12.3,4.3,2.5,5.3409,"9","15"
"2",2012,"CNJ02_1_79","R9C16",22.66,19.56,3.23,25.3,3.4,1.5,4.1899,"9","16"
"2",2012,"CNJ02_1_8","R7C53",20.64,16.83,2.4662,19.6,2.5,2.1,4.8502,"7","53"
"2",2012,"CNJ02_1_80","R9C17",19.63,18.14,2.6064,18.2,3.1,2,4.6955,"9","17"
"2",2012,"CNJ02_1_81","R9C18",20.18,16.95,2.568,17.5,3.4,1.9,4.4468,"9","18"
"2",2012,"CNJ02_1_82","R9C19",25.25,17.28,3.226,20,2.8,1.7,4.996,"9","19"
"2",2012,"CNJ02_1_83","R9C20",23.5,18.6,3.0416,23.1,4.6,2.5,6.315,"9","20"
"2",2012,"CNJ02_1_84","R9C21",19.9,16.3,1.9749,19.3,4,2.3,3.8781,"9","21"
"2",2012,"CNJ02_1_85","R9C22",23.67,15.66,2.1274,21.4,4,2.6,4.6085,"9","22"
"2",2012,"CNJ02_1_86","R9C23",23.38,15.25,2.0211,11.5,3.5,1.5,2.7248,"9","23"
"2",2012,"CNJ02_1_87","R9C24",23.84,17.12,2.669,18.7,3.14285714285714,1.85714285714286,4.7615,"9","24"
"2",2012,"CNJ02_1_88","R9C25",23.47,17.39,2.6713,13.2,2.83333333333333,1.5,3.963,"9","25"
"2",2012,"CNJ02_1_89","R9C26",23.24,15.78,2.3929,11.5,3.6,1.8,3.464,"9","26"
"2",2012,"CNJ02_1_9","R7C54",25.34,17.65,2.9721,26.1111111111111,3.7,2.5,6.0979,"7","54"
"2",2012,"CNJ02_1_90","R9C27",21.95,15.34,2.0085,15.3,3.4,2.2,3.9141,"9","27"
"2",2012,"CNJ02_1_91","R9C28",24.19,18.54,2.9246,17.2,2.5,1.4,3.9216,"9","28"
"2",2012,"CNJ02_1_92","R9C29",23.8,18.6,2.8064,16.8,3.7,2.1,5.63,"9","29"
"2",2012,"CNJ02_1_93","R9C30",22.16,17.33,2.4443,20.1,3.66666666666667,1.88888888888889,4.3791,"9","30"
"2",2012,"CNJ02_1_94","R9C31",25.7222222222222,18.1111111111111,3.128,18.9,3.5,2.9,8.1013,"9","31"
"2",2012,"CNJ02_1_95","R9C32",22.5,16.97,2.3748,17.1,3,1.88888888888889,4.2267,"9","32"
"2",2012,"CNJ02_1_96","R9C33",21.62,16.69,2.3643,12.5,2.8,1.6,3.6272,"9","33"
"2",2012,"CNJ02_1_97","R9C34",19.83,15.82,1.9092,13.4,3.4,2.1,3.8924,"9","34"
"2",2012,"CNJ02_1_98","R9C35",25.61,16.68,2.6183,21.1111111111111,3.22222222222222,2.22222222222222,4.9103,"9","35"
"2",2012,"CNJ02_1_99","R9C36",22.4333333333333,17.09,2.48233333333333,25.6,3.44444444444444,2.22222222222222,4.7043,"9","36"
"2",2013,"CNJ02_1_1","R7C46",21.89,17.36,2.25555555555556,17.6666666666667,4.2,2.7,5.3434,"7","46"
"2",2013,"CNJ02_1_10","R8C1",17.76,14.24,1.3976,14.8,3.375,1.5,1.8576,"8","1"
"2",2013,"CNJ02_1_100","R9C37",19.76,18.27,2.6332,24.4,5.2,2,4.7159,"9","37"
"2",2013,"CNJ02_1_101","R9C38",21.14,18.34,2.8994,23.4,5.3,2.4,5.8083,"9","38"
"2",2013,"CNJ02_1_102","R9C39",18.97,16.43,2.0105,20,4.3,1.8,3.1232,"9","39"
"2",2013,"CNJ02_1_103","R9C40",20.41,16.88,2.293,28.5,4.3,2.1,4.224,"9","40"
"2",2013,"CNJ02_1_104","R9C41",21.08,15.82,2.291,14.9,4.66666666666667,2,3.974,"9","41"
"2",2013,"CNJ02_1_105","R9C42",20.32,16.81,2.339,28.8,4.5,2.6,5.4,"9","42"
"2",2013,"CNJ02_1_106","R9C43",18.92,17.01,2.027,25.8,5.11111111111111,3,5.129,"9","43"
"2",2013,"CNJ02_1_107","R9C44",23.03,16.04,2.391,18.1,2.57142857142857,1.42857142857143,4.619,"9","44"
"2",2013,"CNJ02_1_108","R9C45",23.84,17.07,2.6262,18.7,2.7,1.2,3.0886,"9","45"
"2",2013,"CNJ02_1_109","R9C46",21.14,15.33,2.0466,15,3.6,1.5,2.8272,"9","46"
"2",2013,"CNJ02_1_11","R8C2",20.48,14.87,1.5594,16.2,3.33333333333333,1.44444444444444,2.4569,"8","2"
"2",2013,"CNJ02_1_110","R9C47",20.9,16.44,2.3199,21.8,4.6,2.3,4.5801,"9","47"
"2",2013,"CNJ02_1_111","R9C48",20.8,17.33,2.3593,16.2,4.7,2.7,6.1743,"9","48"
"2",2013,"CNJ02_1_112","R9C49",22.2444444444444,17.6888888888889,2.73055555555556,18,4.22222222222222,2.66666666666667,6.201,"9","49"
"2",2013,"CNJ02_1_113","R9C50",22.2,16.43,2.3,23.4,5,2.1,4.372,"9","50"
"2",2013,"CNJ02_1_114","R9C51",22.79,17.3,2.682,21.9,4.5,1.9,4.25,"9","51"
"2",2013,"CNJ02_1_115","R9C52",19.73,16.46,2.084,21.8,4.7,2.2,3.946,"9","52"
"2",2013,"CNJ02_1_116","R9C53",21.76,17.18,2.59,13.3,3.875,2,4.74,"9","53"
"2",2013,"CNJ02_1_117","R9C54",21.09,16.46,2.323,15.8,4.3,2.3,4.528,"9","54"
"2",2013,"CNJ02_1_118","R10C2",17.63,14.19,1.5383,18.5,4.5,1.4,2.0796,"10","2"
"2",2013,"CNJ02_1_119","R10C3",16.09,14.73,1.4366,15.9,3,1.2,1.6981,"10","3"
"2",2013,"CNJ02_1_12","R8C3",18.46,13.87,1.3975,16.1,5.5,2.2,2.688,"8","3"
"2",2013,"CNJ02_1_120","R10C4",13.77,14.11,1.2163,16,3.9,1.9,1.9942,"10","4"
"2",2013,"CNJ02_1_121","R10C5",16.7,15.41,1.707,26.7,4,1.1,1.8445,"10","5"
"2",2013,"CNJ02_1_122","R10C6",16,12.79,1.138,16.8,3.9,2.2,2.354,"10","6"
"2",2013,"CNJ02_1_123","R10C7",17.05,14.34,1.592,16.1,3.22222222222222,1.33333333333333,2.241,"10","7"
"2",2013,"CNJ02_1_124","R10C8",20.14,15.26,1.8854,25.4,4.2,1.7,2.8591,"10","8"
"2",2013,"CNJ02_1_125","R10C9",18.47,15.17,1.9003,21.5,3.2,1.5,2.7473,"10","9"
"2",2013,"CNJ02_1_126","R10C10",18.64,13.24,1.3625,16.1,3.1,1.8,2.1698,"10","10"
"2",2013,"CNJ02_1_127","R10C11",20.38,17.24,2.2617,21.6,4,1.8,3.7906,"10","11"
"2",2013,"CNJ02_1_128","R10C12",23.19,16.85,2.6379,21.7,4.6,2.3,5.1701,"10","12"
"2",2013,"CNJ02_1_129","R10C13",19.64,15.67,1.925,21.9,5.625,2,3.482,"10","13"
"2",2013,"CNJ02_1_13","R8C4",16.51,13.62,1.3511,19.4,3.4,1.5,2.0145,"8","4"
"2",2013,"CNJ02_1_130","R10C14",21.22,15.82,2.154,24.3,3.9,1.7,3.299,"10","14"
"2",2013,"CNJ02_1_131","R10C15",19.62,15.22,1.842,20.8,3.1,1.4,2.538,"10","15"
"2",2013,"CNJ02_1_132","R10C16",24.63,17.17,2.7909,26.2,3.9,1.8,4.649,"10","16"
"2",2013,"CNJ02_1_133","R10C17",19.93,16.94,2.143,19.1,3.2,1.8,3.233,"10","17"
"2",2013,"CNJ02_1_134","R10C18",20.11,17.25,2.4102,26.5,4.8,2.2,4.6142,"10","18"
"2",2013,"CNJ02_1_135","R10C19",17.86,15.63,1.6449,20,4.4,2.1,2.9876,"10","19"
"2",2013,"CNJ02_1_136","R10C20",18.78,17.14,2.225,26.6,5.6,1.5,2.9296,"10","20"
"2",2013,"CNJ02_1_137","R10C21",22.63,16.55,2.3327,14,3.66666666666667,2.22222222222222,5.0175,"10","21"
"2",2013,"CNJ02_1_138","R10C22",18.38,17.94,2.2917,19.7,4.7,2.9,5.8829,"10","22"
"2",2013,"CNJ02_1_139","R10C23",20.26,16.29,2.0202,12.4,5.22222222222222,2.88888888888889,4.6305,"10","23"
"2",2013,"CNJ02_1_14","R8C5",17.4222222222222,16.59,1.87244444444444,25.5,5.3,1.2,1.9519,"8","5"
"2",2013,"CNJ02_1_140","R10C24",19.8,17.68,2.3498,23.3,4.3,2,4.3253,"10","24"
"2",2013,"CNJ02_1_141","R10C25",20.45,15.57,2.17,21.4,4.3,1.9,3.805,"10","25"
"2",2013,"CNJ02_1_142","R10C26",19.54,16.76,2.2485,23.5,4.11111111111111,1.44444444444444,3.2218,"10","26"
"2",2013,"CNJ02_1_143","R10C27",19.81,16.19,2.0525,15.1,4.22222222222222,2.88888888888889,4.8764,"10","27"
"2",2013,"CNJ02_1_144","R10C28",19.81,17.84,2.5718,22.1,5.8,2.5,5.7312,"10","28"
"2",2013,"CNJ02_1_145","R10C29",21.33,15.42,1.897,17.7,4.3,2,3.2794,"10","29"
"2",2013,"CNJ02_1_146","R10C30",22.36,16.94,2.521,27.9,5,2.8,6.187,"10","30"
"2",2013,"CNJ02_1_147","R10C31",19.78,15.56,1.945,21.8,4.3,2.3,3.717,"10","31"
"2",2013,"CNJ02_1_148","R10C32",22.2,16.95,2.3115,20.7,5.1,2.3,4.8197,"10","32"
"2",2013,"CNJ02_1_149","R10C33",21.53,18.44,2.8177,23.9,5,1.7,4.7396,"10","33"
"2",2013,"CNJ02_1_15","R8C6",17.11,14.99,1.6073,15.6,5,1.6,2.2916,"8","6"
"2",2013,"CNJ02_1_150","R10C34",23.8,16.33,2.2723,17.3,3.66666666666667,2.33333333333333,4.5501,"10","34"
"2",2013,"CNJ02_1_151","R10C35",21.48,14.6,1.9024,17.1,3.11111111111111,1.77777777777778,2.9308,"10","35"
"2",2013,"CNJ02_1_152","R10C36",17.66,16.55,1.9616,17.9,3.7,1.6,2.8206,"10","36"
"2",2013,"CNJ02_1_153","R10C37",19.22,15.58,1.8625,26.5,3.6,1.9,3.1846,"10","37"
"2",2013,"CNJ02_1_154","R10C38",17.56,14.22,1.4307,9.5,4.9,2,2.4855,"10","38"
"2",2013,"CNJ02_1_155","R10C39",20.3,16.11,2.0983,19.1,4.3,2.5,4.7256,"10","39"
"2",2013,"CNJ02_1_156","R10C40",24.94,17.86,2.8763,20.6,4.55555555555556,2.44444444444444,6.2393,"10","40"
"2",2013,"CNJ02_1_157","R10C41",21.63,16.88,2.6144,24.1111111111111,4.2,2.3,5.7847,"10","41"
"2",2013,"CNJ02_1_16","R8C7",19.39,15.45,1.9615,24.2,4,2.125,3.5222,"8","7"
"2",2013,"CNJ02_1_17","R8C8",20.59,17.7,2.6499,27.8,5.22222222222222,1.22222222222222,3.02,"8","8"
"2",2013,"CNJ02_1_18","R8C9",16.93,15.79,1.72,26,4.11111111111111,1,2.189,"8","9"
"2",2013,"CNJ02_1_19","R8C10",16.61,16.28,1.7289,17.1,4.85714285714286,1.71428571428571,3.1031,"8","10"
"2",2013,"CNJ02_1_2","R7C47",22.97,17.25,2.7392,17.6,4.22222222222222,2.44444444444444,5.7962,"7","47"
"2",2013,"CNJ02_1_20","R8C11",19.04,15.16,1.771,24.8,4.71428571428571,2.28571428571429,4.7879,"8","11"
"2",2013,"CNJ02_1_21","R8C12",19.3,15.28,1.7923,22.9,5,1.875,2.8564,"8","12"
"2",2013,"CNJ02_1_22","R8C13",20.0555555555556,15.9222222222222,1.79377777777778,10.8888888888889,3.22222222222222,1.55555555555556,2.46244444444444,"8","13"
"2",2013,"CNJ02_1_23","R8C14",21.75,16.35,2.6332,21.1,3.4,2,4.8599,"8","14"
"2",2013,"CNJ02_1_24","R8C15",21.45,14.75,1.7018,13.9,4.11111111111111,1.44444444444444,2.4003,"8","15"
"2",2013,"CNJ02_1_25","R8C16",21.12,16.01,2.2974,18.5,3.5,2.1,4.6872,"8","16"
"2",2013,"CNJ02_1_26","R8C17",16.84,15.35,1.704,16.2,3.7,2.5,4.095,"8","17"
"2",2013,"CNJ02_1_27","R8C18",21.42,16.42,2.374,17.9,4.4,1.9,4.2708,"8","18"
"2",2013,"CNJ02_1_28","R8C19",19.22,15.43,1.9009,22,5.11111111111111,2.44444444444444,3.7776,"8","19"
"2",2013,"CNJ02_1_29","R8C20",19.01,15.93,1.927,19,3.77777777777778,1.44444444444444,2.608,"8","20"
"2",2013,"CNJ02_1_3","R7C48",22.22,15.87,2.2362,21.2,4.1,2.1,4.1266,"7","48"
"2",2013,"CNJ02_1_30","R8C21",20.33,15.24,1.9029,12.6,4.5,1.5,2.6499,"8","21"
"2",2013,"CNJ02_1_31","R8C22",21.33,17.16,2.4754,19.6,3.6,1.8,4.1148,"8","22"
"2",2013,"CNJ02_1_32","R8C23",22.73,17.36,2.5418,22.3,4,1.9,4.4993,"8","23"
"2",2013,"CNJ02_1_33","R8C24",21.56,16.8,2.4239,21.3,3.77777777777778,1.77777777777778,4.2564,"8","24"
"2",2013,"CNJ02_1_34","R8C25",20.84,16.61,2.2859,23.5,3.8,1.7,3.6954,"8","25"
"2",2013,"CNJ02_1_35","R8C26",19.89,15.5,2.0691,16.5,4.6,1.4,3.0358,"8","26"
"2",2013,"CNJ02_1_36","R8C27",20.3,17.2,2.21066666666667,19.6666666666667,4.8,2.3,4.4104,"8","27"
"2",2013,"CNJ02_1_37","R8C28",22.67,17.61,2.7325,20.2,3.1,2,4.7949,"8","28"
"2",2013,"CNJ02_1_38","R8C29",20.08,16.75,2.218,22,4.44444444444444,1.77777777777778,3.743,"8","29"
"2",2013,"CNJ02_1_39","R8C30",21.98,17.81,2.7372,23.6,4.1,2.6,6.3599,"8","30"
"2",2013,"CNJ02_1_4","R7C49",21.08,17.48,2.6081,18.7,4.7,2.2,5.1259,"7","49"
"2",2013,"CNJ02_1_40","R8C31",19.01,15.9,2.1678,13.2,4.9,2.3,3.5469,"8","31"
"2",2013,"CNJ02_1_41","R8C32",22.8444444444444,18.27,2.88388888888889,25.8,4.6,2.6,5.9604,"8","32"
"2",2013,"CNJ02_1_42","R8C33",18.82,16.84,2.293,20.2,3.22222222222222,2.22222222222222,4.442,"8","33"
"2",2013,"CNJ02_1_43","R8C34",20.61,14.8,1.981,10.8,4.6,2.1,3.584,"8","34"
"2",2013,"CNJ02_1_44","R8C35",21.23,16.39,2.368,20.8,3.7,2.1,4.262,"8","35"
"2",2013,"CNJ02_1_45","R8C36",20.4,16.3,2.1872,12.3,4.11111111111111,2.55555555555556,4.6987,"8","36"
"2",2013,"CNJ02_1_46","R8C37",20.31,18.24,2.7021,24.3,3.9,1.9,4.4001,"8","37"
"2",2013,"CNJ02_1_47","R8C38",20.27,16.59,2.158,26.4,4.77777777777778,2.66666666666667,4.9566,"8","38"
"2",2013,"CNJ02_1_48","R8C39",23.22,16.91,2.62355555555556,18.5714285714286,3.44444444444444,2.22222222222222,5.8941,"8","39"
"2",2013,"CNJ02_1_49","R8C40",19.62,15.37,1.8248,22.8,4.5,1.7,3.0158,"8","40"
"2",2013,"CNJ02_1_5","R7C50",23.6888888888889,18.4888888888889,2.2345,13.5,4,1.75,4.5909,"7","50"
"2",2013,"CNJ02_1_50","R8C41",19.38,16.96,2.2524,21.9,3.33333333333333,1.22222222222222,3.2571,"8","41"
"2",2013,"CNJ02_1_51","R8C42",23.02,17.5,2.8295,20.1,4.4,2.3,5.7369,"8","42"
"2",2013,"CNJ02_1_52","R8C43",19.25,16.68,2.0829,16.6,3.66666666666667,1.77777777777778,3.7192,"8","43"
"2",2013,"CNJ02_1_53","R8C44",20.41,17.18,2.3289,20.9,4.6,1.8,4.2419,"8","44"
"2",2013,"CNJ02_1_54","R8C45",18.82,15.84,1.8583,15.4,5.6,2.9,4.3115,"8","45"
"2",2013,"CNJ02_1_55","R8C46",26.02,17.9,3.1362,22.8,3.3,1.7,4.6499,"8","46"
"2",2013,"CNJ02_1_56","R8C47",21.66,18.46,2.9729,22.6,2.8,2,5.6547,"8","47"
"2",2013,"CNJ02_1_57","R8C48",24.5,17.23,2.8495,16.9,4.6,2.3,6.1312,"8","48"
"2",2013,"CNJ02_1_58","R8C49",24,17.7909090909091,3.03845454545455,23.7272727272727,4.45454545454545,1.72727272727273,5.18845454545455,"8","49"
"2",2013,"CNJ02_1_59","R8C50",19.11,16.78,1.997,15.6,5.6,2.9,5.016,"8","50"
"2",2013,"CNJ02_1_6","R7C51",22.6,18.44,2.8068,27.7,5.6,2.6,6.3199,"7","51"
"2",2013,"CNJ02_1_60","R8C51",23.22,17.31,2.6828,19.1,3.7,1.7,4.3521,"8","51"
"2",2013,"CNJ02_1_61","R8C52",21.89,16.25,2.4805,23.6,4.1,1.9,4.339,"8","52"
"2",2013,"CNJ02_1_62","R8C53",21.76,17.41,2.6193,24.2,3.8,2.6,6.2255,"8","53"
"2",2013,"CNJ02_1_63","R8C54",20.2,17.14,2.6169,22.6,4.5,1.9,4.3015,"8","54"
"2",2013,"CNJ02_1_64","R9C1",15.32,13.33,1.1106,13.4,3.8,1.9,1.7982,"9","1"
"2",2013,"CNJ02_1_65","R9C2",18.41,15.17,1.787,24.6,4.55555555555556,2,2.574,"9","2"
"2",2013,"CNJ02_1_66","R9C3",16.81,13.33,1.3353,16.4,3.4,1.7,2.0095,"9","3"
"2",2013,"CNJ02_1_67","R9C4",18.79,14.65,1.7076,15.5,3.8,2,3.083,"9","4"
"2",2013,"CNJ02_1_68","R9C5",18.84,16.76,2.2525,24.4,4,2.1,4.5297,"9","5"
"2",2013,"CNJ02_1_69","R9C6",21.25,16.15,2.1435,19.1,3.6,1.7,3.2978,"9","6"
"2",2013,"CNJ02_1_7","R7C52",19.98,17.25,2.3838,22.7,5.4,3,6.0712,"7","52"
"2",2013,"CNJ02_1_70","R9C7",19.15,16.92,2.172,30.9,3.6,1.9,3.73,"9","7"
"2",2013,"CNJ02_1_71","R9C8",18.92,15.25,1.806,17.6,3.9,1.4,2.41,"9","8"
"2",2013,"CNJ02_1_72","R9C9",21.45,15.68,2.091,18,3.9,1.8,3.609,"9","9"
"2",2013,"CNJ02_1_73","R9C10",16.04,13.05,1.1808,8,2.9,1.6,1.609,"9","10"
"2",2013,"CNJ02_1_74","R9C11",16.29,14.39,1.2728,24.2,5,2.2,2.2406,"9","11"
"2",2013,"CNJ02_1_75","R9C12",18.89,16.02,2.028,23.1,3.55555555555556,2,3.6979,"9","12"
"2",2013,"CNJ02_1_76","R9C13",19.65,16.86,2.1502,26.6,5.11111111111111,1.77777777777778,3.6252,"9","13"
"2",2013,"CNJ02_1_77","R9C14",23.44,16.86,2.5468,25.4,3.3,1.7,3.8222,"9","14"
"2",2013,"CNJ02_1_78","R9C15",19.26,14.93,1.8315,12.9,4.3,2.1,3.3543,"9","15"
"2",2013,"CNJ02_1_79","R9C16",18.51,16.25,2.1477,16.7,4.55555555555556,2,3.8882,"9","16"
"2",2013,"CNJ02_1_8","R7C53",19.51,16.55,2.2366,19.8,5.8,2.7,4.9844,"7","53"
"2",2013,"CNJ02_1_80","R9C17",20.68,18.86,2.9385,23.4,4.4,2.7,6.969,"9","17"
"2",2013,"CNJ02_1_81","R9C18",21.8444444444444,17.5222222222222,2.63311111111111,19,3.875,2.625,6.19377777777778,"9","18"
"2",2013,"CNJ02_1_82","R9C19",24.02,17.22,2.988,20.6,3.9,2.7,7.033,"9","19"
"2",2013,"CNJ02_1_83","R9C20",21.21,16.96,2.355,18.1,3.11111111111111,1.88888888888889,4.635,"9","20"
"2",2013,"CNJ02_1_84","R9C21",21.8,16.58,2.207,19.5,3.7,1.6,3.7,"9","21"
"2",2013,"CNJ02_1_85","R9C22",20.87,15.33,1.965,19.9,5,1.7,3.111,"9","22"
"2",2013,"CNJ02_1_86","R9C23",22.09,14.96,2.1139,16,4.4,2.3,4.5086,"9","23"
"2",2013,"CNJ02_1_87","R9C24",22.61,16.09,2.3708,22.9,4.375,2.5,5.3588,"9","24"
"2",2013,"CNJ02_1_88","R9C25",22.56,17.21,2.689,18.3,4.7,1.6,4.089,"9","25"
"2",2013,"CNJ02_1_89","R9C26",21.43,14.84,1.933,13.1,4.3,1.5,2.677,"9","26"
"2",2013,"CNJ02_1_9","R7C54",24.9333333333333,17.81,3.05177777777778,21.5,4.44444444444444,2,6.0786,"7","54"
"2",2013,"CNJ02_1_90","R9C27",22.4,15.92,2.287,17.7,4.4,2.1,4.091,"9","27"
"2",2013,"CNJ02_1_91","R9C28",22.87,17.45,2.583,19.1,2.77777777777778,1.77777777777778,4.535,"9","28"
"2",2013,"CNJ02_1_92","R9C29",20.0555555555556,15.9333333333333,2.06244444444444,14.3333333333333,5.5,1.8,3.4076,"9","29"
"2",2013,"CNJ02_1_93","R9C30",19.95,16.7,2.2552,21.8,4.2,2.6,5.4366,"9","30"
"2",2013,"CNJ02_1_94","R9C31",21.77,17.44,2.4725,18.4,5.4,2.8,6.0628,"9","31"
"2",2013,"CNJ02_1_95","R9C32",20.51,15.74,2.081,15.6,3.9,1.8,3.3785,"9","32"
"2",2013,"CNJ02_1_96","R9C33",20.23,16.35,2.121,16.5,5.3,2.3,4.29,"9","33"
"2",2013,"CNJ02_1_97","R9C34",19.88,16.65,2.189,17.4,3.11111111111111,1.77777777777778,3.994,"9","34"
"2",2013,"CNJ02_1_98","R9C35",23.27,15.56,2.2253,14.8,3.8,1.8,4.078,"9","35"
"2",2013,"CNJ02_1_99","R9C36",20.3,16.26,2.245,26.8,4.4,1.6,3.406,"9","36"
